
> frontend@0.1.1 start
> react-scripts start

(node:31180) [DEP_WEBPACK_DEV_SERVER_ON_AFTER_SETUP_MIDDLEWARE] DeprecationWarning: 'onAfterSetupMiddleware' option is deprecated. Please use the 'setupMiddlewares' option.
(Use `node --trace-deprecation ...` to show where the warning was created)
(node:31180) [DEP_WEBPACK_DEV_SERVER_ON_BEFORE_SETUP_MIDDLEWARE] DeprecationWarning: 'onBeforeSetupMiddleware' option is deprecated. Please use the 'setupMiddlewares' option.
Starting the development server...

Compiled with warnings.

Warning
(160:5) autoprefixer: Replace fill-available to stretch, because spec had been changed

Warning
(166:5) autoprefixer: Replace fill-available to stretch, because spec had been changed

Search for the keywords to learn more about each warning.
To ignore, add // eslint-disable-next-line to the line before.

WARNING in ./src/index.css (./node_modules/css-loader/dist/cjs.js??ruleSet[1].rules[1].oneOf[5].use[1]!./node_modules/postcss-loader/dist/cjs.js??ruleSet[1].rules[1].oneOf[5].use[2]!./node_modules/source-map-loader/dist/cjs.js!./src/index.css)
Module Warning (from ./node_modules/postcss-loader/dist/cjs.js):
Warning

(160:5) autoprefixer: Replace fill-available to stretch, because spec had been changed

WARNING in ./src/index.css (./node_modules/css-loader/dist/cjs.js??ruleSet[1].rules[1].oneOf[5].use[1]!./node_modules/postcss-loader/dist/cjs.js??ruleSet[1].rules[1].oneOf[5].use[2]!./node_modules/source-map-loader/dist/cjs.js!./src/index.css)
Module Warning (from ./node_modules/postcss-loader/dist/cjs.js):
Warning

(166:5) autoprefixer: Replace fill-available to stretch, because spec had been changed

webpack compiled with 2 warnings
No issues found.
Compiling...
Compiled with warnings.

Warning
(160:5) autoprefixer: Replace fill-available to stretch, because spec had been changed

Warning
(166:5) autoprefixer: Replace fill-available to stretch, because spec had been changed

Search for the keywords to learn more about each warning.
To ignore, add // eslint-disable-next-line to the line before.

WARNING in ./src/index.css (./node_modules/css-loader/dist/cjs.js??ruleSet[1].rules[1].oneOf[5].use[1]!./node_modules/postcss-loader/dist/cjs.js??ruleSet[1].rules[1].oneOf[5].use[2]!./node_modules/source-map-loader/dist/cjs.js!./src/index.css)
Module Warning (from ./node_modules/postcss-loader/dist/cjs.js):
Warning

(160:5) autoprefixer: Replace fill-available to stretch, because spec had been changed

WARNING in ./src/index.css (./node_modules/css-loader/dist/cjs.js??ruleSet[1].rules[1].oneOf[5].use[1]!./node_modules/postcss-loader/dist/cjs.js??ruleSet[1].rules[1].oneOf[5].use[2]!./node_modules/source-map-loader/dist/cjs.js!./src/index.css)
Module Warning (from ./node_modules/postcss-loader/dist/cjs.js):
Warning

(166:5) autoprefixer: Replace fill-available to stretch, because spec had been changed

webpack compiled with 2 warnings
No issues found.
Compiling...
Compiled with warnings.

Warning
(160:5) autoprefixer: Replace fill-available to stretch, because spec had been changed

Warning
(166:5) autoprefixer: Replace fill-available to stretch, because spec had been changed

Search for the keywords to learn more about each warning.
To ignore, add // eslint-disable-next-line to the line before.

WARNING in ./src/index.css (./node_modules/css-loader/dist/cjs.js??ruleSet[1].rules[1].oneOf[5].use[1]!./node_modules/postcss-loader/dist/cjs.js??ruleSet[1].rules[1].oneOf[5].use[2]!./node_modules/source-map-loader/dist/cjs.js!./src/index.css)
Module Warning (from ./node_modules/postcss-loader/dist/cjs.js):
Warning

(160:5) autoprefixer: Replace fill-available to stretch, because spec had been changed

WARNING in ./src/index.css (./node_modules/css-loader/dist/cjs.js??ruleSet[1].rules[1].oneOf[5].use[1]!./node_modules/postcss-loader/dist/cjs.js??ruleSet[1].rules[1].oneOf[5].use[2]!./node_modules/source-map-loader/dist/cjs.js!./src/index.css)
Module Warning (from ./node_modules/postcss-loader/dist/cjs.js):
Warning

(166:5) autoprefixer: Replace fill-available to stretch, because spec had been changed

webpack compiled with 2 warnings
No issues found.
Compiling...
Compiled with warnings.

Warning
(160:5) autoprefixer: Replace fill-available to stretch, because spec had been changed

Warning
(166:5) autoprefixer: Replace fill-available to stretch, because spec had been changed

Search for the keywords to learn more about each warning.
To ignore, add // eslint-disable-next-line to the line before.

WARNING in ./src/index.css (./node_modules/css-loader/dist/cjs.js??ruleSet[1].rules[1].oneOf[5].use[1]!./node_modules/postcss-loader/dist/cjs.js??ruleSet[1].rules[1].oneOf[5].use[2]!./node_modules/source-map-loader/dist/cjs.js!./src/index.css)
Module Warning (from ./node_modules/postcss-loader/dist/cjs.js):
Warning

(160:5) autoprefixer: Replace fill-available to stretch, because spec had been changed

WARNING in ./src/index.css (./node_modules/css-loader/dist/cjs.js??ruleSet[1].rules[1].oneOf[5].use[1]!./node_modules/postcss-loader/dist/cjs.js??ruleSet[1].rules[1].oneOf[5].use[2]!./node_modules/source-map-loader/dist/cjs.js!./src/index.css)
Module Warning (from ./node_modules/postcss-loader/dist/cjs.js):
Warning

(166:5) autoprefixer: Replace fill-available to stretch, because spec had been changed

webpack compiled with 2 warnings
No issues found.
Compiling...
Compiled with warnings.

Warning
(160:5) autoprefixer: Replace fill-available to stretch, because spec had been changed

Warning
(166:5) autoprefixer: Replace fill-available to stretch, because spec had been changed

Search for the keywords to learn more about each warning.
To ignore, add // eslint-disable-next-line to the line before.

WARNING in ./src/index.css (./node_modules/css-loader/dist/cjs.js??ruleSet[1].rules[1].oneOf[5].use[1]!./node_modules/postcss-loader/dist/cjs.js??ruleSet[1].rules[1].oneOf[5].use[2]!./node_modules/source-map-loader/dist/cjs.js!./src/index.css)
Module Warning (from ./node_modules/postcss-loader/dist/cjs.js):
Warning

(160:5) autoprefixer: Replace fill-available to stretch, because spec had been changed

WARNING in ./src/index.css (./node_modules/css-loader/dist/cjs.js??ruleSet[1].rules[1].oneOf[5].use[1]!./node_modules/postcss-loader/dist/cjs.js??ruleSet[1].rules[1].oneOf[5].use[2]!./node_modules/source-map-loader/dist/cjs.js!./src/index.css)
Module Warning (from ./node_modules/postcss-loader/dist/cjs.js):
Warning

(166:5) autoprefixer: Replace fill-available to stretch, because spec had been changed

webpack compiled with 2 warnings
No issues found.
Compiling...
Compiled with warnings.

Warning
(160:5) autoprefixer: Replace fill-available to stretch, because spec had been changed

Warning
(166:5) autoprefixer: Replace fill-available to stretch, because spec had been changed

Search for the keywords to learn more about each warning.
To ignore, add // eslint-disable-next-line to the line before.

WARNING in ./src/index.css (./node_modules/css-loader/dist/cjs.js??ruleSet[1].rules[1].oneOf[5].use[1]!./node_modules/postcss-loader/dist/cjs.js??ruleSet[1].rules[1].oneOf[5].use[2]!./node_modules/source-map-loader/dist/cjs.js!./src/index.css)
Module Warning (from ./node_modules/postcss-loader/dist/cjs.js):
Warning

(160:5) autoprefixer: Replace fill-available to stretch, because spec had been changed

WARNING in ./src/index.css (./node_modules/css-loader/dist/cjs.js??ruleSet[1].rules[1].oneOf[5].use[1]!./node_modules/postcss-loader/dist/cjs.js??ruleSet[1].rules[1].oneOf[5].use[2]!./node_modules/source-map-loader/dist/cjs.js!./src/index.css)
Module Warning (from ./node_modules/postcss-loader/dist/cjs.js):
Warning

(166:5) autoprefixer: Replace fill-available to stretch, because spec had been changed

webpack compiled with 2 warnings
No issues found.
Compiling...
Compiled with warnings.

Warning
(160:5) autoprefixer: Replace fill-available to stretch, because spec had been changed

Warning
(166:5) autoprefixer: Replace fill-available to stretch, because spec had been changed

Search for the keywords to learn more about each warning.
To ignore, add // eslint-disable-next-line to the line before.

WARNING in ./src/index.css (./node_modules/css-loader/dist/cjs.js??ruleSet[1].rules[1].oneOf[5].use[1]!./node_modules/postcss-loader/dist/cjs.js??ruleSet[1].rules[1].oneOf[5].use[2]!./node_modules/source-map-loader/dist/cjs.js!./src/index.css)
Module Warning (from ./node_modules/postcss-loader/dist/cjs.js):
Warning

(160:5) autoprefixer: Replace fill-available to stretch, because spec had been changed

WARNING in ./src/index.css (./node_modules/css-loader/dist/cjs.js??ruleSet[1].rules[1].oneOf[5].use[1]!./node_modules/postcss-loader/dist/cjs.js??ruleSet[1].rules[1].oneOf[5].use[2]!./node_modules/source-map-loader/dist/cjs.js!./src/index.css)
Module Warning (from ./node_modules/postcss-loader/dist/cjs.js):
Warning

(166:5) autoprefixer: Replace fill-available to stretch, because spec had been changed

webpack compiled with 2 warnings
No issues found.
Compiling...
Compiled with warnings.

Warning
(160:5) autoprefixer: Replace fill-available to stretch, because spec had been changed

Warning
(166:5) autoprefixer: Replace fill-available to stretch, because spec had been changed

Search for the keywords to learn more about each warning.
To ignore, add // eslint-disable-next-line to the line before.

WARNING in ./src/index.css (./node_modules/css-loader/dist/cjs.js??ruleSet[1].rules[1].oneOf[5].use[1]!./node_modules/postcss-loader/dist/cjs.js??ruleSet[1].rules[1].oneOf[5].use[2]!./node_modules/source-map-loader/dist/cjs.js!./src/index.css)
Module Warning (from ./node_modules/postcss-loader/dist/cjs.js):
Warning

(160:5) autoprefixer: Replace fill-available to stretch, because spec had been changed

WARNING in ./src/index.css (./node_modules/css-loader/dist/cjs.js??ruleSet[1].rules[1].oneOf[5].use[1]!./node_modules/postcss-loader/dist/cjs.js??ruleSet[1].rules[1].oneOf[5].use[2]!./node_modules/source-map-loader/dist/cjs.js!./src/index.css)
Module Warning (from ./node_modules/postcss-loader/dist/cjs.js):
Warning

(166:5) autoprefixer: Replace fill-available to stretch, because spec had been changed

webpack compiled with 2 warnings
No issues found.
Compiling...
Compiled with warnings.

Warning
(160:5) autoprefixer: Replace fill-available to stretch, because spec had been changed

Warning
(166:5) autoprefixer: Replace fill-available to stretch, because spec had been changed

Search for the keywords to learn more about each warning.
To ignore, add // eslint-disable-next-line to the line before.

WARNING in ./src/index.css (./node_modules/css-loader/dist/cjs.js??ruleSet[1].rules[1].oneOf[5].use[1]!./node_modules/postcss-loader/dist/cjs.js??ruleSet[1].rules[1].oneOf[5].use[2]!./node_modules/source-map-loader/dist/cjs.js!./src/index.css)
Module Warning (from ./node_modules/postcss-loader/dist/cjs.js):
Warning

(160:5) autoprefixer: Replace fill-available to stretch, because spec had been changed

WARNING in ./src/index.css (./node_modules/css-loader/dist/cjs.js??ruleSet[1].rules[1].oneOf[5].use[1]!./node_modules/postcss-loader/dist/cjs.js??ruleSet[1].rules[1].oneOf[5].use[2]!./node_modules/source-map-loader/dist/cjs.js!./src/index.css)
Module Warning (from ./node_modules/postcss-loader/dist/cjs.js):
Warning

(166:5) autoprefixer: Replace fill-available to stretch, because spec had been changed

webpack compiled with 2 warnings
No issues found.
Compiling...
Compiled with warnings.

Warning
(160:5) autoprefixer: Replace fill-available to stretch, because spec had been changed

Warning
(166:5) autoprefixer: Replace fill-available to stretch, because spec had been changed

Search for the keywords to learn more about each warning.
To ignore, add // eslint-disable-next-line to the line before.

WARNING in ./src/index.css (./node_modules/css-loader/dist/cjs.js??ruleSet[1].rules[1].oneOf[5].use[1]!./node_modules/postcss-loader/dist/cjs.js??ruleSet[1].rules[1].oneOf[5].use[2]!./node_modules/source-map-loader/dist/cjs.js!./src/index.css)
Module Warning (from ./node_modules/postcss-loader/dist/cjs.js):
Warning

(160:5) autoprefixer: Replace fill-available to stretch, because spec had been changed

WARNING in ./src/index.css (./node_modules/css-loader/dist/cjs.js??ruleSet[1].rules[1].oneOf[5].use[1]!./node_modules/postcss-loader/dist/cjs.js??ruleSet[1].rules[1].oneOf[5].use[2]!./node_modules/source-map-loader/dist/cjs.js!./src/index.css)
Module Warning (from ./node_modules/postcss-loader/dist/cjs.js):
Warning

(166:5) autoprefixer: Replace fill-available to stretch, because spec had been changed

webpack compiled with 2 warnings
No issues found.
Compiling...
Compiled with warnings.

Warning
(160:5) autoprefixer: Replace fill-available to stretch, because spec had been changed

Warning
(166:5) autoprefixer: Replace fill-available to stretch, because spec had been changed

Search for the keywords to learn more about each warning.
To ignore, add // eslint-disable-next-line to the line before.

WARNING in ./src/index.css (./node_modules/css-loader/dist/cjs.js??ruleSet[1].rules[1].oneOf[5].use[1]!./node_modules/postcss-loader/dist/cjs.js??ruleSet[1].rules[1].oneOf[5].use[2]!./node_modules/source-map-loader/dist/cjs.js!./src/index.css)
Module Warning (from ./node_modules/postcss-loader/dist/cjs.js):
Warning

(160:5) autoprefixer: Replace fill-available to stretch, because spec had been changed

WARNING in ./src/index.css (./node_modules/css-loader/dist/cjs.js??ruleSet[1].rules[1].oneOf[5].use[1]!./node_modules/postcss-loader/dist/cjs.js??ruleSet[1].rules[1].oneOf[5].use[2]!./node_modules/source-map-loader/dist/cjs.js!./src/index.css)
Module Warning (from ./node_modules/postcss-loader/dist/cjs.js):
Warning

(166:5) autoprefixer: Replace fill-available to stretch, because spec had been changed

webpack compiled with 2 warnings
No issues found.
Compiling...
Compiled with warnings.

Warning
(160:5) autoprefixer: Replace fill-available to stretch, because spec had been changed

Warning
(166:5) autoprefixer: Replace fill-available to stretch, because spec had been changed

Search for the keywords to learn more about each warning.
To ignore, add // eslint-disable-next-line to the line before.

WARNING in ./src/index.css (./node_modules/css-loader/dist/cjs.js??ruleSet[1].rules[1].oneOf[5].use[1]!./node_modules/postcss-loader/dist/cjs.js??ruleSet[1].rules[1].oneOf[5].use[2]!./node_modules/source-map-loader/dist/cjs.js!./src/index.css)
Module Warning (from ./node_modules/postcss-loader/dist/cjs.js):
Warning

(160:5) autoprefixer: Replace fill-available to stretch, because spec had been changed

WARNING in ./src/index.css (./node_modules/css-loader/dist/cjs.js??ruleSet[1].rules[1].oneOf[5].use[1]!./node_modules/postcss-loader/dist/cjs.js??ruleSet[1].rules[1].oneOf[5].use[2]!./node_modules/source-map-loader/dist/cjs.js!./src/index.css)
Module Warning (from ./node_modules/postcss-loader/dist/cjs.js):
Warning

(166:5) autoprefixer: Replace fill-available to stretch, because spec had been changed

webpack compiled with 2 warnings
No issues found.
Compiling...
Compiled with warnings.

Warning
(160:5) autoprefixer: Replace fill-available to stretch, because spec had been changed

Warning
(166:5) autoprefixer: Replace fill-available to stretch, because spec had been changed

Search for the keywords to learn more about each warning.
To ignore, add // eslint-disable-next-line to the line before.

WARNING in ./src/index.css (./node_modules/css-loader/dist/cjs.js??ruleSet[1].rules[1].oneOf[5].use[1]!./node_modules/postcss-loader/dist/cjs.js??ruleSet[1].rules[1].oneOf[5].use[2]!./node_modules/source-map-loader/dist/cjs.js!./src/index.css)
Module Warning (from ./node_modules/postcss-loader/dist/cjs.js):
Warning

(160:5) autoprefixer: Replace fill-available to stretch, because spec had been changed

WARNING in ./src/index.css (./node_modules/css-loader/dist/cjs.js??ruleSet[1].rules[1].oneOf[5].use[1]!./node_modules/postcss-loader/dist/cjs.js??ruleSet[1].rules[1].oneOf[5].use[2]!./node_modules/source-map-loader/dist/cjs.js!./src/index.css)
Module Warning (from ./node_modules/postcss-loader/dist/cjs.js):
Warning

(166:5) autoprefixer: Replace fill-available to stretch, because spec had been changed

webpack compiled with 2 warnings
No issues found.
Compiling...
Compiled with warnings.

Warning
(160:5) autoprefixer: Replace fill-available to stretch, because spec had been changed

Warning
(166:5) autoprefixer: Replace fill-available to stretch, because spec had been changed

Search for the keywords to learn more about each warning.
To ignore, add // eslint-disable-next-line to the line before.

WARNING in ./src/index.css (./node_modules/css-loader/dist/cjs.js??ruleSet[1].rules[1].oneOf[5].use[1]!./node_modules/postcss-loader/dist/cjs.js??ruleSet[1].rules[1].oneOf[5].use[2]!./node_modules/source-map-loader/dist/cjs.js!./src/index.css)
Module Warning (from ./node_modules/postcss-loader/dist/cjs.js):
Warning

(160:5) autoprefixer: Replace fill-available to stretch, because spec had been changed

WARNING in ./src/index.css (./node_modules/css-loader/dist/cjs.js??ruleSet[1].rules[1].oneOf[5].use[1]!./node_modules/postcss-loader/dist/cjs.js??ruleSet[1].rules[1].oneOf[5].use[2]!./node_modules/source-map-loader/dist/cjs.js!./src/index.css)
Module Warning (from ./node_modules/postcss-loader/dist/cjs.js):
Warning

(166:5) autoprefixer: Replace fill-available to stretch, because spec had been changed

webpack compiled with 2 warnings
No issues found.
Compiling...
Compiled with warnings.

Warning
(160:5) autoprefixer: Replace fill-available to stretch, because spec had been changed

Warning
(166:5) autoprefixer: Replace fill-available to stretch, because spec had been changed

Search for the keywords to learn more about each warning.
To ignore, add // eslint-disable-next-line to the line before.

WARNING in ./src/index.css (./node_modules/css-loader/dist/cjs.js??ruleSet[1].rules[1].oneOf[5].use[1]!./node_modules/postcss-loader/dist/cjs.js??ruleSet[1].rules[1].oneOf[5].use[2]!./node_modules/source-map-loader/dist/cjs.js!./src/index.css)
Module Warning (from ./node_modules/postcss-loader/dist/cjs.js):
Warning

(160:5) autoprefixer: Replace fill-available to stretch, because spec had been changed

WARNING in ./src/index.css (./node_modules/css-loader/dist/cjs.js??ruleSet[1].rules[1].oneOf[5].use[1]!./node_modules/postcss-loader/dist/cjs.js??ruleSet[1].rules[1].oneOf[5].use[2]!./node_modules/source-map-loader/dist/cjs.js!./src/index.css)
Module Warning (from ./node_modules/postcss-loader/dist/cjs.js):
Warning

(166:5) autoprefixer: Replace fill-available to stretch, because spec had been changed

webpack compiled with 2 warnings
No issues found.
Compiling...
Compiled with warnings.

Warning
(160:5) autoprefixer: Replace fill-available to stretch, because spec had been changed

Warning
(166:5) autoprefixer: Replace fill-available to stretch, because spec had been changed

Search for the keywords to learn more about each warning.
To ignore, add // eslint-disable-next-line to the line before.

WARNING in ./src/index.css (./node_modules/css-loader/dist/cjs.js??ruleSet[1].rules[1].oneOf[5].use[1]!./node_modules/postcss-loader/dist/cjs.js??ruleSet[1].rules[1].oneOf[5].use[2]!./node_modules/source-map-loader/dist/cjs.js!./src/index.css)
Module Warning (from ./node_modules/postcss-loader/dist/cjs.js):
Warning

(160:5) autoprefixer: Replace fill-available to stretch, because spec had been changed

WARNING in ./src/index.css (./node_modules/css-loader/dist/cjs.js??ruleSet[1].rules[1].oneOf[5].use[1]!./node_modules/postcss-loader/dist/cjs.js??ruleSet[1].rules[1].oneOf[5].use[2]!./node_modules/source-map-loader/dist/cjs.js!./src/index.css)
Module Warning (from ./node_modules/postcss-loader/dist/cjs.js):
Warning

(166:5) autoprefixer: Replace fill-available to stretch, because spec had been changed

webpack compiled with 2 warnings
No issues found.
Compiling...
Compiled with warnings.

Warning
(160:5) autoprefixer: Replace fill-available to stretch, because spec had been changed

Warning
(166:5) autoprefixer: Replace fill-available to stretch, because spec had been changed

Search for the keywords to learn more about each warning.
To ignore, add // eslint-disable-next-line to the line before.

WARNING in ./src/index.css (./node_modules/css-loader/dist/cjs.js??ruleSet[1].rules[1].oneOf[5].use[1]!./node_modules/postcss-loader/dist/cjs.js??ruleSet[1].rules[1].oneOf[5].use[2]!./node_modules/source-map-loader/dist/cjs.js!./src/index.css)
Module Warning (from ./node_modules/postcss-loader/dist/cjs.js):
Warning

(160:5) autoprefixer: Replace fill-available to stretch, because spec had been changed

WARNING in ./src/index.css (./node_modules/css-loader/dist/cjs.js??ruleSet[1].rules[1].oneOf[5].use[1]!./node_modules/postcss-loader/dist/cjs.js??ruleSet[1].rules[1].oneOf[5].use[2]!./node_modules/source-map-loader/dist/cjs.js!./src/index.css)
Module Warning (from ./node_modules/postcss-loader/dist/cjs.js):
Warning

(166:5) autoprefixer: Replace fill-available to stretch, because spec had been changed

webpack compiled with 2 warnings
No issues found.
Compiling...
Compiled with warnings.

Warning
(160:5) autoprefixer: Replace fill-available to stretch, because spec had been changed

Warning
(166:5) autoprefixer: Replace fill-available to stretch, because spec had been changed

Search for the keywords to learn more about each warning.
To ignore, add // eslint-disable-next-line to the line before.

WARNING in ./src/index.css (./node_modules/css-loader/dist/cjs.js??ruleSet[1].rules[1].oneOf[5].use[1]!./node_modules/postcss-loader/dist/cjs.js??ruleSet[1].rules[1].oneOf[5].use[2]!./node_modules/source-map-loader/dist/cjs.js!./src/index.css)
Module Warning (from ./node_modules/postcss-loader/dist/cjs.js):
Warning

(160:5) autoprefixer: Replace fill-available to stretch, because spec had been changed

WARNING in ./src/index.css (./node_modules/css-loader/dist/cjs.js??ruleSet[1].rules[1].oneOf[5].use[1]!./node_modules/postcss-loader/dist/cjs.js??ruleSet[1].rules[1].oneOf[5].use[2]!./node_modules/source-map-loader/dist/cjs.js!./src/index.css)
Module Warning (from ./node_modules/postcss-loader/dist/cjs.js):
Warning

(166:5) autoprefixer: Replace fill-available to stretch, because spec had been changed

webpack compiled with 2 warnings
No issues found.
Compiling...
Compiled with warnings.

Warning
(160:5) autoprefixer: Replace fill-available to stretch, because spec had been changed

Warning
(166:5) autoprefixer: Replace fill-available to stretch, because spec had been changed

Search for the keywords to learn more about each warning.
To ignore, add // eslint-disable-next-line to the line before.

WARNING in ./src/index.css (./node_modules/css-loader/dist/cjs.js??ruleSet[1].rules[1].oneOf[5].use[1]!./node_modules/postcss-loader/dist/cjs.js??ruleSet[1].rules[1].oneOf[5].use[2]!./node_modules/source-map-loader/dist/cjs.js!./src/index.css)
Module Warning (from ./node_modules/postcss-loader/dist/cjs.js):
Warning

(160:5) autoprefixer: Replace fill-available to stretch, because spec had been changed

WARNING in ./src/index.css (./node_modules/css-loader/dist/cjs.js??ruleSet[1].rules[1].oneOf[5].use[1]!./node_modules/postcss-loader/dist/cjs.js??ruleSet[1].rules[1].oneOf[5].use[2]!./node_modules/source-map-loader/dist/cjs.js!./src/index.css)
Module Warning (from ./node_modules/postcss-loader/dist/cjs.js):
Warning

(166:5) autoprefixer: Replace fill-available to stretch, because spec had been changed

webpack compiled with 2 warnings
No issues found.
Compiling...
Failed to compile.

[eslint] 
src/pages/UserProfile.tsx
  Line 455:32:  'Linkedin' is not defined  react/jsx-no-undef
  Line 463:32:  'Github' is not defined    react/jsx-no-undef
  Line 471:32:  'Twitter' is not defined   react/jsx-no-undef

Search for the keywords to learn more about each error.
WARNING in ./src/index.css (./node_modules/css-loader/dist/cjs.js??ruleSet[1].rules[1].oneOf[5].use[1]!./node_modules/postcss-loader/dist/cjs.js??ruleSet[1].rules[1].oneOf[5].use[2]!./node_modules/source-map-loader/dist/cjs.js!./src/index.css)
Module Warning (from ./node_modules/postcss-loader/dist/cjs.js):
Warning

(160:5) autoprefixer: Replace fill-available to stretch, because spec had been changed

WARNING in ./src/index.css (./node_modules/css-loader/dist/cjs.js??ruleSet[1].rules[1].oneOf[5].use[1]!./node_modules/postcss-loader/dist/cjs.js??ruleSet[1].rules[1].oneOf[5].use[2]!./node_modules/source-map-loader/dist/cjs.js!./src/index.css)
Module Warning (from ./node_modules/postcss-loader/dist/cjs.js):
Warning

(166:5) autoprefixer: Replace fill-available to stretch, because spec had been changed

WARNING in [eslint] 
src/pages/UserProfile.tsx
  Line 11:3:  'LinkedinIcon' is defined but never used  @typescript-eslint/no-unused-vars
  Line 12:3:  'GithubIcon' is defined but never used    @typescript-eslint/no-unused-vars
  Line 13:3:  'TwitterIcon' is defined but never used   @typescript-eslint/no-unused-vars

ERROR in [eslint] 
src/pages/UserProfile.tsx
  Line 455:32:  'Linkedin' is not defined  react/jsx-no-undef
  Line 463:32:  'Github' is not defined    react/jsx-no-undef
  Line 471:32:  'Twitter' is not defined   react/jsx-no-undef

Search for the keywords to learn more about each error.

webpack compiled with 1 error and 3 warnings
ERROR in src/pages/UserProfile.tsx:455:32
TS2304: Cannot find name 'Linkedin'.
    453 |                           {currentUser.linkedin && (
    454 |                             <div className="flex items-center gap-3">
  > 455 |                               <Linkedin size={18} />
        |                                ^^^^^^^^
    456 |                               <a href={`https://${currentUser.linkedin}`} target="_blank" rel="noopener noreferrer" className="text-twitter-blue hover:underline">
    457 |                                 LinkedIn Profile
    458 |                               </a>

ERROR in src/pages/UserProfile.tsx:463:32
TS2304: Cannot find name 'Github'.
    461 |                           {currentUser.github && (
    462 |                             <div className="flex items-center gap-3">
  > 463 |                               <Github size={18} />
        |                                ^^^^^^
    464 |                               <a href={`https://${currentUser.github}`} target="_blank" rel="noopener noreferrer" className="text-twitter-blue hover:underline">
    465 |                                 GitHub Profile
    466 |                               </a>

ERROR in src/pages/UserProfile.tsx:471:32
TS2304: Cannot find name 'Twitter'.
    469 |                           {currentUser.twitter && (
    470 |                             <div className="flex items-center gap-3">
  > 471 |                               <Twitter size={18} />
        |                                ^^^^^^^
    472 |                               <a href={`https://twitter.com/${currentUser.twitter.replace('@', '')}`} target="_blank" rel="noopener noreferrer" className="text-twitter-blue hover:underline">
    473 |                                 {currentUser.twitter}
    474 |                               </a>

Compiling...
Compiled with warnings.

Warning
(160:5) autoprefixer: Replace fill-available to stretch, because spec had been changed

Warning
(166:5) autoprefixer: Replace fill-available to stretch, because spec had been changed

Search for the keywords to learn more about each warning.
To ignore, add // eslint-disable-next-line to the line before.

WARNING in ./src/index.css (./node_modules/css-loader/dist/cjs.js??ruleSet[1].rules[1].oneOf[5].use[1]!./node_modules/postcss-loader/dist/cjs.js??ruleSet[1].rules[1].oneOf[5].use[2]!./node_modules/source-map-loader/dist/cjs.js!./src/index.css)
Module Warning (from ./node_modules/postcss-loader/dist/cjs.js):
Warning

(160:5) autoprefixer: Replace fill-available to stretch, because spec had been changed

WARNING in ./src/index.css (./node_modules/css-loader/dist/cjs.js??ruleSet[1].rules[1].oneOf[5].use[1]!./node_modules/postcss-loader/dist/cjs.js??ruleSet[1].rules[1].oneOf[5].use[2]!./node_modules/source-map-loader/dist/cjs.js!./src/index.css)
Module Warning (from ./node_modules/postcss-loader/dist/cjs.js):
Warning

(166:5) autoprefixer: Replace fill-available to stretch, because spec had been changed

webpack compiled with 2 warnings
No issues found.
Compiling...
Compiled with warnings.

Warning
(160:5) autoprefixer: Replace fill-available to stretch, because spec had been changed

Warning
(166:5) autoprefixer: Replace fill-available to stretch, because spec had been changed

Search for the keywords to learn more about each warning.
To ignore, add // eslint-disable-next-line to the line before.

WARNING in ./src/index.css (./node_modules/css-loader/dist/cjs.js??ruleSet[1].rules[1].oneOf[5].use[1]!./node_modules/postcss-loader/dist/cjs.js??ruleSet[1].rules[1].oneOf[5].use[2]!./node_modules/source-map-loader/dist/cjs.js!./src/index.css)
Module Warning (from ./node_modules/postcss-loader/dist/cjs.js):
Warning

(160:5) autoprefixer: Replace fill-available to stretch, because spec had been changed

WARNING in ./src/index.css (./node_modules/css-loader/dist/cjs.js??ruleSet[1].rules[1].oneOf[5].use[1]!./node_modules/postcss-loader/dist/cjs.js??ruleSet[1].rules[1].oneOf[5].use[2]!./node_modules/source-map-loader/dist/cjs.js!./src/index.css)
Module Warning (from ./node_modules/postcss-loader/dist/cjs.js):
Warning

(166:5) autoprefixer: Replace fill-available to stretch, because spec had been changed

webpack compiled with 2 warnings
Files successfully emitted, waiting for typecheck results...
Issues checking in progress...
No issues found.
Compiling...
Compiled with warnings.

Warning
(160:5) autoprefixer: Replace fill-available to stretch, because spec had been changed

Warning
(166:5) autoprefixer: Replace fill-available to stretch, because spec had been changed

[eslint] 
src/pages/UserProfile.tsx
  Line 1:38:  'useRef' is defined but never used  @typescript-eslint/no-unused-vars

Search for the keywords to learn more about each warning.
To ignore, add // eslint-disable-next-line to the line before.

WARNING in ./src/index.css (./node_modules/css-loader/dist/cjs.js??ruleSet[1].rules[1].oneOf[5].use[1]!./node_modules/postcss-loader/dist/cjs.js??ruleSet[1].rules[1].oneOf[5].use[2]!./node_modules/source-map-loader/dist/cjs.js!./src/index.css)
Module Warning (from ./node_modules/postcss-loader/dist/cjs.js):
Warning

(160:5) autoprefixer: Replace fill-available to stretch, because spec had been changed

WARNING in ./src/index.css (./node_modules/css-loader/dist/cjs.js??ruleSet[1].rules[1].oneOf[5].use[1]!./node_modules/postcss-loader/dist/cjs.js??ruleSet[1].rules[1].oneOf[5].use[2]!./node_modules/source-map-loader/dist/cjs.js!./src/index.css)
Module Warning (from ./node_modules/postcss-loader/dist/cjs.js):
Warning

(166:5) autoprefixer: Replace fill-available to stretch, because spec had been changed

WARNING in [eslint] 
src/pages/UserProfile.tsx
  Line 1:38:  'useRef' is defined but never used  @typescript-eslint/no-unused-vars

webpack compiled with 3 warnings
No issues found.
Compiling...
Compiled with warnings.

Warning
(160:5) autoprefixer: Replace fill-available to stretch, because spec had been changed

Warning
(166:5) autoprefixer: Replace fill-available to stretch, because spec had been changed

[eslint] 
src/pages/UserProfile.tsx
  Line 51:9:   'fileInputRef' is assigned a value but never used          @typescript-eslint/no-unused-vars
  Line 52:10:  'isUploadingAvatar' is assigned a value but never used     @typescript-eslint/no-unused-vars
  Line 52:29:  'setIsUploadingAvatar' is assigned a value but never used  @typescript-eslint/no-unused-vars
  Line 53:10:  'avatarError' is assigned a value but never used           @typescript-eslint/no-unused-vars
  Line 53:23:  'setAvatarError' is assigned a value but never used        @typescript-eslint/no-unused-vars

Search for the keywords to learn more about each warning.
To ignore, add // eslint-disable-next-line to the line before.

WARNING in ./src/index.css (./node_modules/css-loader/dist/cjs.js??ruleSet[1].rules[1].oneOf[5].use[1]!./node_modules/postcss-loader/dist/cjs.js??ruleSet[1].rules[1].oneOf[5].use[2]!./node_modules/source-map-loader/dist/cjs.js!./src/index.css)
Module Warning (from ./node_modules/postcss-loader/dist/cjs.js):
Warning

(160:5) autoprefixer: Replace fill-available to stretch, because spec had been changed

WARNING in ./src/index.css (./node_modules/css-loader/dist/cjs.js??ruleSet[1].rules[1].oneOf[5].use[1]!./node_modules/postcss-loader/dist/cjs.js??ruleSet[1].rules[1].oneOf[5].use[2]!./node_modules/source-map-loader/dist/cjs.js!./src/index.css)
Module Warning (from ./node_modules/postcss-loader/dist/cjs.js):
Warning

(166:5) autoprefixer: Replace fill-available to stretch, because spec had been changed

WARNING in [eslint] 
src/pages/UserProfile.tsx
  Line 51:9:   'fileInputRef' is assigned a value but never used          @typescript-eslint/no-unused-vars
  Line 52:10:  'isUploadingAvatar' is assigned a value but never used     @typescript-eslint/no-unused-vars
  Line 52:29:  'setIsUploadingAvatar' is assigned a value but never used  @typescript-eslint/no-unused-vars
  Line 53:10:  'avatarError' is assigned a value but never used           @typescript-eslint/no-unused-vars
  Line 53:23:  'setAvatarError' is assigned a value but never used        @typescript-eslint/no-unused-vars

webpack compiled with 3 warnings
No issues found.
Compiling...
Compiled with warnings.

Warning
(160:5) autoprefixer: Replace fill-available to stretch, because spec had been changed

Warning
(166:5) autoprefixer: Replace fill-available to stretch, because spec had been changed

[eslint] 
src/pages/UserProfile.tsx
  Line 52:10:  'isUploadingAvatar' is assigned a value but never used  @typescript-eslint/no-unused-vars
  Line 53:10:  'avatarError' is assigned a value but never used        @typescript-eslint/no-unused-vars
  Line 133:9:  'handleFileChange' is assigned a value but never used   @typescript-eslint/no-unused-vars

Search for the keywords to learn more about each warning.
To ignore, add // eslint-disable-next-line to the line before.

WARNING in ./src/index.css (./node_modules/css-loader/dist/cjs.js??ruleSet[1].rules[1].oneOf[5].use[1]!./node_modules/postcss-loader/dist/cjs.js??ruleSet[1].rules[1].oneOf[5].use[2]!./node_modules/source-map-loader/dist/cjs.js!./src/index.css)
Module Warning (from ./node_modules/postcss-loader/dist/cjs.js):
Warning

(160:5) autoprefixer: Replace fill-available to stretch, because spec had been changed

WARNING in ./src/index.css (./node_modules/css-loader/dist/cjs.js??ruleSet[1].rules[1].oneOf[5].use[1]!./node_modules/postcss-loader/dist/cjs.js??ruleSet[1].rules[1].oneOf[5].use[2]!./node_modules/source-map-loader/dist/cjs.js!./src/index.css)
Module Warning (from ./node_modules/postcss-loader/dist/cjs.js):
Warning

(166:5) autoprefixer: Replace fill-available to stretch, because spec had been changed

WARNING in [eslint] 
src/pages/UserProfile.tsx
  Line 52:10:  'isUploadingAvatar' is assigned a value but never used  @typescript-eslint/no-unused-vars
  Line 53:10:  'avatarError' is assigned a value but never used        @typescript-eslint/no-unused-vars
  Line 133:9:  'handleFileChange' is assigned a value but never used   @typescript-eslint/no-unused-vars

webpack compiled with 3 warnings
No issues found.
Compiling...
Compiled with warnings.

Warning
(160:5) autoprefixer: Replace fill-available to stretch, because spec had been changed

Warning
(166:5) autoprefixer: Replace fill-available to stretch, because spec had been changed

Search for the keywords to learn more about each warning.
To ignore, add // eslint-disable-next-line to the line before.

WARNING in ./src/index.css (./node_modules/css-loader/dist/cjs.js??ruleSet[1].rules[1].oneOf[5].use[1]!./node_modules/postcss-loader/dist/cjs.js??ruleSet[1].rules[1].oneOf[5].use[2]!./node_modules/source-map-loader/dist/cjs.js!./src/index.css)
Module Warning (from ./node_modules/postcss-loader/dist/cjs.js):
Warning

(160:5) autoprefixer: Replace fill-available to stretch, because spec had been changed

WARNING in ./src/index.css (./node_modules/css-loader/dist/cjs.js??ruleSet[1].rules[1].oneOf[5].use[1]!./node_modules/postcss-loader/dist/cjs.js??ruleSet[1].rules[1].oneOf[5].use[2]!./node_modules/source-map-loader/dist/cjs.js!./src/index.css)
Module Warning (from ./node_modules/postcss-loader/dist/cjs.js):
Warning

(166:5) autoprefixer: Replace fill-available to stretch, because spec had been changed

webpack compiled with 2 warnings
No issues found.
Compiling...
Compiled with warnings.

Warning
(160:5) autoprefixer: Replace fill-available to stretch, because spec had been changed

Warning
(166:5) autoprefixer: Replace fill-available to stretch, because spec had been changed

Search for the keywords to learn more about each warning.
To ignore, add // eslint-disable-next-line to the line before.

WARNING in ./src/index.css (./node_modules/css-loader/dist/cjs.js??ruleSet[1].rules[1].oneOf[5].use[1]!./node_modules/postcss-loader/dist/cjs.js??ruleSet[1].rules[1].oneOf[5].use[2]!./node_modules/source-map-loader/dist/cjs.js!./src/index.css)
Module Warning (from ./node_modules/postcss-loader/dist/cjs.js):
Warning

(160:5) autoprefixer: Replace fill-available to stretch, because spec had been changed

WARNING in ./src/index.css (./node_modules/css-loader/dist/cjs.js??ruleSet[1].rules[1].oneOf[5].use[1]!./node_modules/postcss-loader/dist/cjs.js??ruleSet[1].rules[1].oneOf[5].use[2]!./node_modules/source-map-loader/dist/cjs.js!./src/index.css)
Module Warning (from ./node_modules/postcss-loader/dist/cjs.js):
Warning

(166:5) autoprefixer: Replace fill-available to stretch, because spec had been changed

webpack compiled with 2 warnings
No issues found.
Compiling...
Compiled with warnings.

Warning
(160:5) autoprefixer: Replace fill-available to stretch, because spec had been changed

Warning
(166:5) autoprefixer: Replace fill-available to stretch, because spec had been changed

[eslint] 
src/pages/MainLayout.tsx
  Line 14:3:  'Users' is defined but never used     @typescript-eslint/no-unused-vars
  Line 15:3:  'Flame' is defined but never used     @typescript-eslint/no-unused-vars
  Line 16:3:  'Calendar' is defined but never used  @typescript-eslint/no-unused-vars

Search for the keywords to learn more about each warning.
To ignore, add // eslint-disable-next-line to the line before.

WARNING in ./src/index.css (./node_modules/css-loader/dist/cjs.js??ruleSet[1].rules[1].oneOf[5].use[1]!./node_modules/postcss-loader/dist/cjs.js??ruleSet[1].rules[1].oneOf[5].use[2]!./node_modules/source-map-loader/dist/cjs.js!./src/index.css)
Module Warning (from ./node_modules/postcss-loader/dist/cjs.js):
Warning

(160:5) autoprefixer: Replace fill-available to stretch, because spec had been changed

WARNING in ./src/index.css (./node_modules/css-loader/dist/cjs.js??ruleSet[1].rules[1].oneOf[5].use[1]!./node_modules/postcss-loader/dist/cjs.js??ruleSet[1].rules[1].oneOf[5].use[2]!./node_modules/source-map-loader/dist/cjs.js!./src/index.css)
Module Warning (from ./node_modules/postcss-loader/dist/cjs.js):
Warning

(166:5) autoprefixer: Replace fill-available to stretch, because spec had been changed

WARNING in [eslint] 
src/pages/MainLayout.tsx
  Line 14:3:  'Users' is defined but never used     @typescript-eslint/no-unused-vars
  Line 15:3:  'Flame' is defined but never used     @typescript-eslint/no-unused-vars
  Line 16:3:  'Calendar' is defined but never used  @typescript-eslint/no-unused-vars

webpack compiled with 3 warnings
No issues found.
Compiling...
Compiled with warnings.

Warning
(160:5) autoprefixer: Replace fill-available to stretch, because spec had been changed

Warning
(166:5) autoprefixer: Replace fill-available to stretch, because spec had been changed

[eslint] 
src/pages/MainLayout.tsx
  Line 14:3:  'Users' is defined but never used     @typescript-eslint/no-unused-vars
  Line 15:3:  'Flame' is defined but never used     @typescript-eslint/no-unused-vars
  Line 16:3:  'Calendar' is defined but never used  @typescript-eslint/no-unused-vars

Search for the keywords to learn more about each warning.
To ignore, add // eslint-disable-next-line to the line before.

WARNING in ./src/index.css (./node_modules/css-loader/dist/cjs.js??ruleSet[1].rules[1].oneOf[5].use[1]!./node_modules/postcss-loader/dist/cjs.js??ruleSet[1].rules[1].oneOf[5].use[2]!./node_modules/source-map-loader/dist/cjs.js!./src/index.css)
Module Warning (from ./node_modules/postcss-loader/dist/cjs.js):
Warning

(160:5) autoprefixer: Replace fill-available to stretch, because spec had been changed

WARNING in ./src/index.css (./node_modules/css-loader/dist/cjs.js??ruleSet[1].rules[1].oneOf[5].use[1]!./node_modules/postcss-loader/dist/cjs.js??ruleSet[1].rules[1].oneOf[5].use[2]!./node_modules/source-map-loader/dist/cjs.js!./src/index.css)
Module Warning (from ./node_modules/postcss-loader/dist/cjs.js):
Warning

(166:5) autoprefixer: Replace fill-available to stretch, because spec had been changed

WARNING in [eslint] 
src/pages/MainLayout.tsx
  Line 14:3:  'Users' is defined but never used     @typescript-eslint/no-unused-vars
  Line 15:3:  'Flame' is defined but never used     @typescript-eslint/no-unused-vars
  Line 16:3:  'Calendar' is defined but never used  @typescript-eslint/no-unused-vars

webpack compiled with 3 warnings
No issues found.
Compiling...
Compiled with warnings.

Warning
(160:5) autoprefixer: Replace fill-available to stretch, because spec had been changed

Warning
(166:5) autoprefixer: Replace fill-available to stretch, because spec had been changed

[eslint] 
src/pages/MainLayout.tsx
  Line 14:3:  'Users' is defined but never used     @typescript-eslint/no-unused-vars
  Line 15:3:  'Flame' is defined but never used     @typescript-eslint/no-unused-vars
  Line 16:3:  'Calendar' is defined but never used  @typescript-eslint/no-unused-vars

Search for the keywords to learn more about each warning.
To ignore, add // eslint-disable-next-line to the line before.

WARNING in ./src/index.css (./node_modules/css-loader/dist/cjs.js??ruleSet[1].rules[1].oneOf[5].use[1]!./node_modules/postcss-loader/dist/cjs.js??ruleSet[1].rules[1].oneOf[5].use[2]!./node_modules/source-map-loader/dist/cjs.js!./src/index.css)
Module Warning (from ./node_modules/postcss-loader/dist/cjs.js):
Warning

(160:5) autoprefixer: Replace fill-available to stretch, because spec had been changed

WARNING in ./src/index.css (./node_modules/css-loader/dist/cjs.js??ruleSet[1].rules[1].oneOf[5].use[1]!./node_modules/postcss-loader/dist/cjs.js??ruleSet[1].rules[1].oneOf[5].use[2]!./node_modules/source-map-loader/dist/cjs.js!./src/index.css)
Module Warning (from ./node_modules/postcss-loader/dist/cjs.js):
Warning

(166:5) autoprefixer: Replace fill-available to stretch, because spec had been changed

WARNING in [eslint] 
src/pages/MainLayout.tsx
  Line 14:3:  'Users' is defined but never used     @typescript-eslint/no-unused-vars
  Line 15:3:  'Flame' is defined but never used     @typescript-eslint/no-unused-vars
  Line 16:3:  'Calendar' is defined but never used  @typescript-eslint/no-unused-vars

webpack compiled with 3 warnings
Files successfully emitted, waiting for typecheck results...
Issues checking in progress...
No issues found.
Compiling...
Compiled with warnings.

Warning
(160:5) autoprefixer: Replace fill-available to stretch, because spec had been changed

Warning
(166:5) autoprefixer: Replace fill-available to stretch, because spec had been changed

[eslint] 
src/pages/MainLayout.tsx
  Line 14:3:  'Users' is defined but never used     @typescript-eslint/no-unused-vars
  Line 15:3:  'Flame' is defined but never used     @typescript-eslint/no-unused-vars
  Line 16:3:  'Calendar' is defined but never used  @typescript-eslint/no-unused-vars

Search for the keywords to learn more about each warning.
To ignore, add // eslint-disable-next-line to the line before.

WARNING in ./src/index.css (./node_modules/css-loader/dist/cjs.js??ruleSet[1].rules[1].oneOf[5].use[1]!./node_modules/postcss-loader/dist/cjs.js??ruleSet[1].rules[1].oneOf[5].use[2]!./node_modules/source-map-loader/dist/cjs.js!./src/index.css)
Module Warning (from ./node_modules/postcss-loader/dist/cjs.js):
Warning

(160:5) autoprefixer: Replace fill-available to stretch, because spec had been changed

WARNING in ./src/index.css (./node_modules/css-loader/dist/cjs.js??ruleSet[1].rules[1].oneOf[5].use[1]!./node_modules/postcss-loader/dist/cjs.js??ruleSet[1].rules[1].oneOf[5].use[2]!./node_modules/source-map-loader/dist/cjs.js!./src/index.css)
Module Warning (from ./node_modules/postcss-loader/dist/cjs.js):
Warning

(166:5) autoprefixer: Replace fill-available to stretch, because spec had been changed

WARNING in [eslint] 
src/pages/MainLayout.tsx
  Line 14:3:  'Users' is defined but never used     @typescript-eslint/no-unused-vars
  Line 15:3:  'Flame' is defined but never used     @typescript-eslint/no-unused-vars
  Line 16:3:  'Calendar' is defined but never used  @typescript-eslint/no-unused-vars

webpack compiled with 3 warnings
No issues found.
Compiling...
Compiled with warnings.

Warning
(160:5) autoprefixer: Replace fill-available to stretch, because spec had been changed

Warning
(166:5) autoprefixer: Replace fill-available to stretch, because spec had been changed

[eslint] 
src/pages/MainLayout.tsx
  Line 14:3:  'Users' is defined but never used     @typescript-eslint/no-unused-vars
  Line 15:3:  'Flame' is defined but never used     @typescript-eslint/no-unused-vars
  Line 16:3:  'Calendar' is defined but never used  @typescript-eslint/no-unused-vars

Search for the keywords to learn more about each warning.
To ignore, add // eslint-disable-next-line to the line before.

WARNING in ./src/index.css (./node_modules/css-loader/dist/cjs.js??ruleSet[1].rules[1].oneOf[5].use[1]!./node_modules/postcss-loader/dist/cjs.js??ruleSet[1].rules[1].oneOf[5].use[2]!./node_modules/source-map-loader/dist/cjs.js!./src/index.css)
Module Warning (from ./node_modules/postcss-loader/dist/cjs.js):
Warning

(160:5) autoprefixer: Replace fill-available to stretch, because spec had been changed

WARNING in ./src/index.css (./node_modules/css-loader/dist/cjs.js??ruleSet[1].rules[1].oneOf[5].use[1]!./node_modules/postcss-loader/dist/cjs.js??ruleSet[1].rules[1].oneOf[5].use[2]!./node_modules/source-map-loader/dist/cjs.js!./src/index.css)
Module Warning (from ./node_modules/postcss-loader/dist/cjs.js):
Warning

(166:5) autoprefixer: Replace fill-available to stretch, because spec had been changed

WARNING in [eslint] 
src/pages/MainLayout.tsx
  Line 14:3:  'Users' is defined but never used     @typescript-eslint/no-unused-vars
  Line 15:3:  'Flame' is defined but never used     @typescript-eslint/no-unused-vars
  Line 16:3:  'Calendar' is defined but never used  @typescript-eslint/no-unused-vars

webpack compiled with 3 warnings
No issues found.
Compiling...
Compiled with warnings.

Warning
(160:5) autoprefixer: Replace fill-available to stretch, because spec had been changed

Warning
(166:5) autoprefixer: Replace fill-available to stretch, because spec had been changed

[eslint] 
src/pages/MainLayout.tsx
  Line 14:3:  'Users' is defined but never used     @typescript-eslint/no-unused-vars
  Line 15:3:  'Flame' is defined but never used     @typescript-eslint/no-unused-vars
  Line 16:3:  'Calendar' is defined but never used  @typescript-eslint/no-unused-vars

Search for the keywords to learn more about each warning.
To ignore, add // eslint-disable-next-line to the line before.

WARNING in ./src/index.css (./node_modules/css-loader/dist/cjs.js??ruleSet[1].rules[1].oneOf[5].use[1]!./node_modules/postcss-loader/dist/cjs.js??ruleSet[1].rules[1].oneOf[5].use[2]!./node_modules/source-map-loader/dist/cjs.js!./src/index.css)
Module Warning (from ./node_modules/postcss-loader/dist/cjs.js):
Warning

(160:5) autoprefixer: Replace fill-available to stretch, because spec had been changed

WARNING in ./src/index.css (./node_modules/css-loader/dist/cjs.js??ruleSet[1].rules[1].oneOf[5].use[1]!./node_modules/postcss-loader/dist/cjs.js??ruleSet[1].rules[1].oneOf[5].use[2]!./node_modules/source-map-loader/dist/cjs.js!./src/index.css)
Module Warning (from ./node_modules/postcss-loader/dist/cjs.js):
Warning

(166:5) autoprefixer: Replace fill-available to stretch, because spec had been changed

WARNING in [eslint] 
src/pages/MainLayout.tsx
  Line 14:3:  'Users' is defined but never used     @typescript-eslint/no-unused-vars
  Line 15:3:  'Flame' is defined but never used     @typescript-eslint/no-unused-vars
  Line 16:3:  'Calendar' is defined but never used  @typescript-eslint/no-unused-vars

webpack compiled with 3 warnings
Files successfully emitted, waiting for typecheck results...
Issues checking in progress...
No issues found.
Compiling...
Compiled with warnings.

Warning
(160:5) autoprefixer: Replace fill-available to stretch, because spec had been changed

Warning
(166:5) autoprefixer: Replace fill-available to stretch, because spec had been changed

[eslint] 
src/pages/MainLayout.tsx
  Line 14:3:  'Users' is defined but never used     @typescript-eslint/no-unused-vars
  Line 15:3:  'Flame' is defined but never used     @typescript-eslint/no-unused-vars
  Line 16:3:  'Calendar' is defined but never used  @typescript-eslint/no-unused-vars

src/pages/UserProfile.tsx
  Line 50:10:  'isAnonymous' is assigned a value but never used     @typescript-eslint/no-unused-vars
  Line 50:23:  'setIsAnonymous' is assigned a value but never used  @typescript-eslint/no-unused-vars

Search for the keywords to learn more about each warning.
To ignore, add // eslint-disable-next-line to the line before.

WARNING in ./src/index.css (./node_modules/css-loader/dist/cjs.js??ruleSet[1].rules[1].oneOf[5].use[1]!./node_modules/postcss-loader/dist/cjs.js??ruleSet[1].rules[1].oneOf[5].use[2]!./node_modules/source-map-loader/dist/cjs.js!./src/index.css)
Module Warning (from ./node_modules/postcss-loader/dist/cjs.js):
Warning

(160:5) autoprefixer: Replace fill-available to stretch, because spec had been changed

WARNING in ./src/index.css (./node_modules/css-loader/dist/cjs.js??ruleSet[1].rules[1].oneOf[5].use[1]!./node_modules/postcss-loader/dist/cjs.js??ruleSet[1].rules[1].oneOf[5].use[2]!./node_modules/source-map-loader/dist/cjs.js!./src/index.css)
Module Warning (from ./node_modules/postcss-loader/dist/cjs.js):
Warning

(166:5) autoprefixer: Replace fill-available to stretch, because spec had been changed

WARNING in [eslint] 
src/pages/MainLayout.tsx
  Line 14:3:  'Users' is defined but never used     @typescript-eslint/no-unused-vars
  Line 15:3:  'Flame' is defined but never used     @typescript-eslint/no-unused-vars
  Line 16:3:  'Calendar' is defined but never used  @typescript-eslint/no-unused-vars

src/pages/UserProfile.tsx
  Line 50:10:  'isAnonymous' is assigned a value but never used     @typescript-eslint/no-unused-vars
  Line 50:23:  'setIsAnonymous' is assigned a value but never used  @typescript-eslint/no-unused-vars

webpack compiled with 3 warnings
No issues found.
Compiling...
Compiled with warnings.

Warning
(160:5) autoprefixer: Replace fill-available to stretch, because spec had been changed

Warning
(166:5) autoprefixer: Replace fill-available to stretch, because spec had been changed

[eslint] 
src/pages/MainLayout.tsx
  Line 14:3:  'Users' is defined but never used     @typescript-eslint/no-unused-vars
  Line 15:3:  'Flame' is defined but never used     @typescript-eslint/no-unused-vars
  Line 16:3:  'Calendar' is defined but never used  @typescript-eslint/no-unused-vars

Search for the keywords to learn more about each warning.
To ignore, add // eslint-disable-next-line to the line before.

WARNING in ./src/index.css (./node_modules/css-loader/dist/cjs.js??ruleSet[1].rules[1].oneOf[5].use[1]!./node_modules/postcss-loader/dist/cjs.js??ruleSet[1].rules[1].oneOf[5].use[2]!./node_modules/source-map-loader/dist/cjs.js!./src/index.css)
Module Warning (from ./node_modules/postcss-loader/dist/cjs.js):
Warning

(160:5) autoprefixer: Replace fill-available to stretch, because spec had been changed

WARNING in ./src/index.css (./node_modules/css-loader/dist/cjs.js??ruleSet[1].rules[1].oneOf[5].use[1]!./node_modules/postcss-loader/dist/cjs.js??ruleSet[1].rules[1].oneOf[5].use[2]!./node_modules/source-map-loader/dist/cjs.js!./src/index.css)
Module Warning (from ./node_modules/postcss-loader/dist/cjs.js):
Warning

(166:5) autoprefixer: Replace fill-available to stretch, because spec had been changed

WARNING in [eslint] 
src/pages/MainLayout.tsx
  Line 14:3:  'Users' is defined but never used     @typescript-eslint/no-unused-vars
  Line 15:3:  'Flame' is defined but never used     @typescript-eslint/no-unused-vars
  Line 16:3:  'Calendar' is defined but never used  @typescript-eslint/no-unused-vars

webpack compiled with 3 warnings
No issues found.
Compiling...
Compiled with warnings.

Warning
(160:5) autoprefixer: Replace fill-available to stretch, because spec had been changed

Warning
(166:5) autoprefixer: Replace fill-available to stretch, because spec had been changed

[eslint] 
src/pages/MainLayout.tsx
  Line 14:3:  'Users' is defined but never used     @typescript-eslint/no-unused-vars
  Line 15:3:  'Flame' is defined but never used     @typescript-eslint/no-unused-vars
  Line 16:3:  'Calendar' is defined but never used  @typescript-eslint/no-unused-vars

Search for the keywords to learn more about each warning.
To ignore, add // eslint-disable-next-line to the line before.

WARNING in ./src/index.css (./node_modules/css-loader/dist/cjs.js??ruleSet[1].rules[1].oneOf[5].use[1]!./node_modules/postcss-loader/dist/cjs.js??ruleSet[1].rules[1].oneOf[5].use[2]!./node_modules/source-map-loader/dist/cjs.js!./src/index.css)
Module Warning (from ./node_modules/postcss-loader/dist/cjs.js):
Warning

(160:5) autoprefixer: Replace fill-available to stretch, because spec had been changed

WARNING in ./src/index.css (./node_modules/css-loader/dist/cjs.js??ruleSet[1].rules[1].oneOf[5].use[1]!./node_modules/postcss-loader/dist/cjs.js??ruleSet[1].rules[1].oneOf[5].use[2]!./node_modules/source-map-loader/dist/cjs.js!./src/index.css)
Module Warning (from ./node_modules/postcss-loader/dist/cjs.js):
Warning

(166:5) autoprefixer: Replace fill-available to stretch, because spec had been changed

WARNING in [eslint] 
src/pages/MainLayout.tsx
  Line 14:3:  'Users' is defined but never used     @typescript-eslint/no-unused-vars
  Line 15:3:  'Flame' is defined but never used     @typescript-eslint/no-unused-vars
  Line 16:3:  'Calendar' is defined but never used  @typescript-eslint/no-unused-vars

webpack compiled with 3 warnings
No issues found.
Compiling...
Compiled with warnings.

Warning
(160:5) autoprefixer: Replace fill-available to stretch, because spec had been changed

Warning
(166:5) autoprefixer: Replace fill-available to stretch, because spec had been changed

[eslint] 
src/pages/MainLayout.tsx
  Line 14:3:  'Users' is defined but never used     @typescript-eslint/no-unused-vars
  Line 15:3:  'Flame' is defined but never used     @typescript-eslint/no-unused-vars
  Line 16:3:  'Calendar' is defined but never used  @typescript-eslint/no-unused-vars

Search for the keywords to learn more about each warning.
To ignore, add // eslint-disable-next-line to the line before.

WARNING in ./src/index.css (./node_modules/css-loader/dist/cjs.js??ruleSet[1].rules[1].oneOf[5].use[1]!./node_modules/postcss-loader/dist/cjs.js??ruleSet[1].rules[1].oneOf[5].use[2]!./node_modules/source-map-loader/dist/cjs.js!./src/index.css)
Module Warning (from ./node_modules/postcss-loader/dist/cjs.js):
Warning

(160:5) autoprefixer: Replace fill-available to stretch, because spec had been changed

WARNING in ./src/index.css (./node_modules/css-loader/dist/cjs.js??ruleSet[1].rules[1].oneOf[5].use[1]!./node_modules/postcss-loader/dist/cjs.js??ruleSet[1].rules[1].oneOf[5].use[2]!./node_modules/source-map-loader/dist/cjs.js!./src/index.css)
Module Warning (from ./node_modules/postcss-loader/dist/cjs.js):
Warning

(166:5) autoprefixer: Replace fill-available to stretch, because spec had been changed

WARNING in [eslint] 
src/pages/MainLayout.tsx
  Line 14:3:  'Users' is defined but never used     @typescript-eslint/no-unused-vars
  Line 15:3:  'Flame' is defined but never used     @typescript-eslint/no-unused-vars
  Line 16:3:  'Calendar' is defined but never used  @typescript-eslint/no-unused-vars

webpack compiled with 3 warnings
No issues found.
Compiling...
Compiled with warnings.

Warning
(160:5) autoprefixer: Replace fill-available to stretch, because spec had been changed

Warning
(166:5) autoprefixer: Replace fill-available to stretch, because spec had been changed

[eslint] 
src/pages/MainLayout.tsx
  Line 14:3:  'Users' is defined but never used     @typescript-eslint/no-unused-vars
  Line 15:3:  'Flame' is defined but never used     @typescript-eslint/no-unused-vars
  Line 16:3:  'Calendar' is defined but never used  @typescript-eslint/no-unused-vars

Search for the keywords to learn more about each warning.
To ignore, add // eslint-disable-next-line to the line before.

WARNING in ./src/index.css (./node_modules/css-loader/dist/cjs.js??ruleSet[1].rules[1].oneOf[5].use[1]!./node_modules/postcss-loader/dist/cjs.js??ruleSet[1].rules[1].oneOf[5].use[2]!./node_modules/source-map-loader/dist/cjs.js!./src/index.css)
Module Warning (from ./node_modules/postcss-loader/dist/cjs.js):
Warning

(160:5) autoprefixer: Replace fill-available to stretch, because spec had been changed

WARNING in ./src/index.css (./node_modules/css-loader/dist/cjs.js??ruleSet[1].rules[1].oneOf[5].use[1]!./node_modules/postcss-loader/dist/cjs.js??ruleSet[1].rules[1].oneOf[5].use[2]!./node_modules/source-map-loader/dist/cjs.js!./src/index.css)
Module Warning (from ./node_modules/postcss-loader/dist/cjs.js):
Warning

(166:5) autoprefixer: Replace fill-available to stretch, because spec had been changed

WARNING in [eslint] 
src/pages/MainLayout.tsx
  Line 14:3:  'Users' is defined but never used     @typescript-eslint/no-unused-vars
  Line 15:3:  'Flame' is defined but never used     @typescript-eslint/no-unused-vars
  Line 16:3:  'Calendar' is defined but never used  @typescript-eslint/no-unused-vars

webpack compiled with 3 warnings
No issues found.
Compiling...
Compiled with warnings.

Warning
(160:5) autoprefixer: Replace fill-available to stretch, because spec had been changed

Warning
(166:5) autoprefixer: Replace fill-available to stretch, because spec had been changed

[eslint] 
src/pages/MainLayout.tsx
  Line 14:3:  'Users' is defined but never used     @typescript-eslint/no-unused-vars
  Line 15:3:  'Flame' is defined but never used     @typescript-eslint/no-unused-vars
  Line 16:3:  'Calendar' is defined but never used  @typescript-eslint/no-unused-vars

Search for the keywords to learn more about each warning.
To ignore, add // eslint-disable-next-line to the line before.

WARNING in ./src/index.css (./node_modules/css-loader/dist/cjs.js??ruleSet[1].rules[1].oneOf[5].use[1]!./node_modules/postcss-loader/dist/cjs.js??ruleSet[1].rules[1].oneOf[5].use[2]!./node_modules/source-map-loader/dist/cjs.js!./src/index.css)
Module Warning (from ./node_modules/postcss-loader/dist/cjs.js):
Warning

(160:5) autoprefixer: Replace fill-available to stretch, because spec had been changed

WARNING in ./src/index.css (./node_modules/css-loader/dist/cjs.js??ruleSet[1].rules[1].oneOf[5].use[1]!./node_modules/postcss-loader/dist/cjs.js??ruleSet[1].rules[1].oneOf[5].use[2]!./node_modules/source-map-loader/dist/cjs.js!./src/index.css)
Module Warning (from ./node_modules/postcss-loader/dist/cjs.js):
Warning

(166:5) autoprefixer: Replace fill-available to stretch, because spec had been changed

WARNING in [eslint] 
src/pages/MainLayout.tsx
  Line 14:3:  'Users' is defined but never used     @typescript-eslint/no-unused-vars
  Line 15:3:  'Flame' is defined but never used     @typescript-eslint/no-unused-vars
  Line 16:3:  'Calendar' is defined but never used  @typescript-eslint/no-unused-vars

webpack compiled with 3 warnings
No issues found.
Compiling...
Compiled with warnings.

Warning
(160:5) autoprefixer: Replace fill-available to stretch, because spec had been changed

Warning
(166:5) autoprefixer: Replace fill-available to stretch, because spec had been changed

[eslint] 
src/pages/MainLayout.tsx
  Line 14:3:  'Users' is defined but never used     @typescript-eslint/no-unused-vars
  Line 15:3:  'Flame' is defined but never used     @typescript-eslint/no-unused-vars
  Line 16:3:  'Calendar' is defined but never used  @typescript-eslint/no-unused-vars

Search for the keywords to learn more about each warning.
To ignore, add // eslint-disable-next-line to the line before.

WARNING in ./src/index.css (./node_modules/css-loader/dist/cjs.js??ruleSet[1].rules[1].oneOf[5].use[1]!./node_modules/postcss-loader/dist/cjs.js??ruleSet[1].rules[1].oneOf[5].use[2]!./node_modules/source-map-loader/dist/cjs.js!./src/index.css)
Module Warning (from ./node_modules/postcss-loader/dist/cjs.js):
Warning

(160:5) autoprefixer: Replace fill-available to stretch, because spec had been changed

WARNING in ./src/index.css (./node_modules/css-loader/dist/cjs.js??ruleSet[1].rules[1].oneOf[5].use[1]!./node_modules/postcss-loader/dist/cjs.js??ruleSet[1].rules[1].oneOf[5].use[2]!./node_modules/source-map-loader/dist/cjs.js!./src/index.css)
Module Warning (from ./node_modules/postcss-loader/dist/cjs.js):
Warning

(166:5) autoprefixer: Replace fill-available to stretch, because spec had been changed

WARNING in [eslint] 
src/pages/MainLayout.tsx
  Line 14:3:  'Users' is defined but never used     @typescript-eslint/no-unused-vars
  Line 15:3:  'Flame' is defined but never used     @typescript-eslint/no-unused-vars
  Line 16:3:  'Calendar' is defined but never used  @typescript-eslint/no-unused-vars

webpack compiled with 3 warnings
No issues found.
Compiling...
Compiled with warnings.

Warning
(160:5) autoprefixer: Replace fill-available to stretch, because spec had been changed

Warning
(166:5) autoprefixer: Replace fill-available to stretch, because spec had been changed

[eslint] 
src/pages/MainLayout.tsx
  Line 14:3:  'Users' is defined but never used     @typescript-eslint/no-unused-vars
  Line 15:3:  'Flame' is defined but never used     @typescript-eslint/no-unused-vars
  Line 16:3:  'Calendar' is defined but never used  @typescript-eslint/no-unused-vars

Search for the keywords to learn more about each warning.
To ignore, add // eslint-disable-next-line to the line before.

WARNING in ./src/index.css (./node_modules/css-loader/dist/cjs.js??ruleSet[1].rules[1].oneOf[5].use[1]!./node_modules/postcss-loader/dist/cjs.js??ruleSet[1].rules[1].oneOf[5].use[2]!./node_modules/source-map-loader/dist/cjs.js!./src/index.css)
Module Warning (from ./node_modules/postcss-loader/dist/cjs.js):
Warning

(160:5) autoprefixer: Replace fill-available to stretch, because spec had been changed

WARNING in ./src/index.css (./node_modules/css-loader/dist/cjs.js??ruleSet[1].rules[1].oneOf[5].use[1]!./node_modules/postcss-loader/dist/cjs.js??ruleSet[1].rules[1].oneOf[5].use[2]!./node_modules/source-map-loader/dist/cjs.js!./src/index.css)
Module Warning (from ./node_modules/postcss-loader/dist/cjs.js):
Warning

(166:5) autoprefixer: Replace fill-available to stretch, because spec had been changed

WARNING in [eslint] 
src/pages/MainLayout.tsx
  Line 14:3:  'Users' is defined but never used     @typescript-eslint/no-unused-vars
  Line 15:3:  'Flame' is defined but never used     @typescript-eslint/no-unused-vars
  Line 16:3:  'Calendar' is defined but never used  @typescript-eslint/no-unused-vars

webpack compiled with 3 warnings
No issues found.
Compiling...
Compiled with warnings.

Warning
(160:5) autoprefixer: Replace fill-available to stretch, because spec had been changed

Warning
(166:5) autoprefixer: Replace fill-available to stretch, because spec had been changed

[eslint] 
src/pages/MainLayout.tsx
  Line 14:3:  'Users' is defined but never used     @typescript-eslint/no-unused-vars
  Line 15:3:  'Flame' is defined but never used     @typescript-eslint/no-unused-vars
  Line 16:3:  'Calendar' is defined but never used  @typescript-eslint/no-unused-vars

Search for the keywords to learn more about each warning.
To ignore, add // eslint-disable-next-line to the line before.

WARNING in ./src/index.css (./node_modules/css-loader/dist/cjs.js??ruleSet[1].rules[1].oneOf[5].use[1]!./node_modules/postcss-loader/dist/cjs.js??ruleSet[1].rules[1].oneOf[5].use[2]!./node_modules/source-map-loader/dist/cjs.js!./src/index.css)
Module Warning (from ./node_modules/postcss-loader/dist/cjs.js):
Warning

(160:5) autoprefixer: Replace fill-available to stretch, because spec had been changed

WARNING in ./src/index.css (./node_modules/css-loader/dist/cjs.js??ruleSet[1].rules[1].oneOf[5].use[1]!./node_modules/postcss-loader/dist/cjs.js??ruleSet[1].rules[1].oneOf[5].use[2]!./node_modules/source-map-loader/dist/cjs.js!./src/index.css)
Module Warning (from ./node_modules/postcss-loader/dist/cjs.js):
Warning

(166:5) autoprefixer: Replace fill-available to stretch, because spec had been changed

WARNING in [eslint] 
src/pages/MainLayout.tsx
  Line 14:3:  'Users' is defined but never used     @typescript-eslint/no-unused-vars
  Line 15:3:  'Flame' is defined but never used     @typescript-eslint/no-unused-vars
  Line 16:3:  'Calendar' is defined but never used  @typescript-eslint/no-unused-vars

webpack compiled with 3 warnings
No issues found.
Compiling...
Compiled with warnings.

Warning
(160:5) autoprefixer: Replace fill-available to stretch, because spec had been changed

Warning
(166:5) autoprefixer: Replace fill-available to stretch, because spec had been changed

[eslint] 
src/pages/MainLayout.tsx
  Line 14:3:  'Users' is defined but never used     @typescript-eslint/no-unused-vars
  Line 15:3:  'Flame' is defined but never used     @typescript-eslint/no-unused-vars
  Line 16:3:  'Calendar' is defined but never used  @typescript-eslint/no-unused-vars

Search for the keywords to learn more about each warning.
To ignore, add // eslint-disable-next-line to the line before.

WARNING in ./src/index.css (./node_modules/css-loader/dist/cjs.js??ruleSet[1].rules[1].oneOf[5].use[1]!./node_modules/postcss-loader/dist/cjs.js??ruleSet[1].rules[1].oneOf[5].use[2]!./node_modules/source-map-loader/dist/cjs.js!./src/index.css)
Module Warning (from ./node_modules/postcss-loader/dist/cjs.js):
Warning

(160:5) autoprefixer: Replace fill-available to stretch, because spec had been changed

WARNING in ./src/index.css (./node_modules/css-loader/dist/cjs.js??ruleSet[1].rules[1].oneOf[5].use[1]!./node_modules/postcss-loader/dist/cjs.js??ruleSet[1].rules[1].oneOf[5].use[2]!./node_modules/source-map-loader/dist/cjs.js!./src/index.css)
Module Warning (from ./node_modules/postcss-loader/dist/cjs.js):
Warning

(166:5) autoprefixer: Replace fill-available to stretch, because spec had been changed

WARNING in [eslint] 
src/pages/MainLayout.tsx
  Line 14:3:  'Users' is defined but never used     @typescript-eslint/no-unused-vars
  Line 15:3:  'Flame' is defined but never used     @typescript-eslint/no-unused-vars
  Line 16:3:  'Calendar' is defined but never used  @typescript-eslint/no-unused-vars

webpack compiled with 3 warnings
Files successfully emitted, waiting for typecheck results...
Issues checking in progress...
No issues found.
Compiling...
Compiled with warnings.

Warning
(160:5) autoprefixer: Replace fill-available to stretch, because spec had been changed

Warning
(166:5) autoprefixer: Replace fill-available to stretch, because spec had been changed

[eslint] 
src/pages/MainLayout.tsx
  Line 14:3:  'Users' is defined but never used     @typescript-eslint/no-unused-vars
  Line 15:3:  'Flame' is defined but never used     @typescript-eslint/no-unused-vars
  Line 16:3:  'Calendar' is defined but never used  @typescript-eslint/no-unused-vars

Search for the keywords to learn more about each warning.
To ignore, add // eslint-disable-next-line to the line before.

WARNING in ./src/index.css (./node_modules/css-loader/dist/cjs.js??ruleSet[1].rules[1].oneOf[5].use[1]!./node_modules/postcss-loader/dist/cjs.js??ruleSet[1].rules[1].oneOf[5].use[2]!./node_modules/source-map-loader/dist/cjs.js!./src/index.css)
Module Warning (from ./node_modules/postcss-loader/dist/cjs.js):
Warning

(160:5) autoprefixer: Replace fill-available to stretch, because spec had been changed

WARNING in ./src/index.css (./node_modules/css-loader/dist/cjs.js??ruleSet[1].rules[1].oneOf[5].use[1]!./node_modules/postcss-loader/dist/cjs.js??ruleSet[1].rules[1].oneOf[5].use[2]!./node_modules/source-map-loader/dist/cjs.js!./src/index.css)
Module Warning (from ./node_modules/postcss-loader/dist/cjs.js):
Warning

(166:5) autoprefixer: Replace fill-available to stretch, because spec had been changed

WARNING in [eslint] 
src/pages/MainLayout.tsx
  Line 14:3:  'Users' is defined but never used     @typescript-eslint/no-unused-vars
  Line 15:3:  'Flame' is defined but never used     @typescript-eslint/no-unused-vars
  Line 16:3:  'Calendar' is defined but never used  @typescript-eslint/no-unused-vars

webpack compiled with 3 warnings
No issues found.
Compiling...
Compiled with warnings.

Warning
(160:5) autoprefixer: Replace fill-available to stretch, because spec had been changed

Warning
(166:5) autoprefixer: Replace fill-available to stretch, because spec had been changed

[eslint] 
src/pages/MainLayout.tsx
  Line 14:3:  'Users' is defined but never used     @typescript-eslint/no-unused-vars
  Line 15:3:  'Flame' is defined but never used     @typescript-eslint/no-unused-vars
  Line 16:3:  'Calendar' is defined but never used  @typescript-eslint/no-unused-vars

Search for the keywords to learn more about each warning.
To ignore, add // eslint-disable-next-line to the line before.

WARNING in ./src/index.css (./node_modules/css-loader/dist/cjs.js??ruleSet[1].rules[1].oneOf[5].use[1]!./node_modules/postcss-loader/dist/cjs.js??ruleSet[1].rules[1].oneOf[5].use[2]!./node_modules/source-map-loader/dist/cjs.js!./src/index.css)
Module Warning (from ./node_modules/postcss-loader/dist/cjs.js):
Warning

(160:5) autoprefixer: Replace fill-available to stretch, because spec had been changed

WARNING in ./src/index.css (./node_modules/css-loader/dist/cjs.js??ruleSet[1].rules[1].oneOf[5].use[1]!./node_modules/postcss-loader/dist/cjs.js??ruleSet[1].rules[1].oneOf[5].use[2]!./node_modules/source-map-loader/dist/cjs.js!./src/index.css)
Module Warning (from ./node_modules/postcss-loader/dist/cjs.js):
Warning

(166:5) autoprefixer: Replace fill-available to stretch, because spec had been changed

WARNING in [eslint] 
src/pages/MainLayout.tsx
  Line 14:3:  'Users' is defined but never used     @typescript-eslint/no-unused-vars
  Line 15:3:  'Flame' is defined but never used     @typescript-eslint/no-unused-vars
  Line 16:3:  'Calendar' is defined but never used  @typescript-eslint/no-unused-vars

webpack compiled with 3 warnings
No issues found.
Compiling...
Compiled with warnings.

Warning
(160:5) autoprefixer: Replace fill-available to stretch, because spec had been changed

Warning
(166:5) autoprefixer: Replace fill-available to stretch, because spec had been changed

[eslint] 
src/pages/MainLayout.tsx
  Line 14:3:   'Users' is defined but never used                     @typescript-eslint/no-unused-vars
  Line 15:3:   'Flame' is defined but never used                     @typescript-eslint/no-unused-vars
  Line 16:3:   'Calendar' is defined but never used                  @typescript-eslint/no-unused-vars
  Line 57:10:  'memberSearch' is assigned a value but never used     @typescript-eslint/no-unused-vars
  Line 57:24:  'setMemberSearch' is assigned a value but never used  @typescript-eslint/no-unused-vars

Search for the keywords to learn more about each warning.
To ignore, add // eslint-disable-next-line to the line before.

WARNING in ./src/index.css (./node_modules/css-loader/dist/cjs.js??ruleSet[1].rules[1].oneOf[5].use[1]!./node_modules/postcss-loader/dist/cjs.js??ruleSet[1].rules[1].oneOf[5].use[2]!./node_modules/source-map-loader/dist/cjs.js!./src/index.css)
Module Warning (from ./node_modules/postcss-loader/dist/cjs.js):
Warning

(160:5) autoprefixer: Replace fill-available to stretch, because spec had been changed

WARNING in ./src/index.css (./node_modules/css-loader/dist/cjs.js??ruleSet[1].rules[1].oneOf[5].use[1]!./node_modules/postcss-loader/dist/cjs.js??ruleSet[1].rules[1].oneOf[5].use[2]!./node_modules/source-map-loader/dist/cjs.js!./src/index.css)
Module Warning (from ./node_modules/postcss-loader/dist/cjs.js):
Warning

(166:5) autoprefixer: Replace fill-available to stretch, because spec had been changed

WARNING in [eslint] 
src/pages/MainLayout.tsx
  Line 14:3:   'Users' is defined but never used                     @typescript-eslint/no-unused-vars
  Line 15:3:   'Flame' is defined but never used                     @typescript-eslint/no-unused-vars
  Line 16:3:   'Calendar' is defined but never used                  @typescript-eslint/no-unused-vars
  Line 57:10:  'memberSearch' is assigned a value but never used     @typescript-eslint/no-unused-vars
  Line 57:24:  'setMemberSearch' is assigned a value but never used  @typescript-eslint/no-unused-vars

webpack compiled with 3 warnings
No issues found.
Compiling...
Compiled with warnings.

Warning
(160:5) autoprefixer: Replace fill-available to stretch, because spec had been changed

Warning
(166:5) autoprefixer: Replace fill-available to stretch, because spec had been changed

[eslint] 
src/pages/MainLayout.tsx
  Line 14:3:   'Users' is defined but never used                     @typescript-eslint/no-unused-vars
  Line 15:3:   'Flame' is defined but never used                     @typescript-eslint/no-unused-vars
  Line 16:3:   'Calendar' is defined but never used                  @typescript-eslint/no-unused-vars
  Line 57:24:  'setMemberSearch' is assigned a value but never used  @typescript-eslint/no-unused-vars

Search for the keywords to learn more about each warning.
To ignore, add // eslint-disable-next-line to the line before.

WARNING in ./src/index.css (./node_modules/css-loader/dist/cjs.js??ruleSet[1].rules[1].oneOf[5].use[1]!./node_modules/postcss-loader/dist/cjs.js??ruleSet[1].rules[1].oneOf[5].use[2]!./node_modules/source-map-loader/dist/cjs.js!./src/index.css)
Module Warning (from ./node_modules/postcss-loader/dist/cjs.js):
Warning

(160:5) autoprefixer: Replace fill-available to stretch, because spec had been changed

WARNING in ./src/index.css (./node_modules/css-loader/dist/cjs.js??ruleSet[1].rules[1].oneOf[5].use[1]!./node_modules/postcss-loader/dist/cjs.js??ruleSet[1].rules[1].oneOf[5].use[2]!./node_modules/source-map-loader/dist/cjs.js!./src/index.css)
Module Warning (from ./node_modules/postcss-loader/dist/cjs.js):
Warning

(166:5) autoprefixer: Replace fill-available to stretch, because spec had been changed

WARNING in [eslint] 
src/pages/MainLayout.tsx
  Line 14:3:   'Users' is defined but never used                     @typescript-eslint/no-unused-vars
  Line 15:3:   'Flame' is defined but never used                     @typescript-eslint/no-unused-vars
  Line 16:3:   'Calendar' is defined but never used                  @typescript-eslint/no-unused-vars
  Line 57:24:  'setMemberSearch' is assigned a value but never used  @typescript-eslint/no-unused-vars

webpack compiled with 3 warnings
No issues found.
Compiling...
Compiled with warnings.

Warning
(160:5) autoprefixer: Replace fill-available to stretch, because spec had been changed

Warning
(166:5) autoprefixer: Replace fill-available to stretch, because spec had been changed

[eslint] 
src/pages/MainLayout.tsx
  Line 14:3:  'Users' is defined but never used     @typescript-eslint/no-unused-vars
  Line 15:3:  'Flame' is defined but never used     @typescript-eslint/no-unused-vars
  Line 16:3:  'Calendar' is defined but never used  @typescript-eslint/no-unused-vars

Search for the keywords to learn more about each warning.
To ignore, add // eslint-disable-next-line to the line before.

WARNING in ./src/index.css (./node_modules/css-loader/dist/cjs.js??ruleSet[1].rules[1].oneOf[5].use[1]!./node_modules/postcss-loader/dist/cjs.js??ruleSet[1].rules[1].oneOf[5].use[2]!./node_modules/source-map-loader/dist/cjs.js!./src/index.css)
Module Warning (from ./node_modules/postcss-loader/dist/cjs.js):
Warning

(160:5) autoprefixer: Replace fill-available to stretch, because spec had been changed

WARNING in ./src/index.css (./node_modules/css-loader/dist/cjs.js??ruleSet[1].rules[1].oneOf[5].use[1]!./node_modules/postcss-loader/dist/cjs.js??ruleSet[1].rules[1].oneOf[5].use[2]!./node_modules/source-map-loader/dist/cjs.js!./src/index.css)
Module Warning (from ./node_modules/postcss-loader/dist/cjs.js):
Warning

(166:5) autoprefixer: Replace fill-available to stretch, because spec had been changed

WARNING in [eslint] 
src/pages/MainLayout.tsx
  Line 14:3:  'Users' is defined but never used     @typescript-eslint/no-unused-vars
  Line 15:3:  'Flame' is defined but never used     @typescript-eslint/no-unused-vars
  Line 16:3:  'Calendar' is defined but never used  @typescript-eslint/no-unused-vars

webpack compiled with 3 warnings
No issues found.
Compiling...
Compiled with warnings.

Warning
(160:5) autoprefixer: Replace fill-available to stretch, because spec had been changed

Warning
(166:5) autoprefixer: Replace fill-available to stretch, because spec had been changed

[eslint] 
src/pages/MainLayout.tsx
  Line 14:3:  'Users' is defined but never used     @typescript-eslint/no-unused-vars
  Line 15:3:  'Flame' is defined but never used     @typescript-eslint/no-unused-vars
  Line 16:3:  'Calendar' is defined but never used  @typescript-eslint/no-unused-vars

Search for the keywords to learn more about each warning.
To ignore, add // eslint-disable-next-line to the line before.

WARNING in ./src/index.css (./node_modules/css-loader/dist/cjs.js??ruleSet[1].rules[1].oneOf[5].use[1]!./node_modules/postcss-loader/dist/cjs.js??ruleSet[1].rules[1].oneOf[5].use[2]!./node_modules/source-map-loader/dist/cjs.js!./src/index.css)
Module Warning (from ./node_modules/postcss-loader/dist/cjs.js):
Warning

(160:5) autoprefixer: Replace fill-available to stretch, because spec had been changed

WARNING in ./src/index.css (./node_modules/css-loader/dist/cjs.js??ruleSet[1].rules[1].oneOf[5].use[1]!./node_modules/postcss-loader/dist/cjs.js??ruleSet[1].rules[1].oneOf[5].use[2]!./node_modules/source-map-loader/dist/cjs.js!./src/index.css)
Module Warning (from ./node_modules/postcss-loader/dist/cjs.js):
Warning

(166:5) autoprefixer: Replace fill-available to stretch, because spec had been changed

WARNING in [eslint] 
src/pages/MainLayout.tsx
  Line 14:3:  'Users' is defined but never used     @typescript-eslint/no-unused-vars
  Line 15:3:  'Flame' is defined but never used     @typescript-eslint/no-unused-vars
  Line 16:3:  'Calendar' is defined but never used  @typescript-eslint/no-unused-vars

webpack compiled with 3 warnings
No issues found.
Compiling...
Compiled with warnings.

Warning
(160:5) autoprefixer: Replace fill-available to stretch, because spec had been changed

Warning
(166:5) autoprefixer: Replace fill-available to stretch, because spec had been changed

[eslint] 
src/pages/MainLayout.tsx
  Line 14:3:  'Users' is defined but never used     @typescript-eslint/no-unused-vars
  Line 15:3:  'Flame' is defined but never used     @typescript-eslint/no-unused-vars
  Line 16:3:  'Calendar' is defined but never used  @typescript-eslint/no-unused-vars

Search for the keywords to learn more about each warning.
To ignore, add // eslint-disable-next-line to the line before.

WARNING in ./src/index.css (./node_modules/css-loader/dist/cjs.js??ruleSet[1].rules[1].oneOf[5].use[1]!./node_modules/postcss-loader/dist/cjs.js??ruleSet[1].rules[1].oneOf[5].use[2]!./node_modules/source-map-loader/dist/cjs.js!./src/index.css)
Module Warning (from ./node_modules/postcss-loader/dist/cjs.js):
Warning

(160:5) autoprefixer: Replace fill-available to stretch, because spec had been changed

WARNING in ./src/index.css (./node_modules/css-loader/dist/cjs.js??ruleSet[1].rules[1].oneOf[5].use[1]!./node_modules/postcss-loader/dist/cjs.js??ruleSet[1].rules[1].oneOf[5].use[2]!./node_modules/source-map-loader/dist/cjs.js!./src/index.css)
Module Warning (from ./node_modules/postcss-loader/dist/cjs.js):
Warning

(166:5) autoprefixer: Replace fill-available to stretch, because spec had been changed

WARNING in [eslint] 
src/pages/MainLayout.tsx
  Line 14:3:  'Users' is defined but never used     @typescript-eslint/no-unused-vars
  Line 15:3:  'Flame' is defined but never used     @typescript-eslint/no-unused-vars
  Line 16:3:  'Calendar' is defined but never used  @typescript-eslint/no-unused-vars

webpack compiled with 3 warnings
No issues found.
Compiling...
Compiled with warnings.

Warning
(160:5) autoprefixer: Replace fill-available to stretch, because spec had been changed

Warning
(166:5) autoprefixer: Replace fill-available to stretch, because spec had been changed

[eslint] 
src/pages/MainLayout.tsx
  Line 10:10:  'useCallback' is defined but never used  @typescript-eslint/no-unused-vars
  Line 10:23:  'useRef' is defined but never used       @typescript-eslint/no-unused-vars
  Line 15:3:   'Users' is defined but never used        @typescript-eslint/no-unused-vars
  Line 16:3:   'Flame' is defined but never used        @typescript-eslint/no-unused-vars
  Line 17:3:   'Calendar' is defined but never used     @typescript-eslint/no-unused-vars

Search for the keywords to learn more about each warning.
To ignore, add // eslint-disable-next-line to the line before.

WARNING in ./src/index.css (./node_modules/css-loader/dist/cjs.js??ruleSet[1].rules[1].oneOf[5].use[1]!./node_modules/postcss-loader/dist/cjs.js??ruleSet[1].rules[1].oneOf[5].use[2]!./node_modules/source-map-loader/dist/cjs.js!./src/index.css)
Module Warning (from ./node_modules/postcss-loader/dist/cjs.js):
Warning

(160:5) autoprefixer: Replace fill-available to stretch, because spec had been changed

WARNING in ./src/index.css (./node_modules/css-loader/dist/cjs.js??ruleSet[1].rules[1].oneOf[5].use[1]!./node_modules/postcss-loader/dist/cjs.js??ruleSet[1].rules[1].oneOf[5].use[2]!./node_modules/source-map-loader/dist/cjs.js!./src/index.css)
Module Warning (from ./node_modules/postcss-loader/dist/cjs.js):
Warning

(166:5) autoprefixer: Replace fill-available to stretch, because spec had been changed

WARNING in [eslint] 
src/pages/MainLayout.tsx
  Line 10:10:  'useCallback' is defined but never used  @typescript-eslint/no-unused-vars
  Line 10:23:  'useRef' is defined but never used       @typescript-eslint/no-unused-vars
  Line 15:3:   'Users' is defined but never used        @typescript-eslint/no-unused-vars
  Line 16:3:   'Flame' is defined but never used        @typescript-eslint/no-unused-vars
  Line 17:3:   'Calendar' is defined but never used     @typescript-eslint/no-unused-vars

webpack compiled with 3 warnings
No issues found.
Compiling...
Compiled with warnings.

Warning
(160:5) autoprefixer: Replace fill-available to stretch, because spec had been changed

Warning
(166:5) autoprefixer: Replace fill-available to stretch, because spec had been changed

[eslint] 
src/pages/MainLayout.tsx
  Line 1:38:  'useRef' is defined but never used    @typescript-eslint/no-unused-vars
  Line 14:3:  'Users' is defined but never used     @typescript-eslint/no-unused-vars
  Line 15:3:  'Flame' is defined but never used     @typescript-eslint/no-unused-vars
  Line 16:3:  'Calendar' is defined but never used  @typescript-eslint/no-unused-vars

Search for the keywords to learn more about each warning.
To ignore, add // eslint-disable-next-line to the line before.

WARNING in ./src/index.css (./node_modules/css-loader/dist/cjs.js??ruleSet[1].rules[1].oneOf[5].use[1]!./node_modules/postcss-loader/dist/cjs.js??ruleSet[1].rules[1].oneOf[5].use[2]!./node_modules/source-map-loader/dist/cjs.js!./src/index.css)
Module Warning (from ./node_modules/postcss-loader/dist/cjs.js):
Warning

(160:5) autoprefixer: Replace fill-available to stretch, because spec had been changed

WARNING in ./src/index.css (./node_modules/css-loader/dist/cjs.js??ruleSet[1].rules[1].oneOf[5].use[1]!./node_modules/postcss-loader/dist/cjs.js??ruleSet[1].rules[1].oneOf[5].use[2]!./node_modules/source-map-loader/dist/cjs.js!./src/index.css)
Module Warning (from ./node_modules/postcss-loader/dist/cjs.js):
Warning

(166:5) autoprefixer: Replace fill-available to stretch, because spec had been changed

WARNING in [eslint] 
src/pages/MainLayout.tsx
  Line 1:38:  'useRef' is defined but never used    @typescript-eslint/no-unused-vars
  Line 14:3:  'Users' is defined but never used     @typescript-eslint/no-unused-vars
  Line 15:3:  'Flame' is defined but never used     @typescript-eslint/no-unused-vars
  Line 16:3:  'Calendar' is defined but never used  @typescript-eslint/no-unused-vars

webpack compiled with 3 warnings
No issues found.
Compiling...
Compiled with warnings.

Warning
(160:5) autoprefixer: Replace fill-available to stretch, because spec had been changed

Warning
(166:5) autoprefixer: Replace fill-available to stretch, because spec had been changed

[eslint] 
src/pages/MainLayout.tsx
  Line 14:3:  'Users' is defined but never used     @typescript-eslint/no-unused-vars
  Line 15:3:  'Flame' is defined but never used     @typescript-eslint/no-unused-vars
  Line 16:3:  'Calendar' is defined but never used  @typescript-eslint/no-unused-vars

Search for the keywords to learn more about each warning.
To ignore, add // eslint-disable-next-line to the line before.

WARNING in ./src/index.css (./node_modules/css-loader/dist/cjs.js??ruleSet[1].rules[1].oneOf[5].use[1]!./node_modules/postcss-loader/dist/cjs.js??ruleSet[1].rules[1].oneOf[5].use[2]!./node_modules/source-map-loader/dist/cjs.js!./src/index.css)
Module Warning (from ./node_modules/postcss-loader/dist/cjs.js):
Warning

(160:5) autoprefixer: Replace fill-available to stretch, because spec had been changed

WARNING in ./src/index.css (./node_modules/css-loader/dist/cjs.js??ruleSet[1].rules[1].oneOf[5].use[1]!./node_modules/postcss-loader/dist/cjs.js??ruleSet[1].rules[1].oneOf[5].use[2]!./node_modules/source-map-loader/dist/cjs.js!./src/index.css)
Module Warning (from ./node_modules/postcss-loader/dist/cjs.js):
Warning

(166:5) autoprefixer: Replace fill-available to stretch, because spec had been changed

WARNING in [eslint] 
src/pages/MainLayout.tsx
  Line 14:3:  'Users' is defined but never used     @typescript-eslint/no-unused-vars
  Line 15:3:  'Flame' is defined but never used     @typescript-eslint/no-unused-vars
  Line 16:3:  'Calendar' is defined but never used  @typescript-eslint/no-unused-vars

webpack compiled with 3 warnings
No issues found.
Compiling...
Compiled with warnings.

Warning
(160:5) autoprefixer: Replace fill-available to stretch, because spec had been changed

Warning
(166:5) autoprefixer: Replace fill-available to stretch, because spec had been changed

[eslint] 
src/pages/MainLayout.tsx
  Line 14:3:  'Users' is defined but never used     @typescript-eslint/no-unused-vars
  Line 15:3:  'Flame' is defined but never used     @typescript-eslint/no-unused-vars
  Line 16:3:  'Calendar' is defined but never used  @typescript-eslint/no-unused-vars

Search for the keywords to learn more about each warning.
To ignore, add // eslint-disable-next-line to the line before.

WARNING in ./src/index.css (./node_modules/css-loader/dist/cjs.js??ruleSet[1].rules[1].oneOf[5].use[1]!./node_modules/postcss-loader/dist/cjs.js??ruleSet[1].rules[1].oneOf[5].use[2]!./node_modules/source-map-loader/dist/cjs.js!./src/index.css)
Module Warning (from ./node_modules/postcss-loader/dist/cjs.js):
Warning

(160:5) autoprefixer: Replace fill-available to stretch, because spec had been changed

WARNING in ./src/index.css (./node_modules/css-loader/dist/cjs.js??ruleSet[1].rules[1].oneOf[5].use[1]!./node_modules/postcss-loader/dist/cjs.js??ruleSet[1].rules[1].oneOf[5].use[2]!./node_modules/source-map-loader/dist/cjs.js!./src/index.css)
Module Warning (from ./node_modules/postcss-loader/dist/cjs.js):
Warning

(166:5) autoprefixer: Replace fill-available to stretch, because spec had been changed

WARNING in [eslint] 
src/pages/MainLayout.tsx
  Line 14:3:  'Users' is defined but never used     @typescript-eslint/no-unused-vars
  Line 15:3:  'Flame' is defined but never used     @typescript-eslint/no-unused-vars
  Line 16:3:  'Calendar' is defined but never used  @typescript-eslint/no-unused-vars

webpack compiled with 3 warnings
No issues found.
Compiling...
Compiled with warnings.

Warning
(160:5) autoprefixer: Replace fill-available to stretch, because spec had been changed

Warning
(166:5) autoprefixer: Replace fill-available to stretch, because spec had been changed

[eslint] 
src/pages/MainLayout.tsx
  Line 9:28:  'POST_TAGS' is defined but never used  @typescript-eslint/no-unused-vars
  Line 9:39:  'PostTag' is defined but never used    @typescript-eslint/no-unused-vars
  Line 14:3:  'Users' is defined but never used      @typescript-eslint/no-unused-vars
  Line 15:3:  'Flame' is defined but never used      @typescript-eslint/no-unused-vars
  Line 16:3:  'Calendar' is defined but never used   @typescript-eslint/no-unused-vars

Search for the keywords to learn more about each warning.
To ignore, add // eslint-disable-next-line to the line before.

WARNING in ./src/index.css (./node_modules/css-loader/dist/cjs.js??ruleSet[1].rules[1].oneOf[5].use[1]!./node_modules/postcss-loader/dist/cjs.js??ruleSet[1].rules[1].oneOf[5].use[2]!./node_modules/source-map-loader/dist/cjs.js!./src/index.css)
Module Warning (from ./node_modules/postcss-loader/dist/cjs.js):
Warning

(160:5) autoprefixer: Replace fill-available to stretch, because spec had been changed

WARNING in ./src/index.css (./node_modules/css-loader/dist/cjs.js??ruleSet[1].rules[1].oneOf[5].use[1]!./node_modules/postcss-loader/dist/cjs.js??ruleSet[1].rules[1].oneOf[5].use[2]!./node_modules/source-map-loader/dist/cjs.js!./src/index.css)
Module Warning (from ./node_modules/postcss-loader/dist/cjs.js):
Warning

(166:5) autoprefixer: Replace fill-available to stretch, because spec had been changed

WARNING in [eslint] 
src/pages/MainLayout.tsx
  Line 9:28:  'POST_TAGS' is defined but never used  @typescript-eslint/no-unused-vars
  Line 9:39:  'PostTag' is defined but never used    @typescript-eslint/no-unused-vars
  Line 14:3:  'Users' is defined but never used      @typescript-eslint/no-unused-vars
  Line 15:3:  'Flame' is defined but never used      @typescript-eslint/no-unused-vars
  Line 16:3:  'Calendar' is defined but never used   @typescript-eslint/no-unused-vars

webpack compiled with 3 warnings
No issues found.
Compiling...
Compiled with warnings.

Warning
(160:5) autoprefixer: Replace fill-available to stretch, because spec had been changed

Warning
(166:5) autoprefixer: Replace fill-available to stretch, because spec had been changed

[eslint] 
src/pages/MainLayout.tsx
  Line 9:28:   'POST_TAGS' is defined but never used                    @typescript-eslint/no-unused-vars
  Line 14:3:   'Users' is defined but never used                        @typescript-eslint/no-unused-vars
  Line 15:3:   'Flame' is defined but never used                        @typescript-eslint/no-unused-vars
  Line 16:3:   'Calendar' is defined but never used                     @typescript-eslint/no-unused-vars
  Line 58:10:  'activeTagFilter' is assigned a value but never used     @typescript-eslint/no-unused-vars
  Line 58:27:  'setActiveTagFilter' is assigned a value but never used  @typescript-eslint/no-unused-vars

Search for the keywords to learn more about each warning.
To ignore, add // eslint-disable-next-line to the line before.

WARNING in ./src/index.css (./node_modules/css-loader/dist/cjs.js??ruleSet[1].rules[1].oneOf[5].use[1]!./node_modules/postcss-loader/dist/cjs.js??ruleSet[1].rules[1].oneOf[5].use[2]!./node_modules/source-map-loader/dist/cjs.js!./src/index.css)
Module Warning (from ./node_modules/postcss-loader/dist/cjs.js):
Warning

(160:5) autoprefixer: Replace fill-available to stretch, because spec had been changed

WARNING in ./src/index.css (./node_modules/css-loader/dist/cjs.js??ruleSet[1].rules[1].oneOf[5].use[1]!./node_modules/postcss-loader/dist/cjs.js??ruleSet[1].rules[1].oneOf[5].use[2]!./node_modules/source-map-loader/dist/cjs.js!./src/index.css)
Module Warning (from ./node_modules/postcss-loader/dist/cjs.js):
Warning

(166:5) autoprefixer: Replace fill-available to stretch, because spec had been changed

WARNING in [eslint] 
src/pages/MainLayout.tsx
  Line 9:28:   'POST_TAGS' is defined but never used                    @typescript-eslint/no-unused-vars
  Line 14:3:   'Users' is defined but never used                        @typescript-eslint/no-unused-vars
  Line 15:3:   'Flame' is defined but never used                        @typescript-eslint/no-unused-vars
  Line 16:3:   'Calendar' is defined but never used                     @typescript-eslint/no-unused-vars
  Line 58:10:  'activeTagFilter' is assigned a value but never used     @typescript-eslint/no-unused-vars
  Line 58:27:  'setActiveTagFilter' is assigned a value but never used  @typescript-eslint/no-unused-vars

webpack compiled with 3 warnings
No issues found.
Compiling...
Compiled with warnings.

Warning
(160:5) autoprefixer: Replace fill-available to stretch, because spec had been changed

Warning
(166:5) autoprefixer: Replace fill-available to stretch, because spec had been changed

[eslint] 
src/pages/MainLayout.tsx
  Line 14:3:  'Users' is defined but never used     @typescript-eslint/no-unused-vars
  Line 15:3:  'Flame' is defined but never used     @typescript-eslint/no-unused-vars
  Line 16:3:  'Calendar' is defined but never used  @typescript-eslint/no-unused-vars

Search for the keywords to learn more about each warning.
To ignore, add // eslint-disable-next-line to the line before.

WARNING in ./src/index.css (./node_modules/css-loader/dist/cjs.js??ruleSet[1].rules[1].oneOf[5].use[1]!./node_modules/postcss-loader/dist/cjs.js??ruleSet[1].rules[1].oneOf[5].use[2]!./node_modules/source-map-loader/dist/cjs.js!./src/index.css)
Module Warning (from ./node_modules/postcss-loader/dist/cjs.js):
Warning

(160:5) autoprefixer: Replace fill-available to stretch, because spec had been changed

WARNING in ./src/index.css (./node_modules/css-loader/dist/cjs.js??ruleSet[1].rules[1].oneOf[5].use[1]!./node_modules/postcss-loader/dist/cjs.js??ruleSet[1].rules[1].oneOf[5].use[2]!./node_modules/source-map-loader/dist/cjs.js!./src/index.css)
Module Warning (from ./node_modules/postcss-loader/dist/cjs.js):
Warning

(166:5) autoprefixer: Replace fill-available to stretch, because spec had been changed

WARNING in [eslint] 
src/pages/MainLayout.tsx
  Line 14:3:  'Users' is defined but never used     @typescript-eslint/no-unused-vars
  Line 15:3:  'Flame' is defined but never used     @typescript-eslint/no-unused-vars
  Line 16:3:  'Calendar' is defined but never used  @typescript-eslint/no-unused-vars

webpack compiled with 3 warnings
No issues found.
Compiling...
Compiled with warnings.

Warning
(160:5) autoprefixer: Replace fill-available to stretch, because spec had been changed

Warning
(166:5) autoprefixer: Replace fill-available to stretch, because spec had been changed

[eslint] 
src/pages/MainLayout.tsx
  Line 14:3:  'Users' is defined but never used     @typescript-eslint/no-unused-vars
  Line 15:3:  'Flame' is defined but never used     @typescript-eslint/no-unused-vars
  Line 16:3:  'Calendar' is defined but never used  @typescript-eslint/no-unused-vars

Search for the keywords to learn more about each warning.
To ignore, add // eslint-disable-next-line to the line before.

WARNING in ./src/index.css (./node_modules/css-loader/dist/cjs.js??ruleSet[1].rules[1].oneOf[5].use[1]!./node_modules/postcss-loader/dist/cjs.js??ruleSet[1].rules[1].oneOf[5].use[2]!./node_modules/source-map-loader/dist/cjs.js!./src/index.css)
Module Warning (from ./node_modules/postcss-loader/dist/cjs.js):
Warning

(160:5) autoprefixer: Replace fill-available to stretch, because spec had been changed

WARNING in ./src/index.css (./node_modules/css-loader/dist/cjs.js??ruleSet[1].rules[1].oneOf[5].use[1]!./node_modules/postcss-loader/dist/cjs.js??ruleSet[1].rules[1].oneOf[5].use[2]!./node_modules/source-map-loader/dist/cjs.js!./src/index.css)
Module Warning (from ./node_modules/postcss-loader/dist/cjs.js):
Warning

(166:5) autoprefixer: Replace fill-available to stretch, because spec had been changed

WARNING in [eslint] 
src/pages/MainLayout.tsx
  Line 14:3:  'Users' is defined but never used     @typescript-eslint/no-unused-vars
  Line 15:3:  'Flame' is defined but never used     @typescript-eslint/no-unused-vars
  Line 16:3:  'Calendar' is defined but never used  @typescript-eslint/no-unused-vars

webpack compiled with 3 warnings
Files successfully emitted, waiting for typecheck results...
Issues checking in progress...
No issues found.
Compiling...
Compiled with warnings.

Warning
(160:5) autoprefixer: Replace fill-available to stretch, because spec had been changed

Warning
(166:5) autoprefixer: Replace fill-available to stretch, because spec had been changed

[eslint] 
src/pages/MainLayout.tsx
  Line 14:3:   'Users' is defined but never used                         @typescript-eslint/no-unused-vars
  Line 15:3:   'Flame' is defined but never used                         @typescript-eslint/no-unused-vars
  Line 16:3:   'Calendar' is defined but never used                      @typescript-eslint/no-unused-vars
  Line 59:10:  'activeDaysFilter' is assigned a value but never used     @typescript-eslint/no-unused-vars
  Line 59:28:  'setActiveDaysFilter' is assigned a value but never used  @typescript-eslint/no-unused-vars

Search for the keywords to learn more about each warning.
To ignore, add // eslint-disable-next-line to the line before.

WARNING in ./src/index.css (./node_modules/css-loader/dist/cjs.js??ruleSet[1].rules[1].oneOf[5].use[1]!./node_modules/postcss-loader/dist/cjs.js??ruleSet[1].rules[1].oneOf[5].use[2]!./node_modules/source-map-loader/dist/cjs.js!./src/index.css)
Module Warning (from ./node_modules/postcss-loader/dist/cjs.js):
Warning

(160:5) autoprefixer: Replace fill-available to stretch, because spec had been changed

WARNING in ./src/index.css (./node_modules/css-loader/dist/cjs.js??ruleSet[1].rules[1].oneOf[5].use[1]!./node_modules/postcss-loader/dist/cjs.js??ruleSet[1].rules[1].oneOf[5].use[2]!./node_modules/source-map-loader/dist/cjs.js!./src/index.css)
Module Warning (from ./node_modules/postcss-loader/dist/cjs.js):
Warning

(166:5) autoprefixer: Replace fill-available to stretch, because spec had been changed

WARNING in [eslint] 
src/pages/MainLayout.tsx
  Line 14:3:   'Users' is defined but never used                         @typescript-eslint/no-unused-vars
  Line 15:3:   'Flame' is defined but never used                         @typescript-eslint/no-unused-vars
  Line 16:3:   'Calendar' is defined but never used                      @typescript-eslint/no-unused-vars
  Line 59:10:  'activeDaysFilter' is assigned a value but never used     @typescript-eslint/no-unused-vars
  Line 59:28:  'setActiveDaysFilter' is assigned a value but never used  @typescript-eslint/no-unused-vars

webpack compiled with 3 warnings
No issues found.
Compiling...
Compiled with warnings.

Warning
(160:5) autoprefixer: Replace fill-available to stretch, because spec had been changed

Warning
(166:5) autoprefixer: Replace fill-available to stretch, because spec had been changed

[eslint] 
src/pages/MainLayout.tsx
  Line 14:3:   'Users' is defined but never used                         @typescript-eslint/no-unused-vars
  Line 15:3:   'Flame' is defined but never used                         @typescript-eslint/no-unused-vars
  Line 16:3:   'Calendar' is defined but never used                      @typescript-eslint/no-unused-vars
  Line 59:28:  'setActiveDaysFilter' is assigned a value but never used  @typescript-eslint/no-unused-vars

Search for the keywords to learn more about each warning.
To ignore, add // eslint-disable-next-line to the line before.

WARNING in ./src/index.css (./node_modules/css-loader/dist/cjs.js??ruleSet[1].rules[1].oneOf[5].use[1]!./node_modules/postcss-loader/dist/cjs.js??ruleSet[1].rules[1].oneOf[5].use[2]!./node_modules/source-map-loader/dist/cjs.js!./src/index.css)
Module Warning (from ./node_modules/postcss-loader/dist/cjs.js):
Warning

(160:5) autoprefixer: Replace fill-available to stretch, because spec had been changed

WARNING in ./src/index.css (./node_modules/css-loader/dist/cjs.js??ruleSet[1].rules[1].oneOf[5].use[1]!./node_modules/postcss-loader/dist/cjs.js??ruleSet[1].rules[1].oneOf[5].use[2]!./node_modules/source-map-loader/dist/cjs.js!./src/index.css)
Module Warning (from ./node_modules/postcss-loader/dist/cjs.js):
Warning

(166:5) autoprefixer: Replace fill-available to stretch, because spec had been changed

WARNING in [eslint] 
src/pages/MainLayout.tsx
  Line 14:3:   'Users' is defined but never used                         @typescript-eslint/no-unused-vars
  Line 15:3:   'Flame' is defined but never used                         @typescript-eslint/no-unused-vars
  Line 16:3:   'Calendar' is defined but never used                      @typescript-eslint/no-unused-vars
  Line 59:28:  'setActiveDaysFilter' is assigned a value but never used  @typescript-eslint/no-unused-vars

webpack compiled with 3 warnings
No issues found.
Compiling...
Compiled with warnings.

Warning
(160:5) autoprefixer: Replace fill-available to stretch, because spec had been changed

Warning
(166:5) autoprefixer: Replace fill-available to stretch, because spec had been changed

[eslint] 
src/pages/MainLayout.tsx
  Line 14:3:  'Users' is defined but never used     @typescript-eslint/no-unused-vars
  Line 15:3:  'Flame' is defined but never used     @typescript-eslint/no-unused-vars
  Line 16:3:  'Calendar' is defined but never used  @typescript-eslint/no-unused-vars

Search for the keywords to learn more about each warning.
To ignore, add // eslint-disable-next-line to the line before.

WARNING in ./src/index.css (./node_modules/css-loader/dist/cjs.js??ruleSet[1].rules[1].oneOf[5].use[1]!./node_modules/postcss-loader/dist/cjs.js??ruleSet[1].rules[1].oneOf[5].use[2]!./node_modules/source-map-loader/dist/cjs.js!./src/index.css)
Module Warning (from ./node_modules/postcss-loader/dist/cjs.js):
Warning

(160:5) autoprefixer: Replace fill-available to stretch, because spec had been changed

WARNING in ./src/index.css (./node_modules/css-loader/dist/cjs.js??ruleSet[1].rules[1].oneOf[5].use[1]!./node_modules/postcss-loader/dist/cjs.js??ruleSet[1].rules[1].oneOf[5].use[2]!./node_modules/source-map-loader/dist/cjs.js!./src/index.css)
Module Warning (from ./node_modules/postcss-loader/dist/cjs.js):
Warning

(166:5) autoprefixer: Replace fill-available to stretch, because spec had been changed

WARNING in [eslint] 
src/pages/MainLayout.tsx
  Line 14:3:  'Users' is defined but never used     @typescript-eslint/no-unused-vars
  Line 15:3:  'Flame' is defined but never used     @typescript-eslint/no-unused-vars
  Line 16:3:  'Calendar' is defined but never used  @typescript-eslint/no-unused-vars

webpack compiled with 3 warnings
No issues found.
Compiling...
Compiled with warnings.

Warning
(160:5) autoprefixer: Replace fill-available to stretch, because spec had been changed

Warning
(166:5) autoprefixer: Replace fill-available to stretch, because spec had been changed

[eslint] 
src/pages/MainLayout.tsx
  Line 14:3:   'Users' is defined but never used                          @typescript-eslint/no-unused-vars
  Line 15:3:   'Flame' is defined but never used                          @typescript-eslint/no-unused-vars
  Line 16:3:   'Calendar' is defined but never used                       @typescript-eslint/no-unused-vars
  Line 61:10:  'openCommentPostId' is assigned a value but never used     @typescript-eslint/no-unused-vars
  Line 61:29:  'setOpenCommentPostId' is assigned a value but never used  @typescript-eslint/no-unused-vars
  Line 62:10:  'postComments' is assigned a value but never used          @typescript-eslint/no-unused-vars
  Line 62:24:  'setPostComments' is assigned a value but never used       @typescript-eslint/no-unused-vars
  Line 63:10:  'commentTexts' is assigned a value but never used          @typescript-eslint/no-unused-vars
  Line 63:24:  'setCommentTexts' is assigned a value but never used       @typescript-eslint/no-unused-vars
  Line 64:10:  'commentLoading' is assigned a value but never used        @typescript-eslint/no-unused-vars
  Line 64:26:  'setCommentLoading' is assigned a value but never used     @typescript-eslint/no-unused-vars
  Line 65:10:  'submittingComment' is assigned a value but never used     @typescript-eslint/no-unused-vars
  Line 65:29:  'setSubmittingComment' is assigned a value but never used  @typescript-eslint/no-unused-vars

Search for the keywords to learn more about each warning.
To ignore, add // eslint-disable-next-line to the line before.

WARNING in ./src/index.css (./node_modules/css-loader/dist/cjs.js??ruleSet[1].rules[1].oneOf[5].use[1]!./node_modules/postcss-loader/dist/cjs.js??ruleSet[1].rules[1].oneOf[5].use[2]!./node_modules/source-map-loader/dist/cjs.js!./src/index.css)
Module Warning (from ./node_modules/postcss-loader/dist/cjs.js):
Warning

(160:5) autoprefixer: Replace fill-available to stretch, because spec had been changed

WARNING in ./src/index.css (./node_modules/css-loader/dist/cjs.js??ruleSet[1].rules[1].oneOf[5].use[1]!./node_modules/postcss-loader/dist/cjs.js??ruleSet[1].rules[1].oneOf[5].use[2]!./node_modules/source-map-loader/dist/cjs.js!./src/index.css)
Module Warning (from ./node_modules/postcss-loader/dist/cjs.js):
Warning

(166:5) autoprefixer: Replace fill-available to stretch, because spec had been changed

WARNING in [eslint] 
src/pages/MainLayout.tsx
  Line 14:3:   'Users' is defined but never used                          @typescript-eslint/no-unused-vars
  Line 15:3:   'Flame' is defined but never used                          @typescript-eslint/no-unused-vars
  Line 16:3:   'Calendar' is defined but never used                       @typescript-eslint/no-unused-vars
  Line 61:10:  'openCommentPostId' is assigned a value but never used     @typescript-eslint/no-unused-vars
  Line 61:29:  'setOpenCommentPostId' is assigned a value but never used  @typescript-eslint/no-unused-vars
  Line 62:10:  'postComments' is assigned a value but never used          @typescript-eslint/no-unused-vars
  Line 62:24:  'setPostComments' is assigned a value but never used       @typescript-eslint/no-unused-vars
  Line 63:10:  'commentTexts' is assigned a value but never used          @typescript-eslint/no-unused-vars
  Line 63:24:  'setCommentTexts' is assigned a value but never used       @typescript-eslint/no-unused-vars
  Line 64:10:  'commentLoading' is assigned a value but never used        @typescript-eslint/no-unused-vars
  Line 64:26:  'setCommentLoading' is assigned a value but never used     @typescript-eslint/no-unused-vars
  Line 65:10:  'submittingComment' is assigned a value but never used     @typescript-eslint/no-unused-vars
  Line 65:29:  'setSubmittingComment' is assigned a value but never used  @typescript-eslint/no-unused-vars

webpack compiled with 3 warnings
No issues found.
Compiling...
Compiled with warnings.

Warning
(160:5) autoprefixer: Replace fill-available to stretch, because spec had been changed

Warning
(166:5) autoprefixer: Replace fill-available to stretch, because spec had been changed

[eslint] 
src/pages/MainLayout.tsx
  Line 14:3:   'Users' is defined but never used                       @typescript-eslint/no-unused-vars
  Line 15:3:   'Flame' is defined but never used                       @typescript-eslint/no-unused-vars
  Line 16:3:   'Calendar' is defined but never used                    @typescript-eslint/no-unused-vars
  Line 64:10:  'commentLoading' is assigned a value but never used     @typescript-eslint/no-unused-vars
  Line 65:10:  'submittingComment' is assigned a value but never used  @typescript-eslint/no-unused-vars
  Line 130:9:  'toggleComments' is assigned a value but never used     @typescript-eslint/no-unused-vars
  Line 146:9:  'submitComment' is assigned a value but never used      @typescript-eslint/no-unused-vars

Search for the keywords to learn more about each warning.
To ignore, add // eslint-disable-next-line to the line before.

WARNING in ./src/index.css (./node_modules/css-loader/dist/cjs.js??ruleSet[1].rules[1].oneOf[5].use[1]!./node_modules/postcss-loader/dist/cjs.js??ruleSet[1].rules[1].oneOf[5].use[2]!./node_modules/source-map-loader/dist/cjs.js!./src/index.css)
Module Warning (from ./node_modules/postcss-loader/dist/cjs.js):
Warning

(160:5) autoprefixer: Replace fill-available to stretch, because spec had been changed

WARNING in ./src/index.css (./node_modules/css-loader/dist/cjs.js??ruleSet[1].rules[1].oneOf[5].use[1]!./node_modules/postcss-loader/dist/cjs.js??ruleSet[1].rules[1].oneOf[5].use[2]!./node_modules/source-map-loader/dist/cjs.js!./src/index.css)
Module Warning (from ./node_modules/postcss-loader/dist/cjs.js):
Warning

(166:5) autoprefixer: Replace fill-available to stretch, because spec had been changed

WARNING in [eslint] 
src/pages/MainLayout.tsx
  Line 14:3:   'Users' is defined but never used                       @typescript-eslint/no-unused-vars
  Line 15:3:   'Flame' is defined but never used                       @typescript-eslint/no-unused-vars
  Line 16:3:   'Calendar' is defined but never used                    @typescript-eslint/no-unused-vars
  Line 64:10:  'commentLoading' is assigned a value but never used     @typescript-eslint/no-unused-vars
  Line 65:10:  'submittingComment' is assigned a value but never used  @typescript-eslint/no-unused-vars
  Line 130:9:  'toggleComments' is assigned a value but never used     @typescript-eslint/no-unused-vars
  Line 146:9:  'submitComment' is assigned a value but never used      @typescript-eslint/no-unused-vars

webpack compiled with 3 warnings
No issues found.
Compiling...
Compiled with warnings.

Warning
(160:5) autoprefixer: Replace fill-available to stretch, because spec had been changed

Warning
(166:5) autoprefixer: Replace fill-available to stretch, because spec had been changed

[eslint] 
src/pages/MainLayout.tsx
  Line 14:3:  'Users' is defined but never used     @typescript-eslint/no-unused-vars
  Line 15:3:  'Flame' is defined but never used     @typescript-eslint/no-unused-vars
  Line 16:3:  'Calendar' is defined but never used  @typescript-eslint/no-unused-vars

Search for the keywords to learn more about each warning.
To ignore, add // eslint-disable-next-line to the line before.

WARNING in ./src/index.css (./node_modules/css-loader/dist/cjs.js??ruleSet[1].rules[1].oneOf[5].use[1]!./node_modules/postcss-loader/dist/cjs.js??ruleSet[1].rules[1].oneOf[5].use[2]!./node_modules/source-map-loader/dist/cjs.js!./src/index.css)
Module Warning (from ./node_modules/postcss-loader/dist/cjs.js):
Warning

(160:5) autoprefixer: Replace fill-available to stretch, because spec had been changed

WARNING in ./src/index.css (./node_modules/css-loader/dist/cjs.js??ruleSet[1].rules[1].oneOf[5].use[1]!./node_modules/postcss-loader/dist/cjs.js??ruleSet[1].rules[1].oneOf[5].use[2]!./node_modules/source-map-loader/dist/cjs.js!./src/index.css)
Module Warning (from ./node_modules/postcss-loader/dist/cjs.js):
Warning

(166:5) autoprefixer: Replace fill-available to stretch, because spec had been changed

WARNING in [eslint] 
src/pages/MainLayout.tsx
  Line 14:3:  'Users' is defined but never used     @typescript-eslint/no-unused-vars
  Line 15:3:  'Flame' is defined but never used     @typescript-eslint/no-unused-vars
  Line 16:3:  'Calendar' is defined but never used  @typescript-eslint/no-unused-vars

webpack compiled with 3 warnings
No issues found.
