2026-03-05 20:20:19,286 INFO sqlalchemy.engine.Engine select pg_catalog.version()
2026-03-05 20:20:19,286 INFO sqlalchemy.engine.Engine [raw sql] {}
2026-03-05 20:20:19,287 INFO sqlalchemy.engine.Engine select current_schema()
2026-03-05 20:20:19,287 INFO sqlalchemy.engine.Engine [raw sql] {}
2026-03-05 20:20:19,288 INFO sqlalchemy.engine.Engine show standard_conforming_strings
2026-03-05 20:20:19,288 INFO sqlalchemy.engine.Engine [raw sql] {}
2026-03-05 20:20:19,288 INFO sqlalchemy.engine.Engine BEGIN (implicit)
2026-03-05 20:20:19,289 INFO sqlalchemy.engine.Engine SELECT pg_catalog.pg_class.relname 
FROM pg_catalog.pg_class JOIN pg_catalog.pg_namespace ON pg_catalog.pg_namespace.oid = pg_catalog.pg_class.relnamespace 
WHERE pg_catalog.pg_class.relname = %(table_name)s AND pg_catalog.pg_class.relkind = ANY (ARRAY[%(param_1)s, %(param_2)s, %(param_3)s, %(param_4)s, %(param_5)s]) AND pg_catalog.pg_table_is_visible(pg_catalog.pg_class.oid) AND pg_catalog.pg_namespace.nspname != %(nspname_1)s
2026-03-05 20:20:19,289 INFO sqlalchemy.engine.Engine [generated in 0.00006s] {'table_name': 'users', 'param_1': 'r', 'param_2': 'p', 'param_3': 'f', 'param_4': 'v', 'param_5': 'm', 'nspname_1': 'pg_catalog'}
2026-03-05 20:20:19,292 INFO sqlalchemy.engine.Engine SELECT pg_catalog.pg_class.relname 
FROM pg_catalog.pg_class JOIN pg_catalog.pg_namespace ON pg_catalog.pg_namespace.oid = pg_catalog.pg_class.relnamespace 
WHERE pg_catalog.pg_class.relname = %(table_name)s AND pg_catalog.pg_class.relkind = ANY (ARRAY[%(param_1)s, %(param_2)s, %(param_3)s, %(param_4)s, %(param_5)s]) AND pg_catalog.pg_table_is_visible(pg_catalog.pg_class.oid) AND pg_catalog.pg_namespace.nspname != %(nspname_1)s
2026-03-05 20:20:19,292 INFO sqlalchemy.engine.Engine [cached since 0.002901s ago] {'table_name': 'education', 'param_1': 'r', 'param_2': 'p', 'param_3': 'f', 'param_4': 'v', 'param_5': 'm', 'nspname_1': 'pg_catalog'}
2026-03-05 20:20:19,293 INFO sqlalchemy.engine.Engine SELECT pg_catalog.pg_class.relname 
FROM pg_catalog.pg_class JOIN pg_catalog.pg_namespace ON pg_catalog.pg_namespace.oid = pg_catalog.pg_class.relnamespace 
WHERE pg_catalog.pg_class.relname = %(table_name)s AND pg_catalog.pg_class.relkind = ANY (ARRAY[%(param_1)s, %(param_2)s, %(param_3)s, %(param_4)s, %(param_5)s]) AND pg_catalog.pg_table_is_visible(pg_catalog.pg_class.oid) AND pg_catalog.pg_namespace.nspname != %(nspname_1)s
2026-03-05 20:20:19,293 INFO sqlalchemy.engine.Engine [cached since 0.003306s ago] {'table_name': 'experience', 'param_1': 'r', 'param_2': 'p', 'param_3': 'f', 'param_4': 'v', 'param_5': 'm', 'nspname_1': 'pg_catalog'}
2026-03-05 20:20:19,293 INFO sqlalchemy.engine.Engine SELECT pg_catalog.pg_class.relname 
FROM pg_catalog.pg_class JOIN pg_catalog.pg_namespace ON pg_catalog.pg_namespace.oid = pg_catalog.pg_class.relnamespace 
WHERE pg_catalog.pg_class.relname = %(table_name)s AND pg_catalog.pg_class.relkind = ANY (ARRAY[%(param_1)s, %(param_2)s, %(param_3)s, %(param_4)s, %(param_5)s]) AND pg_catalog.pg_table_is_visible(pg_catalog.pg_class.oid) AND pg_catalog.pg_namespace.nspname != %(nspname_1)s
2026-03-05 20:20:19,293 INFO sqlalchemy.engine.Engine [cached since 0.003645s ago] {'table_name': 'skills', 'param_1': 'r', 'param_2': 'p', 'param_3': 'f', 'param_4': 'v', 'param_5': 'm', 'nspname_1': 'pg_catalog'}
2026-03-05 20:20:19,293 INFO sqlalchemy.engine.Engine SELECT pg_catalog.pg_class.relname 
FROM pg_catalog.pg_class JOIN pg_catalog.pg_namespace ON pg_catalog.pg_namespace.oid = pg_catalog.pg_class.relnamespace 
WHERE pg_catalog.pg_class.relname = %(table_name)s AND pg_catalog.pg_class.relkind = ANY (ARRAY[%(param_1)s, %(param_2)s, %(param_3)s, %(param_4)s, %(param_5)s]) AND pg_catalog.pg_table_is_visible(pg_catalog.pg_class.oid) AND pg_catalog.pg_namespace.nspname != %(nspname_1)s
2026-03-05 20:20:19,293 INFO sqlalchemy.engine.Engine [cached since 0.003982s ago] {'table_name': 'user_skills', 'param_1': 'r', 'param_2': 'p', 'param_3': 'f', 'param_4': 'v', 'param_5': 'm', 'nspname_1': 'pg_catalog'}
2026-03-05 20:20:19,294 INFO sqlalchemy.engine.Engine SELECT pg_catalog.pg_class.relname 
FROM pg_catalog.pg_class JOIN pg_catalog.pg_namespace ON pg_catalog.pg_namespace.oid = pg_catalog.pg_class.relnamespace 
WHERE pg_catalog.pg_class.relname = %(table_name)s AND pg_catalog.pg_class.relkind = ANY (ARRAY[%(param_1)s, %(param_2)s, %(param_3)s, %(param_4)s, %(param_5)s]) AND pg_catalog.pg_table_is_visible(pg_catalog.pg_class.oid) AND pg_catalog.pg_namespace.nspname != %(nspname_1)s
2026-03-05 20:20:19,294 INFO sqlalchemy.engine.Engine [cached since 0.004413s ago] {'table_name': 'posts', 'param_1': 'r', 'param_2': 'p', 'param_3': 'f', 'param_4': 'v', 'param_5': 'm', 'nspname_1': 'pg_catalog'}
2026-03-05 20:20:19,294 INFO sqlalchemy.engine.Engine SELECT pg_catalog.pg_class.relname 
FROM pg_catalog.pg_class JOIN pg_catalog.pg_namespace ON pg_catalog.pg_namespace.oid = pg_catalog.pg_class.relnamespace 
WHERE pg_catalog.pg_class.relname = %(table_name)s AND pg_catalog.pg_class.relkind = ANY (ARRAY[%(param_1)s, %(param_2)s, %(param_3)s, %(param_4)s, %(param_5)s]) AND pg_catalog.pg_table_is_visible(pg_catalog.pg_class.oid) AND pg_catalog.pg_namespace.nspname != %(nspname_1)s
2026-03-05 20:20:19,294 INFO sqlalchemy.engine.Engine [cached since 0.004733s ago] {'table_name': 'post_likes', 'param_1': 'r', 'param_2': 'p', 'param_3': 'f', 'param_4': 'v', 'param_5': 'm', 'nspname_1': 'pg_catalog'}
2026-03-05 20:20:19,294 INFO sqlalchemy.engine.Engine SELECT pg_catalog.pg_class.relname 
FROM pg_catalog.pg_class JOIN pg_catalog.pg_namespace ON pg_catalog.pg_namespace.oid = pg_catalog.pg_class.relnamespace 
WHERE pg_catalog.pg_class.relname = %(table_name)s AND pg_catalog.pg_class.relkind = ANY (ARRAY[%(param_1)s, %(param_2)s, %(param_3)s, %(param_4)s, %(param_5)s]) AND pg_catalog.pg_table_is_visible(pg_catalog.pg_class.oid) AND pg_catalog.pg_namespace.nspname != %(nspname_1)s
2026-03-05 20:20:19,294 INFO sqlalchemy.engine.Engine [cached since 0.005022s ago] {'table_name': 'comments', 'param_1': 'r', 'param_2': 'p', 'param_3': 'f', 'param_4': 'v', 'param_5': 'm', 'nspname_1': 'pg_catalog'}
2026-03-05 20:20:19,295 INFO sqlalchemy.engine.Engine SELECT pg_catalog.pg_class.relname 
FROM pg_catalog.pg_class JOIN pg_catalog.pg_namespace ON pg_catalog.pg_namespace.oid = pg_catalog.pg_class.relnamespace 
WHERE pg_catalog.pg_class.relname = %(table_name)s AND pg_catalog.pg_class.relkind = ANY (ARRAY[%(param_1)s, %(param_2)s, %(param_3)s, %(param_4)s, %(param_5)s]) AND pg_catalog.pg_table_is_visible(pg_catalog.pg_class.oid) AND pg_catalog.pg_namespace.nspname != %(nspname_1)s
2026-03-05 20:20:19,295 INFO sqlalchemy.engine.Engine [cached since 0.005328s ago] {'table_name': 'user_connections', 'param_1': 'r', 'param_2': 'p', 'param_3': 'f', 'param_4': 'v', 'param_5': 'm', 'nspname_1': 'pg_catalog'}
2026-03-05 20:20:19,295 INFO sqlalchemy.engine.Engine SELECT pg_catalog.pg_class.relname 
FROM pg_catalog.pg_class JOIN pg_catalog.pg_namespace ON pg_catalog.pg_namespace.oid = pg_catalog.pg_class.relnamespace 
WHERE pg_catalog.pg_class.relname = %(table_name)s AND pg_catalog.pg_class.relkind = ANY (ARRAY[%(param_1)s, %(param_2)s, %(param_3)s, %(param_4)s, %(param_5)s]) AND pg_catalog.pg_table_is_visible(pg_catalog.pg_class.oid) AND pg_catalog.pg_namespace.nspname != %(nspname_1)s
2026-03-05 20:20:19,295 INFO sqlalchemy.engine.Engine [cached since 0.005759s ago] {'table_name': 'notifications', 'param_1': 'r', 'param_2': 'p', 'param_3': 'f', 'param_4': 'v', 'param_5': 'm', 'nspname_1': 'pg_catalog'}
2026-03-05 20:20:19,296 INFO sqlalchemy.engine.Engine COMMIT
INFO:     Will watch for changes in these directories: ['/Users/snehashisghosh/Documents/snehashis/ft_prep/julienites/backend']
INFO:     Uvicorn running on http://0.0.0.0:8000 (Press CTRL+C to quit)
INFO:     Started reloader process [31889] using WatchFiles
2026-03-05 20:20:19,789 INFO sqlalchemy.engine.Engine select pg_catalog.version()
2026-03-05 20:20:19,789 INFO sqlalchemy.engine.Engine [raw sql] {}
2026-03-05 20:20:19,790 INFO sqlalchemy.engine.Engine select current_schema()
2026-03-05 20:20:19,790 INFO sqlalchemy.engine.Engine [raw sql] {}
2026-03-05 20:20:19,790 INFO sqlalchemy.engine.Engine show standard_conforming_strings
2026-03-05 20:20:19,790 INFO sqlalchemy.engine.Engine [raw sql] {}
2026-03-05 20:20:19,791 INFO sqlalchemy.engine.Engine BEGIN (implicit)
2026-03-05 20:20:19,792 INFO sqlalchemy.engine.Engine SELECT pg_catalog.pg_class.relname 
FROM pg_catalog.pg_class JOIN pg_catalog.pg_namespace ON pg_catalog.pg_namespace.oid = pg_catalog.pg_class.relnamespace 
WHERE pg_catalog.pg_class.relname = %(table_name)s AND pg_catalog.pg_class.relkind = ANY (ARRAY[%(param_1)s, %(param_2)s, %(param_3)s, %(param_4)s, %(param_5)s]) AND pg_catalog.pg_table_is_visible(pg_catalog.pg_class.oid) AND pg_catalog.pg_namespace.nspname != %(nspname_1)s
2026-03-05 20:20:19,792 INFO sqlalchemy.engine.Engine [generated in 0.00006s] {'table_name': 'users', 'param_1': 'r', 'param_2': 'p', 'param_3': 'f', 'param_4': 'v', 'param_5': 'm', 'nspname_1': 'pg_catalog'}
2026-03-05 20:20:19,794 INFO sqlalchemy.engine.Engine SELECT pg_catalog.pg_class.relname 
FROM pg_catalog.pg_class JOIN pg_catalog.pg_namespace ON pg_catalog.pg_namespace.oid = pg_catalog.pg_class.relnamespace 
WHERE pg_catalog.pg_class.relname = %(table_name)s AND pg_catalog.pg_class.relkind = ANY (ARRAY[%(param_1)s, %(param_2)s, %(param_3)s, %(param_4)s, %(param_5)s]) AND pg_catalog.pg_table_is_visible(pg_catalog.pg_class.oid) AND pg_catalog.pg_namespace.nspname != %(nspname_1)s
2026-03-05 20:20:19,794 INFO sqlalchemy.engine.Engine [cached since 0.002339s ago] {'table_name': 'education', 'param_1': 'r', 'param_2': 'p', 'param_3': 'f', 'param_4': 'v', 'param_5': 'm', 'nspname_1': 'pg_catalog'}
2026-03-05 20:20:19,795 INFO sqlalchemy.engine.Engine SELECT pg_catalog.pg_class.relname 
FROM pg_catalog.pg_class JOIN pg_catalog.pg_namespace ON pg_catalog.pg_namespace.oid = pg_catalog.pg_class.relnamespace 
WHERE pg_catalog.pg_class.relname = %(table_name)s AND pg_catalog.pg_class.relkind = ANY (ARRAY[%(param_1)s, %(param_2)s, %(param_3)s, %(param_4)s, %(param_5)s]) AND pg_catalog.pg_table_is_visible(pg_catalog.pg_class.oid) AND pg_catalog.pg_namespace.nspname != %(nspname_1)s
2026-03-05 20:20:19,795 INFO sqlalchemy.engine.Engine [cached since 0.002943s ago] {'table_name': 'experience', 'param_1': 'r', 'param_2': 'p', 'param_3': 'f', 'param_4': 'v', 'param_5': 'm', 'nspname_1': 'pg_catalog'}
2026-03-05 20:20:19,795 INFO sqlalchemy.engine.Engine SELECT pg_catalog.pg_class.relname 
FROM pg_catalog.pg_class JOIN pg_catalog.pg_namespace ON pg_catalog.pg_namespace.oid = pg_catalog.pg_class.relnamespace 
WHERE pg_catalog.pg_class.relname = %(table_name)s AND pg_catalog.pg_class.relkind = ANY (ARRAY[%(param_1)s, %(param_2)s, %(param_3)s, %(param_4)s, %(param_5)s]) AND pg_catalog.pg_table_is_visible(pg_catalog.pg_class.oid) AND pg_catalog.pg_namespace.nspname != %(nspname_1)s
2026-03-05 20:20:19,795 INFO sqlalchemy.engine.Engine [cached since 0.003381s ago] {'table_name': 'skills', 'param_1': 'r', 'param_2': 'p', 'param_3': 'f', 'param_4': 'v', 'param_5': 'm', 'nspname_1': 'pg_catalog'}
2026-03-05 20:20:19,796 INFO sqlalchemy.engine.Engine SELECT pg_catalog.pg_class.relname 
FROM pg_catalog.pg_class JOIN pg_catalog.pg_namespace ON pg_catalog.pg_namespace.oid = pg_catalog.pg_class.relnamespace 
WHERE pg_catalog.pg_class.relname = %(table_name)s AND pg_catalog.pg_class.relkind = ANY (ARRAY[%(param_1)s, %(param_2)s, %(param_3)s, %(param_4)s, %(param_5)s]) AND pg_catalog.pg_table_is_visible(pg_catalog.pg_class.oid) AND pg_catalog.pg_namespace.nspname != %(nspname_1)s
2026-03-05 20:20:19,796 INFO sqlalchemy.engine.Engine [cached since 0.003635s ago] {'table_name': 'user_skills', 'param_1': 'r', 'param_2': 'p', 'param_3': 'f', 'param_4': 'v', 'param_5': 'm', 'nspname_1': 'pg_catalog'}
2026-03-05 20:20:19,796 INFO sqlalchemy.engine.Engine SELECT pg_catalog.pg_class.relname 
FROM pg_catalog.pg_class JOIN pg_catalog.pg_namespace ON pg_catalog.pg_namespace.oid = pg_catalog.pg_class.relnamespace 
WHERE pg_catalog.pg_class.relname = %(table_name)s AND pg_catalog.pg_class.relkind = ANY (ARRAY[%(param_1)s, %(param_2)s, %(param_3)s, %(param_4)s, %(param_5)s]) AND pg_catalog.pg_table_is_visible(pg_catalog.pg_class.oid) AND pg_catalog.pg_namespace.nspname != %(nspname_1)s
2026-03-05 20:20:19,796 INFO sqlalchemy.engine.Engine [cached since 0.0039s ago] {'table_name': 'posts', 'param_1': 'r', 'param_2': 'p', 'param_3': 'f', 'param_4': 'v', 'param_5': 'm', 'nspname_1': 'pg_catalog'}
2026-03-05 20:20:19,796 INFO sqlalchemy.engine.Engine SELECT pg_catalog.pg_class.relname 
FROM pg_catalog.pg_class JOIN pg_catalog.pg_namespace ON pg_catalog.pg_namespace.oid = pg_catalog.pg_class.relnamespace 
WHERE pg_catalog.pg_class.relname = %(table_name)s AND pg_catalog.pg_class.relkind = ANY (ARRAY[%(param_1)s, %(param_2)s, %(param_3)s, %(param_4)s, %(param_5)s]) AND pg_catalog.pg_table_is_visible(pg_catalog.pg_class.oid) AND pg_catalog.pg_namespace.nspname != %(nspname_1)s
2026-03-05 20:20:19,796 INFO sqlalchemy.engine.Engine [cached since 0.004112s ago] {'table_name': 'post_likes', 'param_1': 'r', 'param_2': 'p', 'param_3': 'f', 'param_4': 'v', 'param_5': 'm', 'nspname_1': 'pg_catalog'}
2026-03-05 20:20:19,796 INFO sqlalchemy.engine.Engine SELECT pg_catalog.pg_class.relname 
FROM pg_catalog.pg_class JOIN pg_catalog.pg_namespace ON pg_catalog.pg_namespace.oid = pg_catalog.pg_class.relnamespace 
WHERE pg_catalog.pg_class.relname = %(table_name)s AND pg_catalog.pg_class.relkind = ANY (ARRAY[%(param_1)s, %(param_2)s, %(param_3)s, %(param_4)s, %(param_5)s]) AND pg_catalog.pg_table_is_visible(pg_catalog.pg_class.oid) AND pg_catalog.pg_namespace.nspname != %(nspname_1)s
2026-03-05 20:20:19,796 INFO sqlalchemy.engine.Engine [cached since 0.004345s ago] {'table_name': 'comments', 'param_1': 'r', 'param_2': 'p', 'param_3': 'f', 'param_4': 'v', 'param_5': 'm', 'nspname_1': 'pg_catalog'}
2026-03-05 20:20:19,797 INFO sqlalchemy.engine.Engine SELECT pg_catalog.pg_class.relname 
FROM pg_catalog.pg_class JOIN pg_catalog.pg_namespace ON pg_catalog.pg_namespace.oid = pg_catalog.pg_class.relnamespace 
WHERE pg_catalog.pg_class.relname = %(table_name)s AND pg_catalog.pg_class.relkind = ANY (ARRAY[%(param_1)s, %(param_2)s, %(param_3)s, %(param_4)s, %(param_5)s]) AND pg_catalog.pg_table_is_visible(pg_catalog.pg_class.oid) AND pg_catalog.pg_namespace.nspname != %(nspname_1)s
2026-03-05 20:20:19,797 INFO sqlalchemy.engine.Engine [cached since 0.004718s ago] {'table_name': 'user_connections', 'param_1': 'r', 'param_2': 'p', 'param_3': 'f', 'param_4': 'v', 'param_5': 'm', 'nspname_1': 'pg_catalog'}
2026-03-05 20:20:19,797 INFO sqlalchemy.engine.Engine SELECT pg_catalog.pg_class.relname 
FROM pg_catalog.pg_class JOIN pg_catalog.pg_namespace ON pg_catalog.pg_namespace.oid = pg_catalog.pg_class.relnamespace 
WHERE pg_catalog.pg_class.relname = %(table_name)s AND pg_catalog.pg_class.relkind = ANY (ARRAY[%(param_1)s, %(param_2)s, %(param_3)s, %(param_4)s, %(param_5)s]) AND pg_catalog.pg_table_is_visible(pg_catalog.pg_class.oid) AND pg_catalog.pg_namespace.nspname != %(nspname_1)s
2026-03-05 20:20:19,797 INFO sqlalchemy.engine.Engine [cached since 0.005116s ago] {'table_name': 'notifications', 'param_1': 'r', 'param_2': 'p', 'param_3': 'f', 'param_4': 'v', 'param_5': 'm', 'nspname_1': 'pg_catalog'}
2026-03-05 20:20:19,797 INFO sqlalchemy.engine.Engine COMMIT
2026-03-05 20:20:19,882 INFO sqlalchemy.engine.Engine BEGIN (implicit)
2026-03-05 20:20:19,882 INFO sqlalchemy.engine.Engine SELECT pg_catalog.pg_class.relname 
FROM pg_catalog.pg_class JOIN pg_catalog.pg_namespace ON pg_catalog.pg_namespace.oid = pg_catalog.pg_class.relnamespace 
WHERE pg_catalog.pg_class.relname = %(table_name)s AND pg_catalog.pg_class.relkind = ANY (ARRAY[%(param_1)s, %(param_2)s, %(param_3)s, %(param_4)s, %(param_5)s]) AND pg_catalog.pg_table_is_visible(pg_catalog.pg_class.oid) AND pg_catalog.pg_namespace.nspname != %(nspname_1)s
2026-03-05 20:20:19,882 INFO sqlalchemy.engine.Engine [cached since 0.08994s ago] {'table_name': 'users', 'param_1': 'r', 'param_2': 'p', 'param_3': 'f', 'param_4': 'v', 'param_5': 'm', 'nspname_1': 'pg_catalog'}
2026-03-05 20:20:19,883 INFO sqlalchemy.engine.Engine SELECT pg_catalog.pg_class.relname 
FROM pg_catalog.pg_class JOIN pg_catalog.pg_namespace ON pg_catalog.pg_namespace.oid = pg_catalog.pg_class.relnamespace 
WHERE pg_catalog.pg_class.relname = %(table_name)s AND pg_catalog.pg_class.relkind = ANY (ARRAY[%(param_1)s, %(param_2)s, %(param_3)s, %(param_4)s, %(param_5)s]) AND pg_catalog.pg_table_is_visible(pg_catalog.pg_class.oid) AND pg_catalog.pg_namespace.nspname != %(nspname_1)s
2026-03-05 20:20:19,883 INFO sqlalchemy.engine.Engine [cached since 0.09071s ago] {'table_name': 'education', 'param_1': 'r', 'param_2': 'p', 'param_3': 'f', 'param_4': 'v', 'param_5': 'm', 'nspname_1': 'pg_catalog'}
2026-03-05 20:20:19,883 INFO sqlalchemy.engine.Engine SELECT pg_catalog.pg_class.relname 
FROM pg_catalog.pg_class JOIN pg_catalog.pg_namespace ON pg_catalog.pg_namespace.oid = pg_catalog.pg_class.relnamespace 
WHERE pg_catalog.pg_class.relname = %(table_name)s AND pg_catalog.pg_class.relkind = ANY (ARRAY[%(param_1)s, %(param_2)s, %(param_3)s, %(param_4)s, %(param_5)s]) AND pg_catalog.pg_table_is_visible(pg_catalog.pg_class.oid) AND pg_catalog.pg_namespace.nspname != %(nspname_1)s
2026-03-05 20:20:19,883 INFO sqlalchemy.engine.Engine [cached since 0.09113s ago] {'table_name': 'experience', 'param_1': 'r', 'param_2': 'p', 'param_3': 'f', 'param_4': 'v', 'param_5': 'm', 'nspname_1': 'pg_catalog'}
2026-03-05 20:20:19,883 INFO sqlalchemy.engine.Engine SELECT pg_catalog.pg_class.relname 
FROM pg_catalog.pg_class JOIN pg_catalog.pg_namespace ON pg_catalog.pg_namespace.oid = pg_catalog.pg_class.relnamespace 
WHERE pg_catalog.pg_class.relname = %(table_name)s AND pg_catalog.pg_class.relkind = ANY (ARRAY[%(param_1)s, %(param_2)s, %(param_3)s, %(param_4)s, %(param_5)s]) AND pg_catalog.pg_table_is_visible(pg_catalog.pg_class.oid) AND pg_catalog.pg_namespace.nspname != %(nspname_1)s
2026-03-05 20:20:19,883 INFO sqlalchemy.engine.Engine [cached since 0.09145s ago] {'table_name': 'skills', 'param_1': 'r', 'param_2': 'p', 'param_3': 'f', 'param_4': 'v', 'param_5': 'm', 'nspname_1': 'pg_catalog'}
2026-03-05 20:20:19,884 INFO sqlalchemy.engine.Engine SELECT pg_catalog.pg_class.relname 
FROM pg_catalog.pg_class JOIN pg_catalog.pg_namespace ON pg_catalog.pg_namespace.oid = pg_catalog.pg_class.relnamespace 
WHERE pg_catalog.pg_class.relname = %(table_name)s AND pg_catalog.pg_class.relkind = ANY (ARRAY[%(param_1)s, %(param_2)s, %(param_3)s, %(param_4)s, %(param_5)s]) AND pg_catalog.pg_table_is_visible(pg_catalog.pg_class.oid) AND pg_catalog.pg_namespace.nspname != %(nspname_1)s
2026-03-05 20:20:19,884 INFO sqlalchemy.engine.Engine [cached since 0.09177s ago] {'table_name': 'user_skills', 'param_1': 'r', 'param_2': 'p', 'param_3': 'f', 'param_4': 'v', 'param_5': 'm', 'nspname_1': 'pg_catalog'}
2026-03-05 20:20:19,884 INFO sqlalchemy.engine.Engine SELECT pg_catalog.pg_class.relname 
FROM pg_catalog.pg_class JOIN pg_catalog.pg_namespace ON pg_catalog.pg_namespace.oid = pg_catalog.pg_class.relnamespace 
WHERE pg_catalog.pg_class.relname = %(table_name)s AND pg_catalog.pg_class.relkind = ANY (ARRAY[%(param_1)s, %(param_2)s, %(param_3)s, %(param_4)s, %(param_5)s]) AND pg_catalog.pg_table_is_visible(pg_catalog.pg_class.oid) AND pg_catalog.pg_namespace.nspname != %(nspname_1)s
2026-03-05 20:20:19,884 INFO sqlalchemy.engine.Engine [cached since 0.09207s ago] {'table_name': 'posts', 'param_1': 'r', 'param_2': 'p', 'param_3': 'f', 'param_4': 'v', 'param_5': 'm', 'nspname_1': 'pg_catalog'}
2026-03-05 20:20:19,884 INFO sqlalchemy.engine.Engine SELECT pg_catalog.pg_class.relname 
FROM pg_catalog.pg_class JOIN pg_catalog.pg_namespace ON pg_catalog.pg_namespace.oid = pg_catalog.pg_class.relnamespace 
WHERE pg_catalog.pg_class.relname = %(table_name)s AND pg_catalog.pg_class.relkind = ANY (ARRAY[%(param_1)s, %(param_2)s, %(param_3)s, %(param_4)s, %(param_5)s]) AND pg_catalog.pg_table_is_visible(pg_catalog.pg_class.oid) AND pg_catalog.pg_namespace.nspname != %(nspname_1)s
2026-03-05 20:20:19,884 INFO sqlalchemy.engine.Engine [cached since 0.09236s ago] {'table_name': 'post_likes', 'param_1': 'r', 'param_2': 'p', 'param_3': 'f', 'param_4': 'v', 'param_5': 'm', 'nspname_1': 'pg_catalog'}
2026-03-05 20:20:19,885 INFO sqlalchemy.engine.Engine SELECT pg_catalog.pg_class.relname 
FROM pg_catalog.pg_class JOIN pg_catalog.pg_namespace ON pg_catalog.pg_namespace.oid = pg_catalog.pg_class.relnamespace 
WHERE pg_catalog.pg_class.relname = %(table_name)s AND pg_catalog.pg_class.relkind = ANY (ARRAY[%(param_1)s, %(param_2)s, %(param_3)s, %(param_4)s, %(param_5)s]) AND pg_catalog.pg_table_is_visible(pg_catalog.pg_class.oid) AND pg_catalog.pg_namespace.nspname != %(nspname_1)s
2026-03-05 20:20:19,885 INFO sqlalchemy.engine.Engine [cached since 0.09269s ago] {'table_name': 'comments', 'param_1': 'r', 'param_2': 'p', 'param_3': 'f', 'param_4': 'v', 'param_5': 'm', 'nspname_1': 'pg_catalog'}
2026-03-05 20:20:19,885 INFO sqlalchemy.engine.Engine SELECT pg_catalog.pg_class.relname 
FROM pg_catalog.pg_class JOIN pg_catalog.pg_namespace ON pg_catalog.pg_namespace.oid = pg_catalog.pg_class.relnamespace 
WHERE pg_catalog.pg_class.relname = %(table_name)s AND pg_catalog.pg_class.relkind = ANY (ARRAY[%(param_1)s, %(param_2)s, %(param_3)s, %(param_4)s, %(param_5)s]) AND pg_catalog.pg_table_is_visible(pg_catalog.pg_class.oid) AND pg_catalog.pg_namespace.nspname != %(nspname_1)s
2026-03-05 20:20:19,885 INFO sqlalchemy.engine.Engine [cached since 0.09301s ago] {'table_name': 'user_connections', 'param_1': 'r', 'param_2': 'p', 'param_3': 'f', 'param_4': 'v', 'param_5': 'm', 'nspname_1': 'pg_catalog'}
2026-03-05 20:20:19,885 INFO sqlalchemy.engine.Engine SELECT pg_catalog.pg_class.relname 
FROM pg_catalog.pg_class JOIN pg_catalog.pg_namespace ON pg_catalog.pg_namespace.oid = pg_catalog.pg_class.relnamespace 
WHERE pg_catalog.pg_class.relname = %(table_name)s AND pg_catalog.pg_class.relkind = ANY (ARRAY[%(param_1)s, %(param_2)s, %(param_3)s, %(param_4)s, %(param_5)s]) AND pg_catalog.pg_table_is_visible(pg_catalog.pg_class.oid) AND pg_catalog.pg_namespace.nspname != %(nspname_1)s
2026-03-05 20:20:19,885 INFO sqlalchemy.engine.Engine [cached since 0.09349s ago] {'table_name': 'notifications', 'param_1': 'r', 'param_2': 'p', 'param_3': 'f', 'param_4': 'v', 'param_5': 'm', 'nspname_1': 'pg_catalog'}
2026-03-05 20:20:19,886 INFO sqlalchemy.engine.Engine COMMIT
INFO:     Started server process [31892]
INFO:     Waiting for application startup.
INFO:     Application startup complete.
2026-03-05 20:20:25,714 INFO sqlalchemy.engine.Engine BEGIN (implicit)
2026-03-05 20:20:25,715 INFO sqlalchemy.engine.Engine SELECT 1
2026-03-05 20:20:25,715 INFO sqlalchemy.engine.Engine [generated in 0.00008s] {}
INFO:     127.0.0.1:53473 - "GET /api/health HTTP/1.1" 200 OK
2026-03-05 20:20:25,716 INFO sqlalchemy.engine.Engine ROLLBACK
INFO:     127.0.0.1:53496 - "GET /39bc41c3-4c14-4803-9916-1ac891e4a1d1/avatar_9e0d537f7ca64bfa89d808b50431e7cc.jpg HTTP/1.1" 200 OK
INFO:     127.0.0.1:53498 - "OPTIONS /api/posts/?skip=0&limit=100 HTTP/1.1" 200 OK
INFO:     127.0.0.1:53500 - "OPTIONS /api/posts/?skip=0&limit=100 HTTP/1.1" 200 OK
2026-03-05 20:20:41,116 INFO sqlalchemy.engine.Engine BEGIN (implicit)
2026-03-05 20:20:41,118 INFO sqlalchemy.engine.Engine SELECT users.id AS users_id, users.email AS users_email, users.username AS users_username, users.name AS users_name, users.password_hash AS users_password_hash, users.graduation_year AS users_graduation_year, users.bio AS users_bio, users.location AS users_location, users."current_role" AS users_current_role, users.profile_image_url AS users_profile_image_url, users.phone AS users_phone, users.linkedin_url AS users_linkedin_url, users.github_url AS users_github_url, users.twitter_handle AS users_twitter_handle, users.following_count AS users_following_count, users.followers_count AS users_followers_count, users.post_count AS users_post_count, users.is_active AS users_is_active, users.is_verified AS users_is_verified, users.role AS users_role, users.created_at AS users_created_at, users.updated_at AS users_updated_at, users.last_login_at AS users_last_login_at 
FROM users 
WHERE users.id = %(id_1)s::UUID 
 LIMIT %(param_1)s
2026-03-05 20:20:41,118 INFO sqlalchemy.engine.Engine [generated in 0.00008s] {'id_1': '39bc41c3-4c14-4803-9916-1ac891e4a1d1', 'param_1': 1}
2026-03-05 20:20:41,127 INFO sqlalchemy.engine.Engine SELECT posts.id AS posts_id, posts.user_id AS posts_user_id, posts.content AS posts_content, posts.media_urls AS posts_media_urls, posts.tag AS posts_tag, posts.likes_count AS posts_likes_count, posts.comments_count AS posts_comments_count, posts.reposts_count AS posts_reposts_count, posts.is_public AS posts_is_public, posts.is_anonymous AS posts_is_anonymous, posts.created_at AS posts_created_at, posts.updated_at AS posts_updated_at 
FROM posts 
WHERE posts.is_public = true ORDER BY posts.created_at DESC 
 LIMIT %(param_1)s OFFSET %(param_2)s
2026-03-05 20:20:41,127 INFO sqlalchemy.engine.Engine [generated in 0.00013s] {'param_1': 100, 'param_2': 0}
2026-03-05 20:20:41,133 INFO sqlalchemy.engine.Engine SELECT users.id AS users_id, users.email AS users_email, users.username AS users_username, users.name AS users_name, users.password_hash AS users_password_hash, users.graduation_year AS users_graduation_year, users.bio AS users_bio, users.location AS users_location, users."current_role" AS users_current_role, users.profile_image_url AS users_profile_image_url, users.phone AS users_phone, users.linkedin_url AS users_linkedin_url, users.github_url AS users_github_url, users.twitter_handle AS users_twitter_handle, users.following_count AS users_following_count, users.followers_count AS users_followers_count, users.post_count AS users_post_count, users.is_active AS users_is_active, users.is_verified AS users_is_verified, users.role AS users_role, users.created_at AS users_created_at, users.updated_at AS users_updated_at, users.last_login_at AS users_last_login_at 
FROM users 
WHERE users.id = %(pk_1)s::UUID
2026-03-05 20:20:41,133 INFO sqlalchemy.engine.Engine [generated in 0.00009s] {'pk_1': UUID('de320988-89c2-422e-b678-50641b34c157')}
2026-03-05 20:20:41,134 INFO sqlalchemy.engine.Engine SELECT users.id AS users_id, users.email AS users_email, users.username AS users_username, users.name AS users_name, users.password_hash AS users_password_hash, users.graduation_year AS users_graduation_year, users.bio AS users_bio, users.location AS users_location, users."current_role" AS users_current_role, users.profile_image_url AS users_profile_image_url, users.phone AS users_phone, users.linkedin_url AS users_linkedin_url, users.github_url AS users_github_url, users.twitter_handle AS users_twitter_handle, users.following_count AS users_following_count, users.followers_count AS users_followers_count, users.post_count AS users_post_count, users.is_active AS users_is_active, users.is_verified AS users_is_verified, users.role AS users_role, users.created_at AS users_created_at, users.updated_at AS users_updated_at, users.last_login_at AS users_last_login_at 
FROM users 
WHERE users.id = %(pk_1)s::UUID
2026-03-05 20:20:41,134 INFO sqlalchemy.engine.Engine [cached since 0.00112s ago] {'pk_1': UUID('b6254dbe-aae1-49be-8ff3-c89050e36bdd')}
2026-03-05 20:20:41,134 INFO sqlalchemy.engine.Engine SELECT users.id AS users_id, users.email AS users_email, users.username AS users_username, users.name AS users_name, users.password_hash AS users_password_hash, users.graduation_year AS users_graduation_year, users.bio AS users_bio, users.location AS users_location, users."current_role" AS users_current_role, users.profile_image_url AS users_profile_image_url, users.phone AS users_phone, users.linkedin_url AS users_linkedin_url, users.github_url AS users_github_url, users.twitter_handle AS users_twitter_handle, users.following_count AS users_following_count, users.followers_count AS users_followers_count, users.post_count AS users_post_count, users.is_active AS users_is_active, users.is_verified AS users_is_verified, users.role AS users_role, users.created_at AS users_created_at, users.updated_at AS users_updated_at, users.last_login_at AS users_last_login_at 
FROM users 
WHERE users.id = %(pk_1)s::UUID
2026-03-05 20:20:41,134 INFO sqlalchemy.engine.Engine [cached since 0.001702s ago] {'pk_1': UUID('67c3d747-c055-43c6-b140-b531a06f8216')}
2026-03-05 20:20:41,135 INFO sqlalchemy.engine.Engine SELECT users.id AS users_id, users.email AS users_email, users.username AS users_username, users.name AS users_name, users.password_hash AS users_password_hash, users.graduation_year AS users_graduation_year, users.bio AS users_bio, users.location AS users_location, users."current_role" AS users_current_role, users.profile_image_url AS users_profile_image_url, users.phone AS users_phone, users.linkedin_url AS users_linkedin_url, users.github_url AS users_github_url, users.twitter_handle AS users_twitter_handle, users.following_count AS users_following_count, users.followers_count AS users_followers_count, users.post_count AS users_post_count, users.is_active AS users_is_active, users.is_verified AS users_is_verified, users.role AS users_role, users.created_at AS users_created_at, users.updated_at AS users_updated_at, users.last_login_at AS users_last_login_at 
FROM users 
WHERE users.id = %(pk_1)s::UUID
2026-03-05 20:20:41,135 INFO sqlalchemy.engine.Engine [cached since 0.002346s ago] {'pk_1': UUID('3f3ee1f3-c4ca-4f0b-87ab-8234cf974028')}
2026-03-05 20:20:41,136 INFO sqlalchemy.engine.Engine SELECT users.id AS users_id, users.email AS users_email, users.username AS users_username, users.name AS users_name, users.password_hash AS users_password_hash, users.graduation_year AS users_graduation_year, users.bio AS users_bio, users.location AS users_location, users."current_role" AS users_current_role, users.profile_image_url AS users_profile_image_url, users.phone AS users_phone, users.linkedin_url AS users_linkedin_url, users.github_url AS users_github_url, users.twitter_handle AS users_twitter_handle, users.following_count AS users_following_count, users.followers_count AS users_followers_count, users.post_count AS users_post_count, users.is_active AS users_is_active, users.is_verified AS users_is_verified, users.role AS users_role, users.created_at AS users_created_at, users.updated_at AS users_updated_at, users.last_login_at AS users_last_login_at 
FROM users 
WHERE users.id = %(pk_1)s::UUID
2026-03-05 20:20:41,136 INFO sqlalchemy.engine.Engine [cached since 0.002828s ago] {'pk_1': UUID('7c392ee0-f071-4277-a074-7c8ed282a2b7')}
2026-03-05 20:20:41,136 INFO sqlalchemy.engine.Engine SELECT users.id AS users_id, users.email AS users_email, users.username AS users_username, users.name AS users_name, users.password_hash AS users_password_hash, users.graduation_year AS users_graduation_year, users.bio AS users_bio, users.location AS users_location, users."current_role" AS users_current_role, users.profile_image_url AS users_profile_image_url, users.phone AS users_phone, users.linkedin_url AS users_linkedin_url, users.github_url AS users_github_url, users.twitter_handle AS users_twitter_handle, users.following_count AS users_following_count, users.followers_count AS users_followers_count, users.post_count AS users_post_count, users.is_active AS users_is_active, users.is_verified AS users_is_verified, users.role AS users_role, users.created_at AS users_created_at, users.updated_at AS users_updated_at, users.last_login_at AS users_last_login_at 
FROM users 
WHERE users.id = %(pk_1)s::UUID
2026-03-05 20:20:41,136 INFO sqlalchemy.engine.Engine [cached since 0.003339s ago] {'pk_1': UUID('4c68130b-ef88-4056-abca-743c903a2ee9')}
2026-03-05 20:20:41,137 INFO sqlalchemy.engine.Engine SELECT users.id AS users_id, users.email AS users_email, users.username AS users_username, users.name AS users_name, users.password_hash AS users_password_hash, users.graduation_year AS users_graduation_year, users.bio AS users_bio, users.location AS users_location, users."current_role" AS users_current_role, users.profile_image_url AS users_profile_image_url, users.phone AS users_phone, users.linkedin_url AS users_linkedin_url, users.github_url AS users_github_url, users.twitter_handle AS users_twitter_handle, users.following_count AS users_following_count, users.followers_count AS users_followers_count, users.post_count AS users_post_count, users.is_active AS users_is_active, users.is_verified AS users_is_verified, users.role AS users_role, users.created_at AS users_created_at, users.updated_at AS users_updated_at, users.last_login_at AS users_last_login_at 
FROM users 
WHERE users.id = %(pk_1)s::UUID
2026-03-05 20:20:41,137 INFO sqlalchemy.engine.Engine [cached since 0.004021s ago] {'pk_1': UUID('06622cd2-be07-4627-9a40-40a808ea6675')}
2026-03-05 20:20:41,137 INFO sqlalchemy.engine.Engine SELECT users.id AS users_id, users.email AS users_email, users.username AS users_username, users.name AS users_name, users.password_hash AS users_password_hash, users.graduation_year AS users_graduation_year, users.bio AS users_bio, users.location AS users_location, users."current_role" AS users_current_role, users.profile_image_url AS users_profile_image_url, users.phone AS users_phone, users.linkedin_url AS users_linkedin_url, users.github_url AS users_github_url, users.twitter_handle AS users_twitter_handle, users.following_count AS users_following_count, users.followers_count AS users_followers_count, users.post_count AS users_post_count, users.is_active AS users_is_active, users.is_verified AS users_is_verified, users.role AS users_role, users.created_at AS users_created_at, users.updated_at AS users_updated_at, users.last_login_at AS users_last_login_at 
FROM users 
WHERE users.id = %(pk_1)s::UUID
2026-03-05 20:20:41,137 INFO sqlalchemy.engine.Engine [cached since 0.004593s ago] {'pk_1': UUID('9b5e1b44-fc62-463b-aa97-b27295eab70d')}
INFO:     127.0.0.1:53498 - "GET /api/posts/?skip=0&limit=100 HTTP/1.1" 200 OK
2026-03-05 20:20:41,139 INFO sqlalchemy.engine.Engine ROLLBACK
2026-03-05 20:20:41,140 INFO sqlalchemy.engine.Engine BEGIN (implicit)
2026-03-05 20:20:41,140 INFO sqlalchemy.engine.Engine SELECT users.id AS users_id, users.email AS users_email, users.username AS users_username, users.name AS users_name, users.password_hash AS users_password_hash, users.graduation_year AS users_graduation_year, users.bio AS users_bio, users.location AS users_location, users."current_role" AS users_current_role, users.profile_image_url AS users_profile_image_url, users.phone AS users_phone, users.linkedin_url AS users_linkedin_url, users.github_url AS users_github_url, users.twitter_handle AS users_twitter_handle, users.following_count AS users_following_count, users.followers_count AS users_followers_count, users.post_count AS users_post_count, users.is_active AS users_is_active, users.is_verified AS users_is_verified, users.role AS users_role, users.created_at AS users_created_at, users.updated_at AS users_updated_at, users.last_login_at AS users_last_login_at 
FROM users 
WHERE users.id = %(id_1)s::UUID 
 LIMIT %(param_1)s
2026-03-05 20:20:41,140 INFO sqlalchemy.engine.Engine [cached since 0.02239s ago] {'id_1': '39bc41c3-4c14-4803-9916-1ac891e4a1d1', 'param_1': 1}
2026-03-05 20:20:41,141 INFO sqlalchemy.engine.Engine SELECT posts.id AS posts_id, posts.user_id AS posts_user_id, posts.content AS posts_content, posts.media_urls AS posts_media_urls, posts.tag AS posts_tag, posts.likes_count AS posts_likes_count, posts.comments_count AS posts_comments_count, posts.reposts_count AS posts_reposts_count, posts.is_public AS posts_is_public, posts.is_anonymous AS posts_is_anonymous, posts.created_at AS posts_created_at, posts.updated_at AS posts_updated_at 
FROM posts 
WHERE posts.is_public = true ORDER BY posts.created_at DESC 
 LIMIT %(param_1)s OFFSET %(param_2)s
2026-03-05 20:20:41,141 INFO sqlalchemy.engine.Engine [cached since 0.01394s ago] {'param_1': 100, 'param_2': 0}
2026-03-05 20:20:41,142 INFO sqlalchemy.engine.Engine SELECT users.id AS users_id, users.email AS users_email, users.username AS users_username, users.name AS users_name, users.password_hash AS users_password_hash, users.graduation_year AS users_graduation_year, users.bio AS users_bio, users.location AS users_location, users."current_role" AS users_current_role, users.profile_image_url AS users_profile_image_url, users.phone AS users_phone, users.linkedin_url AS users_linkedin_url, users.github_url AS users_github_url, users.twitter_handle AS users_twitter_handle, users.following_count AS users_following_count, users.followers_count AS users_followers_count, users.post_count AS users_post_count, users.is_active AS users_is_active, users.is_verified AS users_is_verified, users.role AS users_role, users.created_at AS users_created_at, users.updated_at AS users_updated_at, users.last_login_at AS users_last_login_at 
FROM users 
WHERE users.id = %(pk_1)s::UUID
2026-03-05 20:20:41,142 INFO sqlalchemy.engine.Engine [cached since 0.009434s ago] {'pk_1': UUID('de320988-89c2-422e-b678-50641b34c157')}
2026-03-05 20:20:41,143 INFO sqlalchemy.engine.Engine SELECT users.id AS users_id, users.email AS users_email, users.username AS users_username, users.name AS users_name, users.password_hash AS users_password_hash, users.graduation_year AS users_graduation_year, users.bio AS users_bio, users.location AS users_location, users."current_role" AS users_current_role, users.profile_image_url AS users_profile_image_url, users.phone AS users_phone, users.linkedin_url AS users_linkedin_url, users.github_url AS users_github_url, users.twitter_handle AS users_twitter_handle, users.following_count AS users_following_count, users.followers_count AS users_followers_count, users.post_count AS users_post_count, users.is_active AS users_is_active, users.is_verified AS users_is_verified, users.role AS users_role, users.created_at AS users_created_at, users.updated_at AS users_updated_at, users.last_login_at AS users_last_login_at 
FROM users 
WHERE users.id = %(pk_1)s::UUID
2026-03-05 20:20:41,143 INFO sqlalchemy.engine.Engine [cached since 0.00997s ago] {'pk_1': UUID('b6254dbe-aae1-49be-8ff3-c89050e36bdd')}
2026-03-05 20:20:41,143 INFO sqlalchemy.engine.Engine SELECT users.id AS users_id, users.email AS users_email, users.username AS users_username, users.name AS users_name, users.password_hash AS users_password_hash, users.graduation_year AS users_graduation_year, users.bio AS users_bio, users.location AS users_location, users."current_role" AS users_current_role, users.profile_image_url AS users_profile_image_url, users.phone AS users_phone, users.linkedin_url AS users_linkedin_url, users.github_url AS users_github_url, users.twitter_handle AS users_twitter_handle, users.following_count AS users_following_count, users.followers_count AS users_followers_count, users.post_count AS users_post_count, users.is_active AS users_is_active, users.is_verified AS users_is_verified, users.role AS users_role, users.created_at AS users_created_at, users.updated_at AS users_updated_at, users.last_login_at AS users_last_login_at 
FROM users 
WHERE users.id = %(pk_1)s::UUID
2026-03-05 20:20:41,143 INFO sqlalchemy.engine.Engine [cached since 0.01052s ago] {'pk_1': UUID('67c3d747-c055-43c6-b140-b531a06f8216')}
2026-03-05 20:20:41,144 INFO sqlalchemy.engine.Engine SELECT users.id AS users_id, users.email AS users_email, users.username AS users_username, users.name AS users_name, users.password_hash AS users_password_hash, users.graduation_year AS users_graduation_year, users.bio AS users_bio, users.location AS users_location, users."current_role" AS users_current_role, users.profile_image_url AS users_profile_image_url, users.phone AS users_phone, users.linkedin_url AS users_linkedin_url, users.github_url AS users_github_url, users.twitter_handle AS users_twitter_handle, users.following_count AS users_following_count, users.followers_count AS users_followers_count, users.post_count AS users_post_count, users.is_active AS users_is_active, users.is_verified AS users_is_verified, users.role AS users_role, users.created_at AS users_created_at, users.updated_at AS users_updated_at, users.last_login_at AS users_last_login_at 
FROM users 
WHERE users.id = %(pk_1)s::UUID
2026-03-05 20:20:41,144 INFO sqlalchemy.engine.Engine [cached since 0.01117s ago] {'pk_1': UUID('3f3ee1f3-c4ca-4f0b-87ab-8234cf974028')}
2026-03-05 20:20:41,144 INFO sqlalchemy.engine.Engine SELECT users.id AS users_id, users.email AS users_email, users.username AS users_username, users.name AS users_name, users.password_hash AS users_password_hash, users.graduation_year AS users_graduation_year, users.bio AS users_bio, users.location AS users_location, users."current_role" AS users_current_role, users.profile_image_url AS users_profile_image_url, users.phone AS users_phone, users.linkedin_url AS users_linkedin_url, users.github_url AS users_github_url, users.twitter_handle AS users_twitter_handle, users.following_count AS users_following_count, users.followers_count AS users_followers_count, users.post_count AS users_post_count, users.is_active AS users_is_active, users.is_verified AS users_is_verified, users.role AS users_role, users.created_at AS users_created_at, users.updated_at AS users_updated_at, users.last_login_at AS users_last_login_at 
FROM users 
WHERE users.id = %(pk_1)s::UUID
2026-03-05 20:20:41,144 INFO sqlalchemy.engine.Engine [cached since 0.01165s ago] {'pk_1': UUID('7c392ee0-f071-4277-a074-7c8ed282a2b7')}
2026-03-05 20:20:41,145 INFO sqlalchemy.engine.Engine SELECT users.id AS users_id, users.email AS users_email, users.username AS users_username, users.name AS users_name, users.password_hash AS users_password_hash, users.graduation_year AS users_graduation_year, users.bio AS users_bio, users.location AS users_location, users."current_role" AS users_current_role, users.profile_image_url AS users_profile_image_url, users.phone AS users_phone, users.linkedin_url AS users_linkedin_url, users.github_url AS users_github_url, users.twitter_handle AS users_twitter_handle, users.following_count AS users_following_count, users.followers_count AS users_followers_count, users.post_count AS users_post_count, users.is_active AS users_is_active, users.is_verified AS users_is_verified, users.role AS users_role, users.created_at AS users_created_at, users.updated_at AS users_updated_at, users.last_login_at AS users_last_login_at 
FROM users 
WHERE users.id = %(pk_1)s::UUID
2026-03-05 20:20:41,145 INFO sqlalchemy.engine.Engine [cached since 0.0122s ago] {'pk_1': UUID('4c68130b-ef88-4056-abca-743c903a2ee9')}
2026-03-05 20:20:41,146 INFO sqlalchemy.engine.Engine SELECT users.id AS users_id, users.email AS users_email, users.username AS users_username, users.name AS users_name, users.password_hash AS users_password_hash, users.graduation_year AS users_graduation_year, users.bio AS users_bio, users.location AS users_location, users."current_role" AS users_current_role, users.profile_image_url AS users_profile_image_url, users.phone AS users_phone, users.linkedin_url AS users_linkedin_url, users.github_url AS users_github_url, users.twitter_handle AS users_twitter_handle, users.following_count AS users_following_count, users.followers_count AS users_followers_count, users.post_count AS users_post_count, users.is_active AS users_is_active, users.is_verified AS users_is_verified, users.role AS users_role, users.created_at AS users_created_at, users.updated_at AS users_updated_at, users.last_login_at AS users_last_login_at 
FROM users 
WHERE users.id = %(pk_1)s::UUID
2026-03-05 20:20:41,146 INFO sqlalchemy.engine.Engine [cached since 0.01294s ago] {'pk_1': UUID('06622cd2-be07-4627-9a40-40a808ea6675')}
2026-03-05 20:20:41,146 INFO sqlalchemy.engine.Engine SELECT users.id AS users_id, users.email AS users_email, users.username AS users_username, users.name AS users_name, users.password_hash AS users_password_hash, users.graduation_year AS users_graduation_year, users.bio AS users_bio, users.location AS users_location, users."current_role" AS users_current_role, users.profile_image_url AS users_profile_image_url, users.phone AS users_phone, users.linkedin_url AS users_linkedin_url, users.github_url AS users_github_url, users.twitter_handle AS users_twitter_handle, users.following_count AS users_following_count, users.followers_count AS users_followers_count, users.post_count AS users_post_count, users.is_active AS users_is_active, users.is_verified AS users_is_verified, users.role AS users_role, users.created_at AS users_created_at, users.updated_at AS users_updated_at, users.last_login_at AS users_last_login_at 
FROM users 
WHERE users.id = %(pk_1)s::UUID
2026-03-05 20:20:41,146 INFO sqlalchemy.engine.Engine [cached since 0.01363s ago] {'pk_1': UUID('9b5e1b44-fc62-463b-aa97-b27295eab70d')}
INFO:     127.0.0.1:53500 - "GET /api/posts/?skip=0&limit=100 HTTP/1.1" 200 OK
2026-03-05 20:20:41,148 INFO sqlalchemy.engine.Engine ROLLBACK
2026-03-05 20:21:22,904 INFO sqlalchemy.engine.Engine BEGIN (implicit)
2026-03-05 20:21:22,904 INFO sqlalchemy.engine.Engine SELECT 1
2026-03-05 20:21:22,904 INFO sqlalchemy.engine.Engine [cached since 57.19s ago] {}
INFO:     127.0.0.1:53526 - "GET /api/health HTTP/1.1" 200 OK
2026-03-05 20:21:22,904 INFO sqlalchemy.engine.Engine ROLLBACK
INFO:     127.0.0.1:53572 - "OPTIONS /api/users/39bc41c3-4c14-4803-9916-1ac891e4a1d1 HTTP/1.1" 200 OK
INFO:     127.0.0.1:53573 - "OPTIONS /api/users/39bc41c3-4c14-4803-9916-1ac891e4a1d1 HTTP/1.1" 200 OK
2026-03-05 20:22:29,026 INFO sqlalchemy.engine.Engine BEGIN (implicit)
2026-03-05 20:22:29,027 INFO sqlalchemy.engine.Engine SELECT users.id AS users_id, users.email AS users_email, users.username AS users_username, users.name AS users_name, users.password_hash AS users_password_hash, users.graduation_year AS users_graduation_year, users.bio AS users_bio, users.location AS users_location, users."current_role" AS users_current_role, users.profile_image_url AS users_profile_image_url, users.phone AS users_phone, users.linkedin_url AS users_linkedin_url, users.github_url AS users_github_url, users.twitter_handle AS users_twitter_handle, users.following_count AS users_following_count, users.followers_count AS users_followers_count, users.post_count AS users_post_count, users.is_active AS users_is_active, users.is_verified AS users_is_verified, users.role AS users_role, users.created_at AS users_created_at, users.updated_at AS users_updated_at, users.last_login_at AS users_last_login_at 
FROM users 
WHERE users.id = %(id_1)s::UUID 
 LIMIT %(param_1)s
2026-03-05 20:22:29,027 INFO sqlalchemy.engine.Engine [cached since 107.9s ago] {'id_1': '39bc41c3-4c14-4803-9916-1ac891e4a1d1', 'param_1': 1}
2026-03-05 20:22:29,028 INFO sqlalchemy.engine.Engine SELECT users.id AS users_id, users.email AS users_email, users.username AS users_username, users.name AS users_name, users.password_hash AS users_password_hash, users.graduation_year AS users_graduation_year, users.bio AS users_bio, users.location AS users_location, users."current_role" AS users_current_role, users.profile_image_url AS users_profile_image_url, users.phone AS users_phone, users.linkedin_url AS users_linkedin_url, users.github_url AS users_github_url, users.twitter_handle AS users_twitter_handle, users.following_count AS users_following_count, users.followers_count AS users_followers_count, users.post_count AS users_post_count, users.is_active AS users_is_active, users.is_verified AS users_is_verified, users.role AS users_role, users.created_at AS users_created_at, users.updated_at AS users_updated_at, users.last_login_at AS users_last_login_at 
FROM users 
WHERE users.id = %(id_1)s::UUID 
 LIMIT %(param_1)s
2026-03-05 20:22:29,028 INFO sqlalchemy.engine.Engine [cached since 107.9s ago] {'id_1': UUID('39bc41c3-4c14-4803-9916-1ac891e4a1d1'), 'param_1': 1}
2026-03-05 20:22:29,028 INFO sqlalchemy.engine.Engine SELECT users.id AS users_id, users.email AS users_email, users.username AS users_username, users.name AS users_name, users.password_hash AS users_password_hash, users.graduation_year AS users_graduation_year, users.bio AS users_bio, users.location AS users_location, users."current_role" AS users_current_role, users.profile_image_url AS users_profile_image_url, users.phone AS users_phone, users.linkedin_url AS users_linkedin_url, users.github_url AS users_github_url, users.twitter_handle AS users_twitter_handle, users.following_count AS users_following_count, users.followers_count AS users_followers_count, users.post_count AS users_post_count, users.is_active AS users_is_active, users.is_verified AS users_is_verified, users.role AS users_role, users.created_at AS users_created_at, users.updated_at AS users_updated_at, users.last_login_at AS users_last_login_at 
FROM users 
WHERE users.id = %(id_1)s::UUID 
 LIMIT %(param_1)s
2026-03-05 20:22:29,028 INFO sqlalchemy.engine.Engine [cached since 107.9s ago] {'id_1': UUID('39bc41c3-4c14-4803-9916-1ac891e4a1d1'), 'param_1': 1}
2026-03-05 20:22:29,029 INFO sqlalchemy.engine.Engine SELECT education.id AS education_id, education.user_id AS education_user_id, education.institution AS education_institution, education.degree AS education_degree, education.field AS education_field, education.year AS education_year, education.created_at AS education_created_at 
FROM education 
WHERE education.user_id = %(user_id_1)s::UUID
2026-03-05 20:22:29,029 INFO sqlalchemy.engine.Engine [generated in 0.00005s] {'user_id_1': UUID('39bc41c3-4c14-4803-9916-1ac891e4a1d1')}
2026-03-05 20:22:29,031 INFO sqlalchemy.engine.Engine SELECT experience.id AS experience_id, experience.user_id AS experience_user_id, experience.company AS experience_company, experience.position AS experience_position, experience.duration AS experience_duration, experience.description AS experience_description, experience.created_at AS experience_created_at 
FROM experience 
WHERE experience.user_id = %(user_id_1)s::UUID
2026-03-05 20:22:29,031 INFO sqlalchemy.engine.Engine [generated in 0.00005s] {'user_id_1': UUID('39bc41c3-4c14-4803-9916-1ac891e4a1d1')}
2026-03-05 20:22:29,033 INFO sqlalchemy.engine.Engine SELECT user_skills.id AS user_skills_id, user_skills.user_id AS user_skills_user_id, user_skills.skill_id AS user_skills_skill_id, user_skills.created_at AS user_skills_created_at 
FROM user_skills 
WHERE user_skills.user_id = %(user_id_1)s::UUID
2026-03-05 20:22:29,033 INFO sqlalchemy.engine.Engine [generated in 0.00009s] {'user_id_1': UUID('39bc41c3-4c14-4803-9916-1ac891e4a1d1')}
2026-03-05 20:22:29,035 INFO sqlalchemy.engine.Engine SELECT posts.id AS posts_id, posts.user_id AS posts_user_id, posts.content AS posts_content, posts.media_urls AS posts_media_urls, posts.tag AS posts_tag, posts.likes_count AS posts_likes_count, posts.comments_count AS posts_comments_count, posts.reposts_count AS posts_reposts_count, posts.is_public AS posts_is_public, posts.is_anonymous AS posts_is_anonymous, posts.created_at AS posts_created_at, posts.updated_at AS posts_updated_at 
FROM posts 
WHERE posts.user_id = %(user_id_1)s::UUID AND posts.is_public = true ORDER BY posts.created_at DESC 
 LIMIT %(param_1)s OFFSET %(param_2)s
2026-03-05 20:22:29,035 INFO sqlalchemy.engine.Engine [generated in 0.00011s] {'user_id_1': UUID('39bc41c3-4c14-4803-9916-1ac891e4a1d1'), 'param_1': 10, 'param_2': 0}
2026-03-05 20:22:29,036 INFO sqlalchemy.engine.Engine SELECT users.id AS users_id, users.email AS users_email, users.username AS users_username, users.name AS users_name, users.password_hash AS users_password_hash, users.graduation_year AS users_graduation_year, users.bio AS users_bio, users.location AS users_location, users."current_role" AS users_current_role, users.profile_image_url AS users_profile_image_url, users.phone AS users_phone, users.linkedin_url AS users_linkedin_url, users.github_url AS users_github_url, users.twitter_handle AS users_twitter_handle, users.following_count AS users_following_count, users.followers_count AS users_followers_count, users.post_count AS users_post_count, users.is_active AS users_is_active, users.is_verified AS users_is_verified, users.role AS users_role, users.created_at AS users_created_at, users.updated_at AS users_updated_at, users.last_login_at AS users_last_login_at 
FROM users JOIN user_connections ON user_connections.following_id = users.id 
WHERE user_connections.follower_id = %(follower_id_1)s::UUID
2026-03-05 20:22:29,036 INFO sqlalchemy.engine.Engine [generated in 0.00006s] {'follower_id_1': UUID('39bc41c3-4c14-4803-9916-1ac891e4a1d1')}
2026-03-05 20:22:29,040 INFO sqlalchemy.engine.Engine SELECT users.id AS users_id, users.email AS users_email, users.username AS users_username, users.name AS users_name, users.password_hash AS users_password_hash, users.graduation_year AS users_graduation_year, users.bio AS users_bio, users.location AS users_location, users."current_role" AS users_current_role, users.profile_image_url AS users_profile_image_url, users.phone AS users_phone, users.linkedin_url AS users_linkedin_url, users.github_url AS users_github_url, users.twitter_handle AS users_twitter_handle, users.following_count AS users_following_count, users.followers_count AS users_followers_count, users.post_count AS users_post_count, users.is_active AS users_is_active, users.is_verified AS users_is_verified, users.role AS users_role, users.created_at AS users_created_at, users.updated_at AS users_updated_at, users.last_login_at AS users_last_login_at 
FROM users JOIN user_connections ON user_connections.follower_id = users.id 
WHERE user_connections.following_id = %(following_id_1)s::UUID
2026-03-05 20:22:29,040 INFO sqlalchemy.engine.Engine [generated in 0.00009s] {'following_id_1': UUID('39bc41c3-4c14-4803-9916-1ac891e4a1d1')}
INFO:     127.0.0.1:53572 - "GET /api/users/39bc41c3-4c14-4803-9916-1ac891e4a1d1 HTTP/1.1" 200 OK
2026-03-05 20:22:29,044 INFO sqlalchemy.engine.Engine ROLLBACK
2026-03-05 20:22:29,046 INFO sqlalchemy.engine.Engine BEGIN (implicit)
2026-03-05 20:22:29,046 INFO sqlalchemy.engine.Engine SELECT users.id AS users_id, users.email AS users_email, users.username AS users_username, users.name AS users_name, users.password_hash AS users_password_hash, users.graduation_year AS users_graduation_year, users.bio AS users_bio, users.location AS users_location, users."current_role" AS users_current_role, users.profile_image_url AS users_profile_image_url, users.phone AS users_phone, users.linkedin_url AS users_linkedin_url, users.github_url AS users_github_url, users.twitter_handle AS users_twitter_handle, users.following_count AS users_following_count, users.followers_count AS users_followers_count, users.post_count AS users_post_count, users.is_active AS users_is_active, users.is_verified AS users_is_verified, users.role AS users_role, users.created_at AS users_created_at, users.updated_at AS users_updated_at, users.last_login_at AS users_last_login_at 
FROM users 
WHERE users.id = %(id_1)s::UUID 
 LIMIT %(param_1)s
2026-03-05 20:22:29,046 INFO sqlalchemy.engine.Engine [cached since 107.9s ago] {'id_1': '39bc41c3-4c14-4803-9916-1ac891e4a1d1', 'param_1': 1}
2026-03-05 20:22:29,047 INFO sqlalchemy.engine.Engine SELECT users.id AS users_id, users.email AS users_email, users.username AS users_username, users.name AS users_name, users.password_hash AS users_password_hash, users.graduation_year AS users_graduation_year, users.bio AS users_bio, users.location AS users_location, users."current_role" AS users_current_role, users.profile_image_url AS users_profile_image_url, users.phone AS users_phone, users.linkedin_url AS users_linkedin_url, users.github_url AS users_github_url, users.twitter_handle AS users_twitter_handle, users.following_count AS users_following_count, users.followers_count AS users_followers_count, users.post_count AS users_post_count, users.is_active AS users_is_active, users.is_verified AS users_is_verified, users.role AS users_role, users.created_at AS users_created_at, users.updated_at AS users_updated_at, users.last_login_at AS users_last_login_at 
FROM users 
WHERE users.id = %(id_1)s::UUID 
 LIMIT %(param_1)s
2026-03-05 20:22:29,047 INFO sqlalchemy.engine.Engine [cached since 107.9s ago] {'id_1': UUID('39bc41c3-4c14-4803-9916-1ac891e4a1d1'), 'param_1': 1}
2026-03-05 20:22:29,047 INFO sqlalchemy.engine.Engine SELECT users.id AS users_id, users.email AS users_email, users.username AS users_username, users.name AS users_name, users.password_hash AS users_password_hash, users.graduation_year AS users_graduation_year, users.bio AS users_bio, users.location AS users_location, users."current_role" AS users_current_role, users.profile_image_url AS users_profile_image_url, users.phone AS users_phone, users.linkedin_url AS users_linkedin_url, users.github_url AS users_github_url, users.twitter_handle AS users_twitter_handle, users.following_count AS users_following_count, users.followers_count AS users_followers_count, users.post_count AS users_post_count, users.is_active AS users_is_active, users.is_verified AS users_is_verified, users.role AS users_role, users.created_at AS users_created_at, users.updated_at AS users_updated_at, users.last_login_at AS users_last_login_at 
FROM users 
WHERE users.id = %(id_1)s::UUID 
 LIMIT %(param_1)s
2026-03-05 20:22:29,048 INFO sqlalchemy.engine.Engine [cached since 107.9s ago] {'id_1': UUID('39bc41c3-4c14-4803-9916-1ac891e4a1d1'), 'param_1': 1}
2026-03-05 20:22:29,048 INFO sqlalchemy.engine.Engine SELECT education.id AS education_id, education.user_id AS education_user_id, education.institution AS education_institution, education.degree AS education_degree, education.field AS education_field, education.year AS education_year, education.created_at AS education_created_at 
FROM education 
WHERE education.user_id = %(user_id_1)s::UUID
2026-03-05 20:22:29,048 INFO sqlalchemy.engine.Engine [cached since 0.01863s ago] {'user_id_1': UUID('39bc41c3-4c14-4803-9916-1ac891e4a1d1')}
2026-03-05 20:22:29,048 INFO sqlalchemy.engine.Engine SELECT experience.id AS experience_id, experience.user_id AS experience_user_id, experience.company AS experience_company, experience.position AS experience_position, experience.duration AS experience_duration, experience.description AS experience_description, experience.created_at AS experience_created_at 
FROM experience 
WHERE experience.user_id = %(user_id_1)s::UUID
2026-03-05 20:22:29,048 INFO sqlalchemy.engine.Engine [cached since 0.01752s ago] {'user_id_1': UUID('39bc41c3-4c14-4803-9916-1ac891e4a1d1')}
2026-03-05 20:22:29,049 INFO sqlalchemy.engine.Engine SELECT user_skills.id AS user_skills_id, user_skills.user_id AS user_skills_user_id, user_skills.skill_id AS user_skills_skill_id, user_skills.created_at AS user_skills_created_at 
FROM user_skills 
WHERE user_skills.user_id = %(user_id_1)s::UUID
2026-03-05 20:22:29,049 INFO sqlalchemy.engine.Engine [cached since 0.01584s ago] {'user_id_1': UUID('39bc41c3-4c14-4803-9916-1ac891e4a1d1')}
2026-03-05 20:22:29,049 INFO sqlalchemy.engine.Engine SELECT posts.id AS posts_id, posts.user_id AS posts_user_id, posts.content AS posts_content, posts.media_urls AS posts_media_urls, posts.tag AS posts_tag, posts.likes_count AS posts_likes_count, posts.comments_count AS posts_comments_count, posts.reposts_count AS posts_reposts_count, posts.is_public AS posts_is_public, posts.is_anonymous AS posts_is_anonymous, posts.created_at AS posts_created_at, posts.updated_at AS posts_updated_at 
FROM posts 
WHERE posts.user_id = %(user_id_1)s::UUID AND posts.is_public = true ORDER BY posts.created_at DESC 
 LIMIT %(param_1)s OFFSET %(param_2)s
2026-03-05 20:22:29,050 INFO sqlalchemy.engine.Engine [cached since 0.01462s ago] {'user_id_1': UUID('39bc41c3-4c14-4803-9916-1ac891e4a1d1'), 'param_1': 10, 'param_2': 0}
2026-03-05 20:22:29,050 INFO sqlalchemy.engine.Engine SELECT users.id AS users_id, users.email AS users_email, users.username AS users_username, users.name AS users_name, users.password_hash AS users_password_hash, users.graduation_year AS users_graduation_year, users.bio AS users_bio, users.location AS users_location, users."current_role" AS users_current_role, users.profile_image_url AS users_profile_image_url, users.phone AS users_phone, users.linkedin_url AS users_linkedin_url, users.github_url AS users_github_url, users.twitter_handle AS users_twitter_handle, users.following_count AS users_following_count, users.followers_count AS users_followers_count, users.post_count AS users_post_count, users.is_active AS users_is_active, users.is_verified AS users_is_verified, users.role AS users_role, users.created_at AS users_created_at, users.updated_at AS users_updated_at, users.last_login_at AS users_last_login_at 
FROM users JOIN user_connections ON user_connections.following_id = users.id 
WHERE user_connections.follower_id = %(follower_id_1)s::UUID
2026-03-05 20:22:29,050 INFO sqlalchemy.engine.Engine [cached since 0.01385s ago] {'follower_id_1': UUID('39bc41c3-4c14-4803-9916-1ac891e4a1d1')}
2026-03-05 20:22:29,051 INFO sqlalchemy.engine.Engine SELECT users.id AS users_id, users.email AS users_email, users.username AS users_username, users.name AS users_name, users.password_hash AS users_password_hash, users.graduation_year AS users_graduation_year, users.bio AS users_bio, users.location AS users_location, users."current_role" AS users_current_role, users.profile_image_url AS users_profile_image_url, users.phone AS users_phone, users.linkedin_url AS users_linkedin_url, users.github_url AS users_github_url, users.twitter_handle AS users_twitter_handle, users.following_count AS users_following_count, users.followers_count AS users_followers_count, users.post_count AS users_post_count, users.is_active AS users_is_active, users.is_verified AS users_is_verified, users.role AS users_role, users.created_at AS users_created_at, users.updated_at AS users_updated_at, users.last_login_at AS users_last_login_at 
FROM users JOIN user_connections ON user_connections.follower_id = users.id 
WHERE user_connections.following_id = %(following_id_1)s::UUID
2026-03-05 20:22:29,051 INFO sqlalchemy.engine.Engine [cached since 0.01102s ago] {'following_id_1': UUID('39bc41c3-4c14-4803-9916-1ac891e4a1d1')}
INFO:     127.0.0.1:53573 - "GET /api/users/39bc41c3-4c14-4803-9916-1ac891e4a1d1 HTTP/1.1" 200 OK
2026-03-05 20:22:29,052 INFO sqlalchemy.engine.Engine ROLLBACK
INFO:     127.0.0.1:53573 - "OPTIONS /api/posts/user/39bc41c3-4c14-4803-9916-1ac891e4a1d1?skip=0&limit=50 HTTP/1.1" 200 OK
2026-03-05 20:22:30,668 INFO sqlalchemy.engine.Engine BEGIN (implicit)
2026-03-05 20:22:30,669 INFO sqlalchemy.engine.Engine SELECT users.id AS users_id, users.email AS users_email, users.username AS users_username, users.name AS users_name, users.password_hash AS users_password_hash, users.graduation_year AS users_graduation_year, users.bio AS users_bio, users.location AS users_location, users."current_role" AS users_current_role, users.profile_image_url AS users_profile_image_url, users.phone AS users_phone, users.linkedin_url AS users_linkedin_url, users.github_url AS users_github_url, users.twitter_handle AS users_twitter_handle, users.following_count AS users_following_count, users.followers_count AS users_followers_count, users.post_count AS users_post_count, users.is_active AS users_is_active, users.is_verified AS users_is_verified, users.role AS users_role, users.created_at AS users_created_at, users.updated_at AS users_updated_at, users.last_login_at AS users_last_login_at 
FROM users 
WHERE users.id = %(id_1)s::UUID 
 LIMIT %(param_1)s
2026-03-05 20:22:30,669 INFO sqlalchemy.engine.Engine [cached since 109.6s ago] {'id_1': '39bc41c3-4c14-4803-9916-1ac891e4a1d1', 'param_1': 1}
2026-03-05 20:22:30,670 INFO sqlalchemy.engine.Engine SELECT posts.id AS posts_id, posts.user_id AS posts_user_id, posts.content AS posts_content, posts.media_urls AS posts_media_urls, posts.tag AS posts_tag, posts.likes_count AS posts_likes_count, posts.comments_count AS posts_comments_count, posts.reposts_count AS posts_reposts_count, posts.is_public AS posts_is_public, posts.is_anonymous AS posts_is_anonymous, posts.created_at AS posts_created_at, posts.updated_at AS posts_updated_at 
FROM posts 
WHERE posts.user_id = %(user_id_1)s::UUID AND posts.is_public = true ORDER BY posts.created_at DESC 
 LIMIT %(param_1)s OFFSET %(param_2)s
2026-03-05 20:22:30,670 INFO sqlalchemy.engine.Engine [cached since 1.635s ago] {'user_id_1': UUID('39bc41c3-4c14-4803-9916-1ac891e4a1d1'), 'param_1': 50, 'param_2': 0}
INFO:     127.0.0.1:53572 - "GET /api/posts/user/39bc41c3-4c14-4803-9916-1ac891e4a1d1?skip=0&limit=50 HTTP/1.1" 200 OK
2026-03-05 20:22:30,671 INFO sqlalchemy.engine.Engine ROLLBACK
2026-03-05 20:22:36,608 INFO sqlalchemy.engine.Engine BEGIN (implicit)
2026-03-05 20:22:36,608 INFO sqlalchemy.engine.Engine SELECT users.id AS users_id, users.email AS users_email, users.username AS users_username, users.name AS users_name, users.password_hash AS users_password_hash, users.graduation_year AS users_graduation_year, users.bio AS users_bio, users.location AS users_location, users."current_role" AS users_current_role, users.profile_image_url AS users_profile_image_url, users.phone AS users_phone, users.linkedin_url AS users_linkedin_url, users.github_url AS users_github_url, users.twitter_handle AS users_twitter_handle, users.following_count AS users_following_count, users.followers_count AS users_followers_count, users.post_count AS users_post_count, users.is_active AS users_is_active, users.is_verified AS users_is_verified, users.role AS users_role, users.created_at AS users_created_at, users.updated_at AS users_updated_at, users.last_login_at AS users_last_login_at 
FROM users 
WHERE users.id = %(id_1)s::UUID 
 LIMIT %(param_1)s
2026-03-05 20:22:36,609 INFO sqlalchemy.engine.Engine [cached since 115.5s ago] {'id_1': '39bc41c3-4c14-4803-9916-1ac891e4a1d1', 'param_1': 1}
2026-03-05 20:22:36,611 INFO sqlalchemy.engine.Engine SELECT posts.id AS posts_id, posts.user_id AS posts_user_id, posts.content AS posts_content, posts.media_urls AS posts_media_urls, posts.tag AS posts_tag, posts.likes_count AS posts_likes_count, posts.comments_count AS posts_comments_count, posts.reposts_count AS posts_reposts_count, posts.is_public AS posts_is_public, posts.is_anonymous AS posts_is_anonymous, posts.created_at AS posts_created_at, posts.updated_at AS posts_updated_at 
FROM posts 
WHERE posts.is_public = true ORDER BY posts.created_at DESC 
 LIMIT %(param_1)s OFFSET %(param_2)s
2026-03-05 20:22:36,611 INFO sqlalchemy.engine.Engine [cached since 115.5s ago] {'param_1': 100, 'param_2': 0}
2026-03-05 20:22:36,613 INFO sqlalchemy.engine.Engine SELECT users.id AS users_id, users.email AS users_email, users.username AS users_username, users.name AS users_name, users.password_hash AS users_password_hash, users.graduation_year AS users_graduation_year, users.bio AS users_bio, users.location AS users_location, users."current_role" AS users_current_role, users.profile_image_url AS users_profile_image_url, users.phone AS users_phone, users.linkedin_url AS users_linkedin_url, users.github_url AS users_github_url, users.twitter_handle AS users_twitter_handle, users.following_count AS users_following_count, users.followers_count AS users_followers_count, users.post_count AS users_post_count, users.is_active AS users_is_active, users.is_verified AS users_is_verified, users.role AS users_role, users.created_at AS users_created_at, users.updated_at AS users_updated_at, users.last_login_at AS users_last_login_at 
FROM users 
WHERE users.id = %(pk_1)s::UUID
2026-03-05 20:22:36,613 INFO sqlalchemy.engine.Engine [cached since 115.5s ago] {'pk_1': UUID('de320988-89c2-422e-b678-50641b34c157')}
2026-03-05 20:22:36,615 INFO sqlalchemy.engine.Engine SELECT users.id AS users_id, users.email AS users_email, users.username AS users_username, users.name AS users_name, users.password_hash AS users_password_hash, users.graduation_year AS users_graduation_year, users.bio AS users_bio, users.location AS users_location, users."current_role" AS users_current_role, users.profile_image_url AS users_profile_image_url, users.phone AS users_phone, users.linkedin_url AS users_linkedin_url, users.github_url AS users_github_url, users.twitter_handle AS users_twitter_handle, users.following_count AS users_following_count, users.followers_count AS users_followers_count, users.post_count AS users_post_count, users.is_active AS users_is_active, users.is_verified AS users_is_verified, users.role AS users_role, users.created_at AS users_created_at, users.updated_at AS users_updated_at, users.last_login_at AS users_last_login_at 
FROM users 
WHERE users.id = %(pk_1)s::UUID
2026-03-05 20:22:36,615 INFO sqlalchemy.engine.Engine [cached since 115.5s ago] {'pk_1': UUID('b6254dbe-aae1-49be-8ff3-c89050e36bdd')}
2026-03-05 20:22:36,616 INFO sqlalchemy.engine.Engine SELECT users.id AS users_id, users.email AS users_email, users.username AS users_username, users.name AS users_name, users.password_hash AS users_password_hash, users.graduation_year AS users_graduation_year, users.bio AS users_bio, users.location AS users_location, users."current_role" AS users_current_role, users.profile_image_url AS users_profile_image_url, users.phone AS users_phone, users.linkedin_url AS users_linkedin_url, users.github_url AS users_github_url, users.twitter_handle AS users_twitter_handle, users.following_count AS users_following_count, users.followers_count AS users_followers_count, users.post_count AS users_post_count, users.is_active AS users_is_active, users.is_verified AS users_is_verified, users.role AS users_role, users.created_at AS users_created_at, users.updated_at AS users_updated_at, users.last_login_at AS users_last_login_at 
FROM users 
WHERE users.id = %(pk_1)s::UUID
2026-03-05 20:22:36,616 INFO sqlalchemy.engine.Engine [cached since 115.5s ago] {'pk_1': UUID('67c3d747-c055-43c6-b140-b531a06f8216')}
2026-03-05 20:22:36,617 INFO sqlalchemy.engine.Engine SELECT users.id AS users_id, users.email AS users_email, users.username AS users_username, users.name AS users_name, users.password_hash AS users_password_hash, users.graduation_year AS users_graduation_year, users.bio AS users_bio, users.location AS users_location, users."current_role" AS users_current_role, users.profile_image_url AS users_profile_image_url, users.phone AS users_phone, users.linkedin_url AS users_linkedin_url, users.github_url AS users_github_url, users.twitter_handle AS users_twitter_handle, users.following_count AS users_following_count, users.followers_count AS users_followers_count, users.post_count AS users_post_count, users.is_active AS users_is_active, users.is_verified AS users_is_verified, users.role AS users_role, users.created_at AS users_created_at, users.updated_at AS users_updated_at, users.last_login_at AS users_last_login_at 
FROM users 
WHERE users.id = %(pk_1)s::UUID
2026-03-05 20:22:36,617 INFO sqlalchemy.engine.Engine [cached since 115.5s ago] {'pk_1': UUID('3f3ee1f3-c4ca-4f0b-87ab-8234cf974028')}
2026-03-05 20:22:36,618 INFO sqlalchemy.engine.Engine SELECT users.id AS users_id, users.email AS users_email, users.username AS users_username, users.name AS users_name, users.password_hash AS users_password_hash, users.graduation_year AS users_graduation_year, users.bio AS users_bio, users.location AS users_location, users."current_role" AS users_current_role, users.profile_image_url AS users_profile_image_url, users.phone AS users_phone, users.linkedin_url AS users_linkedin_url, users.github_url AS users_github_url, users.twitter_handle AS users_twitter_handle, users.following_count AS users_following_count, users.followers_count AS users_followers_count, users.post_count AS users_post_count, users.is_active AS users_is_active, users.is_verified AS users_is_verified, users.role AS users_role, users.created_at AS users_created_at, users.updated_at AS users_updated_at, users.last_login_at AS users_last_login_at 
FROM users 
WHERE users.id = %(pk_1)s::UUID
2026-03-05 20:22:36,618 INFO sqlalchemy.engine.Engine [cached since 115.5s ago] {'pk_1': UUID('7c392ee0-f071-4277-a074-7c8ed282a2b7')}
2026-03-05 20:22:36,619 INFO sqlalchemy.engine.Engine SELECT users.id AS users_id, users.email AS users_email, users.username AS users_username, users.name AS users_name, users.password_hash AS users_password_hash, users.graduation_year AS users_graduation_year, users.bio AS users_bio, users.location AS users_location, users."current_role" AS users_current_role, users.profile_image_url AS users_profile_image_url, users.phone AS users_phone, users.linkedin_url AS users_linkedin_url, users.github_url AS users_github_url, users.twitter_handle AS users_twitter_handle, users.following_count AS users_following_count, users.followers_count AS users_followers_count, users.post_count AS users_post_count, users.is_active AS users_is_active, users.is_verified AS users_is_verified, users.role AS users_role, users.created_at AS users_created_at, users.updated_at AS users_updated_at, users.last_login_at AS users_last_login_at 
FROM users 
WHERE users.id = %(pk_1)s::UUID
2026-03-05 20:22:36,619 INFO sqlalchemy.engine.Engine [cached since 115.5s ago] {'pk_1': UUID('4c68130b-ef88-4056-abca-743c903a2ee9')}
2026-03-05 20:22:36,621 INFO sqlalchemy.engine.Engine SELECT users.id AS users_id, users.email AS users_email, users.username AS users_username, users.name AS users_name, users.password_hash AS users_password_hash, users.graduation_year AS users_graduation_year, users.bio AS users_bio, users.location AS users_location, users."current_role" AS users_current_role, users.profile_image_url AS users_profile_image_url, users.phone AS users_phone, users.linkedin_url AS users_linkedin_url, users.github_url AS users_github_url, users.twitter_handle AS users_twitter_handle, users.following_count AS users_following_count, users.followers_count AS users_followers_count, users.post_count AS users_post_count, users.is_active AS users_is_active, users.is_verified AS users_is_verified, users.role AS users_role, users.created_at AS users_created_at, users.updated_at AS users_updated_at, users.last_login_at AS users_last_login_at 
FROM users 
WHERE users.id = %(pk_1)s::UUID
2026-03-05 20:22:36,621 INFO sqlalchemy.engine.Engine [cached since 115.5s ago] {'pk_1': UUID('06622cd2-be07-4627-9a40-40a808ea6675')}
2026-03-05 20:22:36,622 INFO sqlalchemy.engine.Engine SELECT users.id AS users_id, users.email AS users_email, users.username AS users_username, users.name AS users_name, users.password_hash AS users_password_hash, users.graduation_year AS users_graduation_year, users.bio AS users_bio, users.location AS users_location, users."current_role" AS users_current_role, users.profile_image_url AS users_profile_image_url, users.phone AS users_phone, users.linkedin_url AS users_linkedin_url, users.github_url AS users_github_url, users.twitter_handle AS users_twitter_handle, users.following_count AS users_following_count, users.followers_count AS users_followers_count, users.post_count AS users_post_count, users.is_active AS users_is_active, users.is_verified AS users_is_verified, users.role AS users_role, users.created_at AS users_created_at, users.updated_at AS users_updated_at, users.last_login_at AS users_last_login_at 
FROM users 
WHERE users.id = %(pk_1)s::UUID
2026-03-05 20:22:36,622 INFO sqlalchemy.engine.Engine [cached since 115.5s ago] {'pk_1': UUID('9b5e1b44-fc62-463b-aa97-b27295eab70d')}
INFO:     127.0.0.1:53575 - "GET /api/posts/?skip=0&limit=100 HTTP/1.1" 200 OK
2026-03-05 20:22:36,626 INFO sqlalchemy.engine.Engine ROLLBACK
2026-03-05 20:22:36,627 INFO sqlalchemy.engine.Engine BEGIN (implicit)
2026-03-05 20:22:36,628 INFO sqlalchemy.engine.Engine SELECT users.id AS users_id, users.email AS users_email, users.username AS users_username, users.name AS users_name, users.password_hash AS users_password_hash, users.graduation_year AS users_graduation_year, users.bio AS users_bio, users.location AS users_location, users."current_role" AS users_current_role, users.profile_image_url AS users_profile_image_url, users.phone AS users_phone, users.linkedin_url AS users_linkedin_url, users.github_url AS users_github_url, users.twitter_handle AS users_twitter_handle, users.following_count AS users_following_count, users.followers_count AS users_followers_count, users.post_count AS users_post_count, users.is_active AS users_is_active, users.is_verified AS users_is_verified, users.role AS users_role, users.created_at AS users_created_at, users.updated_at AS users_updated_at, users.last_login_at AS users_last_login_at 
FROM users 
WHERE users.id = %(id_1)s::UUID 
 LIMIT %(param_1)s
2026-03-05 20:22:36,628 INFO sqlalchemy.engine.Engine [cached since 115.5s ago] {'id_1': '39bc41c3-4c14-4803-9916-1ac891e4a1d1', 'param_1': 1}
2026-03-05 20:22:36,628 INFO sqlalchemy.engine.Engine SELECT posts.id AS posts_id, posts.user_id AS posts_user_id, posts.content AS posts_content, posts.media_urls AS posts_media_urls, posts.tag AS posts_tag, posts.likes_count AS posts_likes_count, posts.comments_count AS posts_comments_count, posts.reposts_count AS posts_reposts_count, posts.is_public AS posts_is_public, posts.is_anonymous AS posts_is_anonymous, posts.created_at AS posts_created_at, posts.updated_at AS posts_updated_at 
FROM posts 
WHERE posts.is_public = true ORDER BY posts.created_at DESC 
 LIMIT %(param_1)s OFFSET %(param_2)s
2026-03-05 20:22:36,629 INFO sqlalchemy.engine.Engine [cached since 115.5s ago] {'param_1': 100, 'param_2': 0}
2026-03-05 20:22:36,629 INFO sqlalchemy.engine.Engine SELECT users.id AS users_id, users.email AS users_email, users.username AS users_username, users.name AS users_name, users.password_hash AS users_password_hash, users.graduation_year AS users_graduation_year, users.bio AS users_bio, users.location AS users_location, users."current_role" AS users_current_role, users.profile_image_url AS users_profile_image_url, users.phone AS users_phone, users.linkedin_url AS users_linkedin_url, users.github_url AS users_github_url, users.twitter_handle AS users_twitter_handle, users.following_count AS users_following_count, users.followers_count AS users_followers_count, users.post_count AS users_post_count, users.is_active AS users_is_active, users.is_verified AS users_is_verified, users.role AS users_role, users.created_at AS users_created_at, users.updated_at AS users_updated_at, users.last_login_at AS users_last_login_at 
FROM users 
WHERE users.id = %(pk_1)s::UUID
2026-03-05 20:22:36,629 INFO sqlalchemy.engine.Engine [cached since 115.5s ago] {'pk_1': UUID('de320988-89c2-422e-b678-50641b34c157')}
2026-03-05 20:22:36,630 INFO sqlalchemy.engine.Engine SELECT users.id AS users_id, users.email AS users_email, users.username AS users_username, users.name AS users_name, users.password_hash AS users_password_hash, users.graduation_year AS users_graduation_year, users.bio AS users_bio, users.location AS users_location, users."current_role" AS users_current_role, users.profile_image_url AS users_profile_image_url, users.phone AS users_phone, users.linkedin_url AS users_linkedin_url, users.github_url AS users_github_url, users.twitter_handle AS users_twitter_handle, users.following_count AS users_following_count, users.followers_count AS users_followers_count, users.post_count AS users_post_count, users.is_active AS users_is_active, users.is_verified AS users_is_verified, users.role AS users_role, users.created_at AS users_created_at, users.updated_at AS users_updated_at, users.last_login_at AS users_last_login_at 
FROM users 
WHERE users.id = %(pk_1)s::UUID
2026-03-05 20:22:36,630 INFO sqlalchemy.engine.Engine [cached since 115.5s ago] {'pk_1': UUID('b6254dbe-aae1-49be-8ff3-c89050e36bdd')}
2026-03-05 20:22:36,630 INFO sqlalchemy.engine.Engine SELECT users.id AS users_id, users.email AS users_email, users.username AS users_username, users.name AS users_name, users.password_hash AS users_password_hash, users.graduation_year AS users_graduation_year, users.bio AS users_bio, users.location AS users_location, users."current_role" AS users_current_role, users.profile_image_url AS users_profile_image_url, users.phone AS users_phone, users.linkedin_url AS users_linkedin_url, users.github_url AS users_github_url, users.twitter_handle AS users_twitter_handle, users.following_count AS users_following_count, users.followers_count AS users_followers_count, users.post_count AS users_post_count, users.is_active AS users_is_active, users.is_verified AS users_is_verified, users.role AS users_role, users.created_at AS users_created_at, users.updated_at AS users_updated_at, users.last_login_at AS users_last_login_at 
FROM users 
WHERE users.id = %(pk_1)s::UUID
2026-03-05 20:22:36,630 INFO sqlalchemy.engine.Engine [cached since 115.5s ago] {'pk_1': UUID('67c3d747-c055-43c6-b140-b531a06f8216')}
2026-03-05 20:22:36,630 INFO sqlalchemy.engine.Engine SELECT users.id AS users_id, users.email AS users_email, users.username AS users_username, users.name AS users_name, users.password_hash AS users_password_hash, users.graduation_year AS users_graduation_year, users.bio AS users_bio, users.location AS users_location, users."current_role" AS users_current_role, users.profile_image_url AS users_profile_image_url, users.phone AS users_phone, users.linkedin_url AS users_linkedin_url, users.github_url AS users_github_url, users.twitter_handle AS users_twitter_handle, users.following_count AS users_following_count, users.followers_count AS users_followers_count, users.post_count AS users_post_count, users.is_active AS users_is_active, users.is_verified AS users_is_verified, users.role AS users_role, users.created_at AS users_created_at, users.updated_at AS users_updated_at, users.last_login_at AS users_last_login_at 
FROM users 
WHERE users.id = %(pk_1)s::UUID
2026-03-05 20:22:36,630 INFO sqlalchemy.engine.Engine [cached since 115.5s ago] {'pk_1': UUID('3f3ee1f3-c4ca-4f0b-87ab-8234cf974028')}
2026-03-05 20:22:36,631 INFO sqlalchemy.engine.Engine SELECT users.id AS users_id, users.email AS users_email, users.username AS users_username, users.name AS users_name, users.password_hash AS users_password_hash, users.graduation_year AS users_graduation_year, users.bio AS users_bio, users.location AS users_location, users."current_role" AS users_current_role, users.profile_image_url AS users_profile_image_url, users.phone AS users_phone, users.linkedin_url AS users_linkedin_url, users.github_url AS users_github_url, users.twitter_handle AS users_twitter_handle, users.following_count AS users_following_count, users.followers_count AS users_followers_count, users.post_count AS users_post_count, users.is_active AS users_is_active, users.is_verified AS users_is_verified, users.role AS users_role, users.created_at AS users_created_at, users.updated_at AS users_updated_at, users.last_login_at AS users_last_login_at 
FROM users 
WHERE users.id = %(pk_1)s::UUID
2026-03-05 20:22:36,631 INFO sqlalchemy.engine.Engine [cached since 115.5s ago] {'pk_1': UUID('7c392ee0-f071-4277-a074-7c8ed282a2b7')}
2026-03-05 20:22:36,631 INFO sqlalchemy.engine.Engine SELECT users.id AS users_id, users.email AS users_email, users.username AS users_username, users.name AS users_name, users.password_hash AS users_password_hash, users.graduation_year AS users_graduation_year, users.bio AS users_bio, users.location AS users_location, users."current_role" AS users_current_role, users.profile_image_url AS users_profile_image_url, users.phone AS users_phone, users.linkedin_url AS users_linkedin_url, users.github_url AS users_github_url, users.twitter_handle AS users_twitter_handle, users.following_count AS users_following_count, users.followers_count AS users_followers_count, users.post_count AS users_post_count, users.is_active AS users_is_active, users.is_verified AS users_is_verified, users.role AS users_role, users.created_at AS users_created_at, users.updated_at AS users_updated_at, users.last_login_at AS users_last_login_at 
FROM users 
WHERE users.id = %(pk_1)s::UUID
2026-03-05 20:22:36,631 INFO sqlalchemy.engine.Engine [cached since 115.5s ago] {'pk_1': UUID('4c68130b-ef88-4056-abca-743c903a2ee9')}
2026-03-05 20:22:36,631 INFO sqlalchemy.engine.Engine SELECT users.id AS users_id, users.email AS users_email, users.username AS users_username, users.name AS users_name, users.password_hash AS users_password_hash, users.graduation_year AS users_graduation_year, users.bio AS users_bio, users.location AS users_location, users."current_role" AS users_current_role, users.profile_image_url AS users_profile_image_url, users.phone AS users_phone, users.linkedin_url AS users_linkedin_url, users.github_url AS users_github_url, users.twitter_handle AS users_twitter_handle, users.following_count AS users_following_count, users.followers_count AS users_followers_count, users.post_count AS users_post_count, users.is_active AS users_is_active, users.is_verified AS users_is_verified, users.role AS users_role, users.created_at AS users_created_at, users.updated_at AS users_updated_at, users.last_login_at AS users_last_login_at 
FROM users 
WHERE users.id = %(pk_1)s::UUID
2026-03-05 20:22:36,631 INFO sqlalchemy.engine.Engine [cached since 115.5s ago] {'pk_1': UUID('06622cd2-be07-4627-9a40-40a808ea6675')}
2026-03-05 20:22:36,632 INFO sqlalchemy.engine.Engine SELECT users.id AS users_id, users.email AS users_email, users.username AS users_username, users.name AS users_name, users.password_hash AS users_password_hash, users.graduation_year AS users_graduation_year, users.bio AS users_bio, users.location AS users_location, users."current_role" AS users_current_role, users.profile_image_url AS users_profile_image_url, users.phone AS users_phone, users.linkedin_url AS users_linkedin_url, users.github_url AS users_github_url, users.twitter_handle AS users_twitter_handle, users.following_count AS users_following_count, users.followers_count AS users_followers_count, users.post_count AS users_post_count, users.is_active AS users_is_active, users.is_verified AS users_is_verified, users.role AS users_role, users.created_at AS users_created_at, users.updated_at AS users_updated_at, users.last_login_at AS users_last_login_at 
FROM users 
WHERE users.id = %(pk_1)s::UUID
2026-03-05 20:22:36,632 INFO sqlalchemy.engine.Engine [cached since 115.5s ago] {'pk_1': UUID('9b5e1b44-fc62-463b-aa97-b27295eab70d')}
INFO:     127.0.0.1:53575 - "GET /api/posts/?skip=0&limit=100 HTTP/1.1" 200 OK
2026-03-05 20:22:36,634 INFO sqlalchemy.engine.Engine ROLLBACK
INFO:     127.0.0.1:53575 - "OPTIONS /api/posts/user/de320988-89c2-422e-b678-50641b34c157?skip=0&limit=50 HTTP/1.1" 200 OK
INFO:     127.0.0.1:53589 - "OPTIONS /api/users/de320988-89c2-422e-b678-50641b34c157 HTTP/1.1" 200 OK
INFO:     127.0.0.1:53592 - "OPTIONS /api/posts/user/de320988-89c2-422e-b678-50641b34c157?skip=0&limit=50 HTTP/1.1" 200 OK
INFO:     127.0.0.1:53593 - "OPTIONS /api/users/de320988-89c2-422e-b678-50641b34c157 HTTP/1.1" 200 OK
2026-03-05 20:22:39,465 INFO sqlalchemy.engine.Engine BEGIN (implicit)
2026-03-05 20:22:39,465 INFO sqlalchemy.engine.Engine SELECT users.id AS users_id, users.email AS users_email, users.username AS users_username, users.name AS users_name, users.password_hash AS users_password_hash, users.graduation_year AS users_graduation_year, users.bio AS users_bio, users.location AS users_location, users."current_role" AS users_current_role, users.profile_image_url AS users_profile_image_url, users.phone AS users_phone, users.linkedin_url AS users_linkedin_url, users.github_url AS users_github_url, users.twitter_handle AS users_twitter_handle, users.following_count AS users_following_count, users.followers_count AS users_followers_count, users.post_count AS users_post_count, users.is_active AS users_is_active, users.is_verified AS users_is_verified, users.role AS users_role, users.created_at AS users_created_at, users.updated_at AS users_updated_at, users.last_login_at AS users_last_login_at 
FROM users 
WHERE users.id = %(id_1)s::UUID 
 LIMIT %(param_1)s
2026-03-05 20:22:39,465 INFO sqlalchemy.engine.Engine [cached since 118.3s ago] {'id_1': '39bc41c3-4c14-4803-9916-1ac891e4a1d1', 'param_1': 1}
2026-03-05 20:22:39,467 INFO sqlalchemy.engine.Engine SELECT users.id AS users_id, users.email AS users_email, users.username AS users_username, users.name AS users_name, users.password_hash AS users_password_hash, users.graduation_year AS users_graduation_year, users.bio AS users_bio, users.location AS users_location, users."current_role" AS users_current_role, users.profile_image_url AS users_profile_image_url, users.phone AS users_phone, users.linkedin_url AS users_linkedin_url, users.github_url AS users_github_url, users.twitter_handle AS users_twitter_handle, users.following_count AS users_following_count, users.followers_count AS users_followers_count, users.post_count AS users_post_count, users.is_active AS users_is_active, users.is_verified AS users_is_verified, users.role AS users_role, users.created_at AS users_created_at, users.updated_at AS users_updated_at, users.last_login_at AS users_last_login_at 
FROM users 
WHERE users.id = %(id_1)s::UUID 
 LIMIT %(param_1)s
2026-03-05 20:22:39,467 INFO sqlalchemy.engine.Engine [cached since 118.3s ago] {'id_1': UUID('de320988-89c2-422e-b678-50641b34c157'), 'param_1': 1}
2026-03-05 20:22:39,468 INFO sqlalchemy.engine.Engine SELECT users.id AS users_id, users.email AS users_email, users.username AS users_username, users.name AS users_name, users.password_hash AS users_password_hash, users.graduation_year AS users_graduation_year, users.bio AS users_bio, users.location AS users_location, users."current_role" AS users_current_role, users.profile_image_url AS users_profile_image_url, users.phone AS users_phone, users.linkedin_url AS users_linkedin_url, users.github_url AS users_github_url, users.twitter_handle AS users_twitter_handle, users.following_count AS users_following_count, users.followers_count AS users_followers_count, users.post_count AS users_post_count, users.is_active AS users_is_active, users.is_verified AS users_is_verified, users.role AS users_role, users.created_at AS users_created_at, users.updated_at AS users_updated_at, users.last_login_at AS users_last_login_at 
FROM users 
WHERE users.id = %(id_1)s::UUID 
 LIMIT %(param_1)s
2026-03-05 20:22:39,469 INFO sqlalchemy.engine.Engine [cached since 118.4s ago] {'id_1': UUID('de320988-89c2-422e-b678-50641b34c157'), 'param_1': 1}
2026-03-05 20:22:39,469 INFO sqlalchemy.engine.Engine SELECT education.id AS education_id, education.user_id AS education_user_id, education.institution AS education_institution, education.degree AS education_degree, education.field AS education_field, education.year AS education_year, education.created_at AS education_created_at 
FROM education 
WHERE education.user_id = %(user_id_1)s::UUID
2026-03-05 20:22:39,469 INFO sqlalchemy.engine.Engine BEGIN (implicit)
2026-03-05 20:22:39,470 INFO sqlalchemy.engine.Engine [cached since 10.44s ago] {'user_id_1': UUID('de320988-89c2-422e-b678-50641b34c157')}
2026-03-05 20:22:39,470 INFO sqlalchemy.engine.Engine SELECT users.id AS users_id, users.email AS users_email, users.username AS users_username, users.name AS users_name, users.password_hash AS users_password_hash, users.graduation_year AS users_graduation_year, users.bio AS users_bio, users.location AS users_location, users."current_role" AS users_current_role, users.profile_image_url AS users_profile_image_url, users.phone AS users_phone, users.linkedin_url AS users_linkedin_url, users.github_url AS users_github_url, users.twitter_handle AS users_twitter_handle, users.following_count AS users_following_count, users.followers_count AS users_followers_count, users.post_count AS users_post_count, users.is_active AS users_is_active, users.is_verified AS users_is_verified, users.role AS users_role, users.created_at AS users_created_at, users.updated_at AS users_updated_at, users.last_login_at AS users_last_login_at 
FROM users 
WHERE users.id = %(id_1)s::UUID 
 LIMIT %(param_1)s
2026-03-05 20:22:39,470 INFO sqlalchemy.engine.Engine [cached since 118.4s ago] {'id_1': '39bc41c3-4c14-4803-9916-1ac891e4a1d1', 'param_1': 1}
2026-03-05 20:22:39,470 INFO sqlalchemy.engine.Engine SELECT experience.id AS experience_id, experience.user_id AS experience_user_id, experience.company AS experience_company, experience.position AS experience_position, experience.duration AS experience_duration, experience.description AS experience_description, experience.created_at AS experience_created_at 
FROM experience 
WHERE experience.user_id = %(user_id_1)s::UUID
2026-03-05 20:22:39,470 INFO sqlalchemy.engine.Engine [cached since 10.44s ago] {'user_id_1': UUID('de320988-89c2-422e-b678-50641b34c157')}
2026-03-05 20:22:39,471 INFO sqlalchemy.engine.Engine SELECT user_skills.id AS user_skills_id, user_skills.user_id AS user_skills_user_id, user_skills.skill_id AS user_skills_skill_id, user_skills.created_at AS user_skills_created_at 
FROM user_skills 
WHERE user_skills.user_id = %(user_id_1)s::UUID
2026-03-05 20:22:39,471 INFO sqlalchemy.engine.Engine [cached since 10.44s ago] {'user_id_1': UUID('de320988-89c2-422e-b678-50641b34c157')}
2026-03-05 20:22:39,472 INFO sqlalchemy.engine.Engine SELECT posts.id AS posts_id, posts.user_id AS posts_user_id, posts.content AS posts_content, posts.media_urls AS posts_media_urls, posts.tag AS posts_tag, posts.likes_count AS posts_likes_count, posts.comments_count AS posts_comments_count, posts.reposts_count AS posts_reposts_count, posts.is_public AS posts_is_public, posts.is_anonymous AS posts_is_anonymous, posts.created_at AS posts_created_at, posts.updated_at AS posts_updated_at 
FROM posts 
WHERE posts.user_id = %(user_id_1)s::UUID AND posts.is_public = true ORDER BY posts.created_at DESC 
 LIMIT %(param_1)s OFFSET %(param_2)s
2026-03-05 20:22:39,472 INFO sqlalchemy.engine.Engine [cached since 10.44s ago] {'user_id_1': UUID('de320988-89c2-422e-b678-50641b34c157'), 'param_1': 10, 'param_2': 0}
2026-03-05 20:22:39,473 INFO sqlalchemy.engine.Engine SELECT users.id AS users_id, users.email AS users_email, users.username AS users_username, users.name AS users_name, users.password_hash AS users_password_hash, users.graduation_year AS users_graduation_year, users.bio AS users_bio, users.location AS users_location, users."current_role" AS users_current_role, users.profile_image_url AS users_profile_image_url, users.phone AS users_phone, users.linkedin_url AS users_linkedin_url, users.github_url AS users_github_url, users.twitter_handle AS users_twitter_handle, users.following_count AS users_following_count, users.followers_count AS users_followers_count, users.post_count AS users_post_count, users.is_active AS users_is_active, users.is_verified AS users_is_verified, users.role AS users_role, users.created_at AS users_created_at, users.updated_at AS users_updated_at, users.last_login_at AS users_last_login_at 
FROM users JOIN user_connections ON user_connections.following_id = users.id 
WHERE user_connections.follower_id = %(follower_id_1)s::UUID
2026-03-05 20:22:39,473 INFO sqlalchemy.engine.Engine [cached since 10.44s ago] {'follower_id_1': UUID('de320988-89c2-422e-b678-50641b34c157')}
2026-03-05 20:22:39,474 INFO sqlalchemy.engine.Engine SELECT users.id AS users_id, users.email AS users_email, users.username AS users_username, users.name AS users_name, users.password_hash AS users_password_hash, users.graduation_year AS users_graduation_year, users.bio AS users_bio, users.location AS users_location, users."current_role" AS users_current_role, users.profile_image_url AS users_profile_image_url, users.phone AS users_phone, users.linkedin_url AS users_linkedin_url, users.github_url AS users_github_url, users.twitter_handle AS users_twitter_handle, users.following_count AS users_following_count, users.followers_count AS users_followers_count, users.post_count AS users_post_count, users.is_active AS users_is_active, users.is_verified AS users_is_verified, users.role AS users_role, users.created_at AS users_created_at, users.updated_at AS users_updated_at, users.last_login_at AS users_last_login_at 
FROM users JOIN user_connections ON user_connections.follower_id = users.id 
WHERE user_connections.following_id = %(following_id_1)s::UUID
2026-03-05 20:22:39,474 INFO sqlalchemy.engine.Engine [cached since 10.43s ago] {'following_id_1': UUID('de320988-89c2-422e-b678-50641b34c157')}
INFO:     127.0.0.1:53589 - "GET /api/users/de320988-89c2-422e-b678-50641b34c157 HTTP/1.1" 200 OK
2026-03-05 20:22:39,476 INFO sqlalchemy.engine.Engine ROLLBACK
2026-03-05 20:22:39,476 INFO sqlalchemy.engine.Engine SELECT posts.id AS posts_id, posts.user_id AS posts_user_id, posts.content AS posts_content, posts.media_urls AS posts_media_urls, posts.tag AS posts_tag, posts.likes_count AS posts_likes_count, posts.comments_count AS posts_comments_count, posts.reposts_count AS posts_reposts_count, posts.is_public AS posts_is_public, posts.is_anonymous AS posts_is_anonymous, posts.created_at AS posts_created_at, posts.updated_at AS posts_updated_at 
FROM posts 
WHERE posts.user_id = %(user_id_1)s::UUID AND posts.is_public = true ORDER BY posts.created_at DESC 
 LIMIT %(param_1)s OFFSET %(param_2)s
2026-03-05 20:22:39,476 INFO sqlalchemy.engine.Engine [cached since 10.44s ago] {'user_id_1': UUID('de320988-89c2-422e-b678-50641b34c157'), 'param_1': 50, 'param_2': 0}
2026-03-05 20:22:39,478 INFO sqlalchemy.engine.Engine SELECT users.id AS users_id, users.email AS users_email, users.username AS users_username, users.name AS users_name, users.password_hash AS users_password_hash, users.graduation_year AS users_graduation_year, users.bio AS users_bio, users.location AS users_location, users."current_role" AS users_current_role, users.profile_image_url AS users_profile_image_url, users.phone AS users_phone, users.linkedin_url AS users_linkedin_url, users.github_url AS users_github_url, users.twitter_handle AS users_twitter_handle, users.following_count AS users_following_count, users.followers_count AS users_followers_count, users.post_count AS users_post_count, users.is_active AS users_is_active, users.is_verified AS users_is_verified, users.role AS users_role, users.created_at AS users_created_at, users.updated_at AS users_updated_at, users.last_login_at AS users_last_login_at 
FROM users 
WHERE users.id = %(pk_1)s::UUID
2026-03-05 20:22:39,478 INFO sqlalchemy.engine.Engine [cached since 118.3s ago] {'pk_1': UUID('de320988-89c2-422e-b678-50641b34c157')}
INFO:     127.0.0.1:53575 - "GET /api/posts/user/de320988-89c2-422e-b678-50641b34c157?skip=0&limit=50 HTTP/1.1" 200 OK
2026-03-05 20:22:39,480 INFO sqlalchemy.engine.Engine ROLLBACK
2026-03-05 20:22:39,480 INFO sqlalchemy.engine.Engine BEGIN (implicit)
2026-03-05 20:22:39,480 INFO sqlalchemy.engine.Engine SELECT users.id AS users_id, users.email AS users_email, users.username AS users_username, users.name AS users_name, users.password_hash AS users_password_hash, users.graduation_year AS users_graduation_year, users.bio AS users_bio, users.location AS users_location, users."current_role" AS users_current_role, users.profile_image_url AS users_profile_image_url, users.phone AS users_phone, users.linkedin_url AS users_linkedin_url, users.github_url AS users_github_url, users.twitter_handle AS users_twitter_handle, users.following_count AS users_following_count, users.followers_count AS users_followers_count, users.post_count AS users_post_count, users.is_active AS users_is_active, users.is_verified AS users_is_verified, users.role AS users_role, users.created_at AS users_created_at, users.updated_at AS users_updated_at, users.last_login_at AS users_last_login_at 
FROM users 
WHERE users.id = %(id_1)s::UUID 
 LIMIT %(param_1)s
2026-03-05 20:22:39,480 INFO sqlalchemy.engine.Engine [cached since 118.4s ago] {'id_1': '39bc41c3-4c14-4803-9916-1ac891e4a1d1', 'param_1': 1}
2026-03-05 20:22:39,481 INFO sqlalchemy.engine.Engine BEGIN (implicit)
2026-03-05 20:22:39,481 INFO sqlalchemy.engine.Engine SELECT users.id AS users_id, users.email AS users_email, users.username AS users_username, users.name AS users_name, users.password_hash AS users_password_hash, users.graduation_year AS users_graduation_year, users.bio AS users_bio, users.location AS users_location, users."current_role" AS users_current_role, users.profile_image_url AS users_profile_image_url, users.phone AS users_phone, users.linkedin_url AS users_linkedin_url, users.github_url AS users_github_url, users.twitter_handle AS users_twitter_handle, users.following_count AS users_following_count, users.followers_count AS users_followers_count, users.post_count AS users_post_count, users.is_active AS users_is_active, users.is_verified AS users_is_verified, users.role AS users_role, users.created_at AS users_created_at, users.updated_at AS users_updated_at, users.last_login_at AS users_last_login_at 
FROM users 
WHERE users.id = %(id_1)s::UUID 
 LIMIT %(param_1)s
2026-03-05 20:22:39,481 INFO sqlalchemy.engine.Engine [cached since 118.4s ago] {'id_1': '39bc41c3-4c14-4803-9916-1ac891e4a1d1', 'param_1': 1}
2026-03-05 20:22:39,482 INFO sqlalchemy.engine.Engine SELECT users.id AS users_id, users.email AS users_email, users.username AS users_username, users.name AS users_name, users.password_hash AS users_password_hash, users.graduation_year AS users_graduation_year, users.bio AS users_bio, users.location AS users_location, users."current_role" AS users_current_role, users.profile_image_url AS users_profile_image_url, users.phone AS users_phone, users.linkedin_url AS users_linkedin_url, users.github_url AS users_github_url, users.twitter_handle AS users_twitter_handle, users.following_count AS users_following_count, users.followers_count AS users_followers_count, users.post_count AS users_post_count, users.is_active AS users_is_active, users.is_verified AS users_is_verified, users.role AS users_role, users.created_at AS users_created_at, users.updated_at AS users_updated_at, users.last_login_at AS users_last_login_at 
FROM users 
WHERE users.id = %(id_1)s::UUID 
 LIMIT %(param_1)s
2026-03-05 20:22:39,482 INFO sqlalchemy.engine.Engine [cached since 118.4s ago] {'id_1': UUID('de320988-89c2-422e-b678-50641b34c157'), 'param_1': 1}
2026-03-05 20:22:39,482 INFO sqlalchemy.engine.Engine SELECT users.id AS users_id, users.email AS users_email, users.username AS users_username, users.name AS users_name, users.password_hash AS users_password_hash, users.graduation_year AS users_graduation_year, users.bio AS users_bio, users.location AS users_location, users."current_role" AS users_current_role, users.profile_image_url AS users_profile_image_url, users.phone AS users_phone, users.linkedin_url AS users_linkedin_url, users.github_url AS users_github_url, users.twitter_handle AS users_twitter_handle, users.following_count AS users_following_count, users.followers_count AS users_followers_count, users.post_count AS users_post_count, users.is_active AS users_is_active, users.is_verified AS users_is_verified, users.role AS users_role, users.created_at AS users_created_at, users.updated_at AS users_updated_at, users.last_login_at AS users_last_login_at 
FROM users 
WHERE users.id = %(id_1)s::UUID 
 LIMIT %(param_1)s
2026-03-05 20:22:39,482 INFO sqlalchemy.engine.Engine [cached since 118.4s ago] {'id_1': UUID('de320988-89c2-422e-b678-50641b34c157'), 'param_1': 1}
2026-03-05 20:22:39,483 INFO sqlalchemy.engine.Engine SELECT education.id AS education_id, education.user_id AS education_user_id, education.institution AS education_institution, education.degree AS education_degree, education.field AS education_field, education.year AS education_year, education.created_at AS education_created_at 
FROM education 
WHERE education.user_id = %(user_id_1)s::UUID
2026-03-05 20:22:39,483 INFO sqlalchemy.engine.Engine [cached since 10.45s ago] {'user_id_1': UUID('de320988-89c2-422e-b678-50641b34c157')}
2026-03-05 20:22:39,483 INFO sqlalchemy.engine.Engine SELECT experience.id AS experience_id, experience.user_id AS experience_user_id, experience.company AS experience_company, experience.position AS experience_position, experience.duration AS experience_duration, experience.description AS experience_description, experience.created_at AS experience_created_at 
FROM experience 
WHERE experience.user_id = %(user_id_1)s::UUID
2026-03-05 20:22:39,483 INFO sqlalchemy.engine.Engine [cached since 10.45s ago] {'user_id_1': UUID('de320988-89c2-422e-b678-50641b34c157')}
2026-03-05 20:22:39,484 INFO sqlalchemy.engine.Engine SELECT user_skills.id AS user_skills_id, user_skills.user_id AS user_skills_user_id, user_skills.skill_id AS user_skills_skill_id, user_skills.created_at AS user_skills_created_at 
FROM user_skills 
WHERE user_skills.user_id = %(user_id_1)s::UUID
2026-03-05 20:22:39,484 INFO sqlalchemy.engine.Engine [cached since 10.45s ago] {'user_id_1': UUID('de320988-89c2-422e-b678-50641b34c157')}
2026-03-05 20:22:39,484 INFO sqlalchemy.engine.Engine SELECT posts.id AS posts_id, posts.user_id AS posts_user_id, posts.content AS posts_content, posts.media_urls AS posts_media_urls, posts.tag AS posts_tag, posts.likes_count AS posts_likes_count, posts.comments_count AS posts_comments_count, posts.reposts_count AS posts_reposts_count, posts.is_public AS posts_is_public, posts.is_anonymous AS posts_is_anonymous, posts.created_at AS posts_created_at, posts.updated_at AS posts_updated_at 
FROM posts 
WHERE posts.user_id = %(user_id_1)s::UUID AND posts.is_public = true ORDER BY posts.created_at DESC 
 LIMIT %(param_1)s OFFSET %(param_2)s
2026-03-05 20:22:39,484 INFO sqlalchemy.engine.Engine [cached since 10.45s ago] {'user_id_1': UUID('de320988-89c2-422e-b678-50641b34c157'), 'param_1': 10, 'param_2': 0}
2026-03-05 20:22:39,485 INFO sqlalchemy.engine.Engine SELECT users.id AS users_id, users.email AS users_email, users.username AS users_username, users.name AS users_name, users.password_hash AS users_password_hash, users.graduation_year AS users_graduation_year, users.bio AS users_bio, users.location AS users_location, users."current_role" AS users_current_role, users.profile_image_url AS users_profile_image_url, users.phone AS users_phone, users.linkedin_url AS users_linkedin_url, users.github_url AS users_github_url, users.twitter_handle AS users_twitter_handle, users.following_count AS users_following_count, users.followers_count AS users_followers_count, users.post_count AS users_post_count, users.is_active AS users_is_active, users.is_verified AS users_is_verified, users.role AS users_role, users.created_at AS users_created_at, users.updated_at AS users_updated_at, users.last_login_at AS users_last_login_at 
FROM users JOIN user_connections ON user_connections.following_id = users.id 
WHERE user_connections.follower_id = %(follower_id_1)s::UUID
2026-03-05 20:22:39,485 INFO sqlalchemy.engine.Engine [cached since 10.45s ago] {'follower_id_1': UUID('de320988-89c2-422e-b678-50641b34c157')}
2026-03-05 20:22:39,485 INFO sqlalchemy.engine.Engine SELECT users.id AS users_id, users.email AS users_email, users.username AS users_username, users.name AS users_name, users.password_hash AS users_password_hash, users.graduation_year AS users_graduation_year, users.bio AS users_bio, users.location AS users_location, users."current_role" AS users_current_role, users.profile_image_url AS users_profile_image_url, users.phone AS users_phone, users.linkedin_url AS users_linkedin_url, users.github_url AS users_github_url, users.twitter_handle AS users_twitter_handle, users.following_count AS users_following_count, users.followers_count AS users_followers_count, users.post_count AS users_post_count, users.is_active AS users_is_active, users.is_verified AS users_is_verified, users.role AS users_role, users.created_at AS users_created_at, users.updated_at AS users_updated_at, users.last_login_at AS users_last_login_at 
FROM users JOIN user_connections ON user_connections.follower_id = users.id 
WHERE user_connections.following_id = %(following_id_1)s::UUID
2026-03-05 20:22:39,485 INFO sqlalchemy.engine.Engine [cached since 10.45s ago] {'following_id_1': UUID('de320988-89c2-422e-b678-50641b34c157')}
INFO:     127.0.0.1:53593 - "GET /api/users/de320988-89c2-422e-b678-50641b34c157 HTTP/1.1" 200 OK
2026-03-05 20:22:39,487 INFO sqlalchemy.engine.Engine ROLLBACK
2026-03-05 20:22:39,488 INFO sqlalchemy.engine.Engine SELECT posts.id AS posts_id, posts.user_id AS posts_user_id, posts.content AS posts_content, posts.media_urls AS posts_media_urls, posts.tag AS posts_tag, posts.likes_count AS posts_likes_count, posts.comments_count AS posts_comments_count, posts.reposts_count AS posts_reposts_count, posts.is_public AS posts_is_public, posts.is_anonymous AS posts_is_anonymous, posts.created_at AS posts_created_at, posts.updated_at AS posts_updated_at 
FROM posts 
WHERE posts.user_id = %(user_id_1)s::UUID AND posts.is_public = true ORDER BY posts.created_at DESC 
 LIMIT %(param_1)s OFFSET %(param_2)s
2026-03-05 20:22:39,488 INFO sqlalchemy.engine.Engine [cached since 10.45s ago] {'user_id_1': UUID('de320988-89c2-422e-b678-50641b34c157'), 'param_1': 50, 'param_2': 0}
2026-03-05 20:22:39,489 INFO sqlalchemy.engine.Engine SELECT users.id AS users_id, users.email AS users_email, users.username AS users_username, users.name AS users_name, users.password_hash AS users_password_hash, users.graduation_year AS users_graduation_year, users.bio AS users_bio, users.location AS users_location, users."current_role" AS users_current_role, users.profile_image_url AS users_profile_image_url, users.phone AS users_phone, users.linkedin_url AS users_linkedin_url, users.github_url AS users_github_url, users.twitter_handle AS users_twitter_handle, users.following_count AS users_following_count, users.followers_count AS users_followers_count, users.post_count AS users_post_count, users.is_active AS users_is_active, users.is_verified AS users_is_verified, users.role AS users_role, users.created_at AS users_created_at, users.updated_at AS users_updated_at, users.last_login_at AS users_last_login_at 
FROM users 
WHERE users.id = %(pk_1)s::UUID
2026-03-05 20:22:39,489 INFO sqlalchemy.engine.Engine [cached since 118.4s ago] {'pk_1': UUID('de320988-89c2-422e-b678-50641b34c157')}
INFO:     127.0.0.1:53575 - "GET /api/posts/user/de320988-89c2-422e-b678-50641b34c157?skip=0&limit=50 HTTP/1.1" 200 OK
2026-03-05 20:22:39,490 INFO sqlalchemy.engine.Engine ROLLBACK
2026-03-05 20:22:44,071 INFO sqlalchemy.engine.Engine BEGIN (implicit)
2026-03-05 20:22:44,071 INFO sqlalchemy.engine.Engine SELECT users.id AS users_id, users.email AS users_email, users.username AS users_username, users.name AS users_name, users.password_hash AS users_password_hash, users.graduation_year AS users_graduation_year, users.bio AS users_bio, users.location AS users_location, users."current_role" AS users_current_role, users.profile_image_url AS users_profile_image_url, users.phone AS users_phone, users.linkedin_url AS users_linkedin_url, users.github_url AS users_github_url, users.twitter_handle AS users_twitter_handle, users.following_count AS users_following_count, users.followers_count AS users_followers_count, users.post_count AS users_post_count, users.is_active AS users_is_active, users.is_verified AS users_is_verified, users.role AS users_role, users.created_at AS users_created_at, users.updated_at AS users_updated_at, users.last_login_at AS users_last_login_at 
FROM users 
WHERE users.id = %(id_1)s::UUID 
 LIMIT %(param_1)s
2026-03-05 20:22:44,071 INFO sqlalchemy.engine.Engine [cached since 123s ago] {'id_1': '39bc41c3-4c14-4803-9916-1ac891e4a1d1', 'param_1': 1}
2026-03-05 20:22:44,074 INFO sqlalchemy.engine.Engine SELECT posts.id AS posts_id, posts.user_id AS posts_user_id, posts.content AS posts_content, posts.media_urls AS posts_media_urls, posts.tag AS posts_tag, posts.likes_count AS posts_likes_count, posts.comments_count AS posts_comments_count, posts.reposts_count AS posts_reposts_count, posts.is_public AS posts_is_public, posts.is_anonymous AS posts_is_anonymous, posts.created_at AS posts_created_at, posts.updated_at AS posts_updated_at 
FROM posts 
WHERE posts.user_id = %(user_id_1)s::UUID AND posts.is_public = true ORDER BY posts.created_at DESC 
 LIMIT %(param_1)s OFFSET %(param_2)s
2026-03-05 20:22:44,074 INFO sqlalchemy.engine.Engine [cached since 15.04s ago] {'user_id_1': UUID('de320988-89c2-422e-b678-50641b34c157'), 'param_1': 50, 'param_2': 0}
2026-03-05 20:22:44,076 INFO sqlalchemy.engine.Engine SELECT users.id AS users_id, users.email AS users_email, users.username AS users_username, users.name AS users_name, users.password_hash AS users_password_hash, users.graduation_year AS users_graduation_year, users.bio AS users_bio, users.location AS users_location, users."current_role" AS users_current_role, users.profile_image_url AS users_profile_image_url, users.phone AS users_phone, users.linkedin_url AS users_linkedin_url, users.github_url AS users_github_url, users.twitter_handle AS users_twitter_handle, users.following_count AS users_following_count, users.followers_count AS users_followers_count, users.post_count AS users_post_count, users.is_active AS users_is_active, users.is_verified AS users_is_verified, users.role AS users_role, users.created_at AS users_created_at, users.updated_at AS users_updated_at, users.last_login_at AS users_last_login_at 
FROM users 
WHERE users.id = %(pk_1)s::UUID
2026-03-05 20:22:44,076 INFO sqlalchemy.engine.Engine [cached since 122.9s ago] {'pk_1': UUID('de320988-89c2-422e-b678-50641b34c157')}
INFO:     127.0.0.1:53575 - "GET /api/posts/user/de320988-89c2-422e-b678-50641b34c157?skip=0&limit=50 HTTP/1.1" 200 OK
2026-03-05 20:22:44,078 INFO sqlalchemy.engine.Engine ROLLBACK
2026-03-05 20:23:00,069 INFO sqlalchemy.engine.Engine BEGIN (implicit)
2026-03-05 20:23:00,070 INFO sqlalchemy.engine.Engine SELECT users.id AS users_id, users.email AS users_email, users.username AS users_username, users.name AS users_name, users.password_hash AS users_password_hash, users.graduation_year AS users_graduation_year, users.bio AS users_bio, users.location AS users_location, users."current_role" AS users_current_role, users.profile_image_url AS users_profile_image_url, users.phone AS users_phone, users.linkedin_url AS users_linkedin_url, users.github_url AS users_github_url, users.twitter_handle AS users_twitter_handle, users.following_count AS users_following_count, users.followers_count AS users_followers_count, users.post_count AS users_post_count, users.is_active AS users_is_active, users.is_verified AS users_is_verified, users.role AS users_role, users.created_at AS users_created_at, users.updated_at AS users_updated_at, users.last_login_at AS users_last_login_at 
FROM users 
WHERE users.id = %(id_1)s::UUID 
 LIMIT %(param_1)s
2026-03-05 20:23:00,070 INFO sqlalchemy.engine.Engine [cached since 139s ago] {'id_1': '39bc41c3-4c14-4803-9916-1ac891e4a1d1', 'param_1': 1}
2026-03-05 20:23:00,072 INFO sqlalchemy.engine.Engine SELECT posts.id AS posts_id, posts.user_id AS posts_user_id, posts.content AS posts_content, posts.media_urls AS posts_media_urls, posts.tag AS posts_tag, posts.likes_count AS posts_likes_count, posts.comments_count AS posts_comments_count, posts.reposts_count AS posts_reposts_count, posts.is_public AS posts_is_public, posts.is_anonymous AS posts_is_anonymous, posts.created_at AS posts_created_at, posts.updated_at AS posts_updated_at 
FROM posts 
WHERE posts.is_public = true ORDER BY posts.created_at DESC 
 LIMIT %(param_1)s OFFSET %(param_2)s
2026-03-05 20:23:00,073 INFO sqlalchemy.engine.Engine [cached since 138.9s ago] {'param_1': 100, 'param_2': 0}
2026-03-05 20:23:00,075 INFO sqlalchemy.engine.Engine SELECT users.id AS users_id, users.email AS users_email, users.username AS users_username, users.name AS users_name, users.password_hash AS users_password_hash, users.graduation_year AS users_graduation_year, users.bio AS users_bio, users.location AS users_location, users."current_role" AS users_current_role, users.profile_image_url AS users_profile_image_url, users.phone AS users_phone, users.linkedin_url AS users_linkedin_url, users.github_url AS users_github_url, users.twitter_handle AS users_twitter_handle, users.following_count AS users_following_count, users.followers_count AS users_followers_count, users.post_count AS users_post_count, users.is_active AS users_is_active, users.is_verified AS users_is_verified, users.role AS users_role, users.created_at AS users_created_at, users.updated_at AS users_updated_at, users.last_login_at AS users_last_login_at 
FROM users 
WHERE users.id = %(pk_1)s::UUID
2026-03-05 20:23:00,075 INFO sqlalchemy.engine.Engine [cached since 138.9s ago] {'pk_1': UUID('de320988-89c2-422e-b678-50641b34c157')}
2026-03-05 20:23:00,076 INFO sqlalchemy.engine.Engine SELECT users.id AS users_id, users.email AS users_email, users.username AS users_username, users.name AS users_name, users.password_hash AS users_password_hash, users.graduation_year AS users_graduation_year, users.bio AS users_bio, users.location AS users_location, users."current_role" AS users_current_role, users.profile_image_url AS users_profile_image_url, users.phone AS users_phone, users.linkedin_url AS users_linkedin_url, users.github_url AS users_github_url, users.twitter_handle AS users_twitter_handle, users.following_count AS users_following_count, users.followers_count AS users_followers_count, users.post_count AS users_post_count, users.is_active AS users_is_active, users.is_verified AS users_is_verified, users.role AS users_role, users.created_at AS users_created_at, users.updated_at AS users_updated_at, users.last_login_at AS users_last_login_at 
FROM users 
WHERE users.id = %(pk_1)s::UUID
2026-03-05 20:23:00,076 INFO sqlalchemy.engine.Engine [cached since 138.9s ago] {'pk_1': UUID('b6254dbe-aae1-49be-8ff3-c89050e36bdd')}
2026-03-05 20:23:00,077 INFO sqlalchemy.engine.Engine SELECT users.id AS users_id, users.email AS users_email, users.username AS users_username, users.name AS users_name, users.password_hash AS users_password_hash, users.graduation_year AS users_graduation_year, users.bio AS users_bio, users.location AS users_location, users."current_role" AS users_current_role, users.profile_image_url AS users_profile_image_url, users.phone AS users_phone, users.linkedin_url AS users_linkedin_url, users.github_url AS users_github_url, users.twitter_handle AS users_twitter_handle, users.following_count AS users_following_count, users.followers_count AS users_followers_count, users.post_count AS users_post_count, users.is_active AS users_is_active, users.is_verified AS users_is_verified, users.role AS users_role, users.created_at AS users_created_at, users.updated_at AS users_updated_at, users.last_login_at AS users_last_login_at 
FROM users 
WHERE users.id = %(pk_1)s::UUID
2026-03-05 20:23:00,077 INFO sqlalchemy.engine.Engine [cached since 138.9s ago] {'pk_1': UUID('67c3d747-c055-43c6-b140-b531a06f8216')}
2026-03-05 20:23:00,078 INFO sqlalchemy.engine.Engine SELECT users.id AS users_id, users.email AS users_email, users.username AS users_username, users.name AS users_name, users.password_hash AS users_password_hash, users.graduation_year AS users_graduation_year, users.bio AS users_bio, users.location AS users_location, users."current_role" AS users_current_role, users.profile_image_url AS users_profile_image_url, users.phone AS users_phone, users.linkedin_url AS users_linkedin_url, users.github_url AS users_github_url, users.twitter_handle AS users_twitter_handle, users.following_count AS users_following_count, users.followers_count AS users_followers_count, users.post_count AS users_post_count, users.is_active AS users_is_active, users.is_verified AS users_is_verified, users.role AS users_role, users.created_at AS users_created_at, users.updated_at AS users_updated_at, users.last_login_at AS users_last_login_at 
FROM users 
WHERE users.id = %(pk_1)s::UUID
2026-03-05 20:23:00,078 INFO sqlalchemy.engine.Engine [cached since 138.9s ago] {'pk_1': UUID('3f3ee1f3-c4ca-4f0b-87ab-8234cf974028')}
2026-03-05 20:23:00,080 INFO sqlalchemy.engine.Engine SELECT users.id AS users_id, users.email AS users_email, users.username AS users_username, users.name AS users_name, users.password_hash AS users_password_hash, users.graduation_year AS users_graduation_year, users.bio AS users_bio, users.location AS users_location, users."current_role" AS users_current_role, users.profile_image_url AS users_profile_image_url, users.phone AS users_phone, users.linkedin_url AS users_linkedin_url, users.github_url AS users_github_url, users.twitter_handle AS users_twitter_handle, users.following_count AS users_following_count, users.followers_count AS users_followers_count, users.post_count AS users_post_count, users.is_active AS users_is_active, users.is_verified AS users_is_verified, users.role AS users_role, users.created_at AS users_created_at, users.updated_at AS users_updated_at, users.last_login_at AS users_last_login_at 
FROM users 
WHERE users.id = %(pk_1)s::UUID
2026-03-05 20:23:00,080 INFO sqlalchemy.engine.Engine [cached since 138.9s ago] {'pk_1': UUID('7c392ee0-f071-4277-a074-7c8ed282a2b7')}
2026-03-05 20:23:00,082 INFO sqlalchemy.engine.Engine SELECT users.id AS users_id, users.email AS users_email, users.username AS users_username, users.name AS users_name, users.password_hash AS users_password_hash, users.graduation_year AS users_graduation_year, users.bio AS users_bio, users.location AS users_location, users."current_role" AS users_current_role, users.profile_image_url AS users_profile_image_url, users.phone AS users_phone, users.linkedin_url AS users_linkedin_url, users.github_url AS users_github_url, users.twitter_handle AS users_twitter_handle, users.following_count AS users_following_count, users.followers_count AS users_followers_count, users.post_count AS users_post_count, users.is_active AS users_is_active, users.is_verified AS users_is_verified, users.role AS users_role, users.created_at AS users_created_at, users.updated_at AS users_updated_at, users.last_login_at AS users_last_login_at 
FROM users 
WHERE users.id = %(pk_1)s::UUID
2026-03-05 20:23:00,082 INFO sqlalchemy.engine.Engine [cached since 138.9s ago] {'pk_1': UUID('4c68130b-ef88-4056-abca-743c903a2ee9')}
2026-03-05 20:23:00,084 INFO sqlalchemy.engine.Engine SELECT users.id AS users_id, users.email AS users_email, users.username AS users_username, users.name AS users_name, users.password_hash AS users_password_hash, users.graduation_year AS users_graduation_year, users.bio AS users_bio, users.location AS users_location, users."current_role" AS users_current_role, users.profile_image_url AS users_profile_image_url, users.phone AS users_phone, users.linkedin_url AS users_linkedin_url, users.github_url AS users_github_url, users.twitter_handle AS users_twitter_handle, users.following_count AS users_following_count, users.followers_count AS users_followers_count, users.post_count AS users_post_count, users.is_active AS users_is_active, users.is_verified AS users_is_verified, users.role AS users_role, users.created_at AS users_created_at, users.updated_at AS users_updated_at, users.last_login_at AS users_last_login_at 
FROM users 
WHERE users.id = %(pk_1)s::UUID
2026-03-05 20:23:00,084 INFO sqlalchemy.engine.Engine [cached since 139s ago] {'pk_1': UUID('06622cd2-be07-4627-9a40-40a808ea6675')}
2026-03-05 20:23:00,085 INFO sqlalchemy.engine.Engine SELECT users.id AS users_id, users.email AS users_email, users.username AS users_username, users.name AS users_name, users.password_hash AS users_password_hash, users.graduation_year AS users_graduation_year, users.bio AS users_bio, users.location AS users_location, users."current_role" AS users_current_role, users.profile_image_url AS users_profile_image_url, users.phone AS users_phone, users.linkedin_url AS users_linkedin_url, users.github_url AS users_github_url, users.twitter_handle AS users_twitter_handle, users.following_count AS users_following_count, users.followers_count AS users_followers_count, users.post_count AS users_post_count, users.is_active AS users_is_active, users.is_verified AS users_is_verified, users.role AS users_role, users.created_at AS users_created_at, users.updated_at AS users_updated_at, users.last_login_at AS users_last_login_at 
FROM users 
WHERE users.id = %(pk_1)s::UUID
2026-03-05 20:23:00,085 INFO sqlalchemy.engine.Engine [cached since 139s ago] {'pk_1': UUID('9b5e1b44-fc62-463b-aa97-b27295eab70d')}
INFO:     127.0.0.1:53596 - "GET /api/posts/?skip=0&limit=100 HTTP/1.1" 200 OK
2026-03-05 20:23:00,088 INFO sqlalchemy.engine.Engine ROLLBACK
2026-03-05 20:23:00,089 INFO sqlalchemy.engine.Engine BEGIN (implicit)
2026-03-05 20:23:00,089 INFO sqlalchemy.engine.Engine SELECT users.id AS users_id, users.email AS users_email, users.username AS users_username, users.name AS users_name, users.password_hash AS users_password_hash, users.graduation_year AS users_graduation_year, users.bio AS users_bio, users.location AS users_location, users."current_role" AS users_current_role, users.profile_image_url AS users_profile_image_url, users.phone AS users_phone, users.linkedin_url AS users_linkedin_url, users.github_url AS users_github_url, users.twitter_handle AS users_twitter_handle, users.following_count AS users_following_count, users.followers_count AS users_followers_count, users.post_count AS users_post_count, users.is_active AS users_is_active, users.is_verified AS users_is_verified, users.role AS users_role, users.created_at AS users_created_at, users.updated_at AS users_updated_at, users.last_login_at AS users_last_login_at 
FROM users 
WHERE users.id = %(id_1)s::UUID 
 LIMIT %(param_1)s
2026-03-05 20:23:00,089 INFO sqlalchemy.engine.Engine [cached since 139s ago] {'id_1': '39bc41c3-4c14-4803-9916-1ac891e4a1d1', 'param_1': 1}
2026-03-05 20:23:00,091 INFO sqlalchemy.engine.Engine SELECT posts.id AS posts_id, posts.user_id AS posts_user_id, posts.content AS posts_content, posts.media_urls AS posts_media_urls, posts.tag AS posts_tag, posts.likes_count AS posts_likes_count, posts.comments_count AS posts_comments_count, posts.reposts_count AS posts_reposts_count, posts.is_public AS posts_is_public, posts.is_anonymous AS posts_is_anonymous, posts.created_at AS posts_created_at, posts.updated_at AS posts_updated_at 
FROM posts 
WHERE posts.is_public = true ORDER BY posts.created_at DESC 
 LIMIT %(param_1)s OFFSET %(param_2)s
2026-03-05 20:23:00,091 INFO sqlalchemy.engine.Engine [cached since 139s ago] {'param_1': 100, 'param_2': 0}
2026-03-05 20:23:00,092 INFO sqlalchemy.engine.Engine SELECT users.id AS users_id, users.email AS users_email, users.username AS users_username, users.name AS users_name, users.password_hash AS users_password_hash, users.graduation_year AS users_graduation_year, users.bio AS users_bio, users.location AS users_location, users."current_role" AS users_current_role, users.profile_image_url AS users_profile_image_url, users.phone AS users_phone, users.linkedin_url AS users_linkedin_url, users.github_url AS users_github_url, users.twitter_handle AS users_twitter_handle, users.following_count AS users_following_count, users.followers_count AS users_followers_count, users.post_count AS users_post_count, users.is_active AS users_is_active, users.is_verified AS users_is_verified, users.role AS users_role, users.created_at AS users_created_at, users.updated_at AS users_updated_at, users.last_login_at AS users_last_login_at 
FROM users 
WHERE users.id = %(pk_1)s::UUID
2026-03-05 20:23:00,092 INFO sqlalchemy.engine.Engine [cached since 139s ago] {'pk_1': UUID('de320988-89c2-422e-b678-50641b34c157')}
2026-03-05 20:23:00,092 INFO sqlalchemy.engine.Engine SELECT users.id AS users_id, users.email AS users_email, users.username AS users_username, users.name AS users_name, users.password_hash AS users_password_hash, users.graduation_year AS users_graduation_year, users.bio AS users_bio, users.location AS users_location, users."current_role" AS users_current_role, users.profile_image_url AS users_profile_image_url, users.phone AS users_phone, users.linkedin_url AS users_linkedin_url, users.github_url AS users_github_url, users.twitter_handle AS users_twitter_handle, users.following_count AS users_following_count, users.followers_count AS users_followers_count, users.post_count AS users_post_count, users.is_active AS users_is_active, users.is_verified AS users_is_verified, users.role AS users_role, users.created_at AS users_created_at, users.updated_at AS users_updated_at, users.last_login_at AS users_last_login_at 
FROM users 
WHERE users.id = %(pk_1)s::UUID
2026-03-05 20:23:00,092 INFO sqlalchemy.engine.Engine [cached since 139s ago] {'pk_1': UUID('b6254dbe-aae1-49be-8ff3-c89050e36bdd')}
2026-03-05 20:23:00,093 INFO sqlalchemy.engine.Engine SELECT users.id AS users_id, users.email AS users_email, users.username AS users_username, users.name AS users_name, users.password_hash AS users_password_hash, users.graduation_year AS users_graduation_year, users.bio AS users_bio, users.location AS users_location, users."current_role" AS users_current_role, users.profile_image_url AS users_profile_image_url, users.phone AS users_phone, users.linkedin_url AS users_linkedin_url, users.github_url AS users_github_url, users.twitter_handle AS users_twitter_handle, users.following_count AS users_following_count, users.followers_count AS users_followers_count, users.post_count AS users_post_count, users.is_active AS users_is_active, users.is_verified AS users_is_verified, users.role AS users_role, users.created_at AS users_created_at, users.updated_at AS users_updated_at, users.last_login_at AS users_last_login_at 
FROM users 
WHERE users.id = %(pk_1)s::UUID
2026-03-05 20:23:00,093 INFO sqlalchemy.engine.Engine [cached since 139s ago] {'pk_1': UUID('67c3d747-c055-43c6-b140-b531a06f8216')}
2026-03-05 20:23:00,093 INFO sqlalchemy.engine.Engine SELECT users.id AS users_id, users.email AS users_email, users.username AS users_username, users.name AS users_name, users.password_hash AS users_password_hash, users.graduation_year AS users_graduation_year, users.bio AS users_bio, users.location AS users_location, users."current_role" AS users_current_role, users.profile_image_url AS users_profile_image_url, users.phone AS users_phone, users.linkedin_url AS users_linkedin_url, users.github_url AS users_github_url, users.twitter_handle AS users_twitter_handle, users.following_count AS users_following_count, users.followers_count AS users_followers_count, users.post_count AS users_post_count, users.is_active AS users_is_active, users.is_verified AS users_is_verified, users.role AS users_role, users.created_at AS users_created_at, users.updated_at AS users_updated_at, users.last_login_at AS users_last_login_at 
FROM users 
WHERE users.id = %(pk_1)s::UUID
2026-03-05 20:23:00,093 INFO sqlalchemy.engine.Engine [cached since 139s ago] {'pk_1': UUID('3f3ee1f3-c4ca-4f0b-87ab-8234cf974028')}
2026-03-05 20:23:00,094 INFO sqlalchemy.engine.Engine SELECT users.id AS users_id, users.email AS users_email, users.username AS users_username, users.name AS users_name, users.password_hash AS users_password_hash, users.graduation_year AS users_graduation_year, users.bio AS users_bio, users.location AS users_location, users."current_role" AS users_current_role, users.profile_image_url AS users_profile_image_url, users.phone AS users_phone, users.linkedin_url AS users_linkedin_url, users.github_url AS users_github_url, users.twitter_handle AS users_twitter_handle, users.following_count AS users_following_count, users.followers_count AS users_followers_count, users.post_count AS users_post_count, users.is_active AS users_is_active, users.is_verified AS users_is_verified, users.role AS users_role, users.created_at AS users_created_at, users.updated_at AS users_updated_at, users.last_login_at AS users_last_login_at 
FROM users 
WHERE users.id = %(pk_1)s::UUID
2026-03-05 20:23:00,094 INFO sqlalchemy.engine.Engine [cached since 139s ago] {'pk_1': UUID('7c392ee0-f071-4277-a074-7c8ed282a2b7')}
2026-03-05 20:23:00,094 INFO sqlalchemy.engine.Engine SELECT users.id AS users_id, users.email AS users_email, users.username AS users_username, users.name AS users_name, users.password_hash AS users_password_hash, users.graduation_year AS users_graduation_year, users.bio AS users_bio, users.location AS users_location, users."current_role" AS users_current_role, users.profile_image_url AS users_profile_image_url, users.phone AS users_phone, users.linkedin_url AS users_linkedin_url, users.github_url AS users_github_url, users.twitter_handle AS users_twitter_handle, users.following_count AS users_following_count, users.followers_count AS users_followers_count, users.post_count AS users_post_count, users.is_active AS users_is_active, users.is_verified AS users_is_verified, users.role AS users_role, users.created_at AS users_created_at, users.updated_at AS users_updated_at, users.last_login_at AS users_last_login_at 
FROM users 
WHERE users.id = %(pk_1)s::UUID
2026-03-05 20:23:00,094 INFO sqlalchemy.engine.Engine [cached since 139s ago] {'pk_1': UUID('4c68130b-ef88-4056-abca-743c903a2ee9')}
2026-03-05 20:23:00,095 INFO sqlalchemy.engine.Engine SELECT users.id AS users_id, users.email AS users_email, users.username AS users_username, users.name AS users_name, users.password_hash AS users_password_hash, users.graduation_year AS users_graduation_year, users.bio AS users_bio, users.location AS users_location, users."current_role" AS users_current_role, users.profile_image_url AS users_profile_image_url, users.phone AS users_phone, users.linkedin_url AS users_linkedin_url, users.github_url AS users_github_url, users.twitter_handle AS users_twitter_handle, users.following_count AS users_following_count, users.followers_count AS users_followers_count, users.post_count AS users_post_count, users.is_active AS users_is_active, users.is_verified AS users_is_verified, users.role AS users_role, users.created_at AS users_created_at, users.updated_at AS users_updated_at, users.last_login_at AS users_last_login_at 
FROM users 
WHERE users.id = %(pk_1)s::UUID
2026-03-05 20:23:00,095 INFO sqlalchemy.engine.Engine [cached since 139s ago] {'pk_1': UUID('06622cd2-be07-4627-9a40-40a808ea6675')}
2026-03-05 20:23:00,096 INFO sqlalchemy.engine.Engine SELECT users.id AS users_id, users.email AS users_email, users.username AS users_username, users.name AS users_name, users.password_hash AS users_password_hash, users.graduation_year AS users_graduation_year, users.bio AS users_bio, users.location AS users_location, users."current_role" AS users_current_role, users.profile_image_url AS users_profile_image_url, users.phone AS users_phone, users.linkedin_url AS users_linkedin_url, users.github_url AS users_github_url, users.twitter_handle AS users_twitter_handle, users.following_count AS users_following_count, users.followers_count AS users_followers_count, users.post_count AS users_post_count, users.is_active AS users_is_active, users.is_verified AS users_is_verified, users.role AS users_role, users.created_at AS users_created_at, users.updated_at AS users_updated_at, users.last_login_at AS users_last_login_at 
FROM users 
WHERE users.id = %(pk_1)s::UUID
2026-03-05 20:23:00,096 INFO sqlalchemy.engine.Engine [cached since 139s ago] {'pk_1': UUID('9b5e1b44-fc62-463b-aa97-b27295eab70d')}
INFO:     127.0.0.1:53597 - "GET /api/posts/?skip=0&limit=100 HTTP/1.1" 200 OK
2026-03-05 20:23:00,098 INFO sqlalchemy.engine.Engine ROLLBACK
INFO:     127.0.0.1:53666 - "OPTIONS /api/users/?skip=0&limit=100 HTTP/1.1" 200 OK
INFO:     127.0.0.1:53667 - "OPTIONS /api/users/?skip=0&limit=100 HTTP/1.1" 200 OK
2026-03-05 20:27:01,933 INFO sqlalchemy.engine.Engine BEGIN (implicit)
2026-03-05 20:27:01,933 INFO sqlalchemy.engine.Engine SELECT users.id AS users_id, users.email AS users_email, users.username AS users_username, users.name AS users_name, users.password_hash AS users_password_hash, users.graduation_year AS users_graduation_year, users.bio AS users_bio, users.location AS users_location, users."current_role" AS users_current_role, users.profile_image_url AS users_profile_image_url, users.phone AS users_phone, users.linkedin_url AS users_linkedin_url, users.github_url AS users_github_url, users.twitter_handle AS users_twitter_handle, users.following_count AS users_following_count, users.followers_count AS users_followers_count, users.post_count AS users_post_count, users.is_active AS users_is_active, users.is_verified AS users_is_verified, users.role AS users_role, users.created_at AS users_created_at, users.updated_at AS users_updated_at, users.last_login_at AS users_last_login_at 
FROM users 
WHERE users.id = %(id_1)s::UUID 
 LIMIT %(param_1)s
2026-03-05 20:27:01,933 INFO sqlalchemy.engine.Engine [cached since 380.8s ago] {'id_1': '39bc41c3-4c14-4803-9916-1ac891e4a1d1', 'param_1': 1}
2026-03-05 20:27:01,936 INFO sqlalchemy.engine.Engine SELECT users.id AS users_id, users.email AS users_email, users.username AS users_username, users.name AS users_name, users.password_hash AS users_password_hash, users.graduation_year AS users_graduation_year, users.bio AS users_bio, users.location AS users_location, users."current_role" AS users_current_role, users.profile_image_url AS users_profile_image_url, users.phone AS users_phone, users.linkedin_url AS users_linkedin_url, users.github_url AS users_github_url, users.twitter_handle AS users_twitter_handle, users.following_count AS users_following_count, users.followers_count AS users_followers_count, users.post_count AS users_post_count, users.is_active AS users_is_active, users.is_verified AS users_is_verified, users.role AS users_role, users.created_at AS users_created_at, users.updated_at AS users_updated_at, users.last_login_at AS users_last_login_at 
FROM users 
 LIMIT %(param_1)s OFFSET %(param_2)s
2026-03-05 20:27:01,936 INFO sqlalchemy.engine.Engine [generated in 0.00030s] {'param_1': 100, 'param_2': 0}
INFO:     127.0.0.1:53666 - "GET /api/users/?skip=0&limit=100 HTTP/1.1" 200 OK
2026-03-05 20:27:01,940 INFO sqlalchemy.engine.Engine ROLLBACK
2026-03-05 20:27:01,941 INFO sqlalchemy.engine.Engine BEGIN (implicit)
2026-03-05 20:27:01,942 INFO sqlalchemy.engine.Engine SELECT users.id AS users_id, users.email AS users_email, users.username AS users_username, users.name AS users_name, users.password_hash AS users_password_hash, users.graduation_year AS users_graduation_year, users.bio AS users_bio, users.location AS users_location, users."current_role" AS users_current_role, users.profile_image_url AS users_profile_image_url, users.phone AS users_phone, users.linkedin_url AS users_linkedin_url, users.github_url AS users_github_url, users.twitter_handle AS users_twitter_handle, users.following_count AS users_following_count, users.followers_count AS users_followers_count, users.post_count AS users_post_count, users.is_active AS users_is_active, users.is_verified AS users_is_verified, users.role AS users_role, users.created_at AS users_created_at, users.updated_at AS users_updated_at, users.last_login_at AS users_last_login_at 
FROM users 
WHERE users.id = %(id_1)s::UUID 
 LIMIT %(param_1)s
2026-03-05 20:27:01,942 INFO sqlalchemy.engine.Engine [cached since 380.8s ago] {'id_1': '39bc41c3-4c14-4803-9916-1ac891e4a1d1', 'param_1': 1}
2026-03-05 20:27:01,943 INFO sqlalchemy.engine.Engine SELECT users.id AS users_id, users.email AS users_email, users.username AS users_username, users.name AS users_name, users.password_hash AS users_password_hash, users.graduation_year AS users_graduation_year, users.bio AS users_bio, users.location AS users_location, users."current_role" AS users_current_role, users.profile_image_url AS users_profile_image_url, users.phone AS users_phone, users.linkedin_url AS users_linkedin_url, users.github_url AS users_github_url, users.twitter_handle AS users_twitter_handle, users.following_count AS users_following_count, users.followers_count AS users_followers_count, users.post_count AS users_post_count, users.is_active AS users_is_active, users.is_verified AS users_is_verified, users.role AS users_role, users.created_at AS users_created_at, users.updated_at AS users_updated_at, users.last_login_at AS users_last_login_at 
FROM users 
 LIMIT %(param_1)s OFFSET %(param_2)s
2026-03-05 20:27:01,943 INFO sqlalchemy.engine.Engine [cached since 0.007406s ago] {'param_1': 100, 'param_2': 0}
INFO:     127.0.0.1:53667 - "GET /api/users/?skip=0&limit=100 HTTP/1.1" 200 OK
2026-03-05 20:27:01,945 INFO sqlalchemy.engine.Engine ROLLBACK
INFO:     127.0.0.1:53667 - "OPTIONS /api/connections/status/de320988-89c2-422e-b678-50641b34c157 HTTP/1.1" 200 OK
INFO:     127.0.0.1:53666 - "OPTIONS /api/connections/status/4c68130b-ef88-4056-abca-743c903a2ee9 HTTP/1.1" 200 OK
INFO:     127.0.0.1:53669 - "OPTIONS /api/connections/status/06622cd2-be07-4627-9a40-40a808ea6675 HTTP/1.1" 200 OK
INFO:     127.0.0.1:53667 - "OPTIONS /api/connections/status/330f89c4-630c-472f-8486-fb2714ce3963 HTTP/1.1" 200 OK
INFO:     127.0.0.1:53669 - "OPTIONS /api/connections/status/fbe1ba09-d6ec-4268-9ff9-8790f2164820 HTTP/1.1" 200 OK
INFO:     127.0.0.1:53667 - "OPTIONS /api/connections/status/9b5e1b44-fc62-463b-aa97-b27295eab70d HTTP/1.1" 200 OK
INFO:     127.0.0.1:53667 - "OPTIONS /api/connections/status/7c392ee0-f071-4277-a074-7c8ed282a2b7 HTTP/1.1" 200 OK
INFO:     127.0.0.1:53675 - "OPTIONS /api/connections/status/3f3ee1f3-c4ca-4f0b-87ab-8234cf974028 HTTP/1.1" 200 OK
INFO:     127.0.0.1:53667 - "OPTIONS /api/connections/status/b6254dbe-aae1-49be-8ff3-c89050e36bdd HTTP/1.1" 200 OK
INFO:     127.0.0.1:53675 - "OPTIONS /api/connections/status/67c3d747-c055-43c6-b140-b531a06f8216 HTTP/1.1" 200 OK
2026-03-05 20:27:01,968 INFO sqlalchemy.engine.Engine BEGIN (implicit)
2026-03-05 20:27:01,969 INFO sqlalchemy.engine.Engine SELECT users.id AS users_id, users.email AS users_email, users.username AS users_username, users.name AS users_name, users.password_hash AS users_password_hash, users.graduation_year AS users_graduation_year, users.bio AS users_bio, users.location AS users_location, users."current_role" AS users_current_role, users.profile_image_url AS users_profile_image_url, users.phone AS users_phone, users.linkedin_url AS users_linkedin_url, users.github_url AS users_github_url, users.twitter_handle AS users_twitter_handle, users.following_count AS users_following_count, users.followers_count AS users_followers_count, users.post_count AS users_post_count, users.is_active AS users_is_active, users.is_verified AS users_is_verified, users.role AS users_role, users.created_at AS users_created_at, users.updated_at AS users_updated_at, users.last_login_at AS users_last_login_at 
FROM users 
WHERE users.id = %(id_1)s::UUID 
 LIMIT %(param_1)s
2026-03-05 20:27:01,969 INFO sqlalchemy.engine.Engine [cached since 380.9s ago] {'id_1': '39bc41c3-4c14-4803-9916-1ac891e4a1d1', 'param_1': 1}
INFO:     127.0.0.1:53667 - "OPTIONS /api/connections/status/fbe1ba09-d6ec-4268-9ff9-8790f2164820 HTTP/1.1" 200 OK
2026-03-05 20:27:01,971 INFO sqlalchemy.engine.Engine BEGIN (implicit)
INFO:     127.0.0.1:53675 - "OPTIONS /api/connections/status/9b5e1b44-fc62-463b-aa97-b27295eab70d HTTP/1.1" 200 OK
2026-03-05 20:27:01,972 INFO sqlalchemy.engine.Engine SELECT users.id AS users_id, users.email AS users_email, users.username AS users_username, users.name AS users_name, users.password_hash AS users_password_hash, users.graduation_year AS users_graduation_year, users.bio AS users_bio, users.location AS users_location, users."current_role" AS users_current_role, users.profile_image_url AS users_profile_image_url, users.phone AS users_phone, users.linkedin_url AS users_linkedin_url, users.github_url AS users_github_url, users.twitter_handle AS users_twitter_handle, users.following_count AS users_following_count, users.followers_count AS users_followers_count, users.post_count AS users_post_count, users.is_active AS users_is_active, users.is_verified AS users_is_verified, users.role AS users_role, users.created_at AS users_created_at, users.updated_at AS users_updated_at, users.last_login_at AS users_last_login_at 
FROM users 
WHERE users.id = %(id_1)s::UUID 
 LIMIT %(param_1)s
2026-03-05 20:27:01,972 INFO sqlalchemy.engine.Engine [cached since 380.9s ago] {'id_1': '39bc41c3-4c14-4803-9916-1ac891e4a1d1', 'param_1': 1}
2026-03-05 20:27:01,973 INFO sqlalchemy.engine.Engine SELECT users.id AS users_id, users.email AS users_email, users.username AS users_username, users.name AS users_name, users.password_hash AS users_password_hash, users.graduation_year AS users_graduation_year, users.bio AS users_bio, users.location AS users_location, users."current_role" AS users_current_role, users.profile_image_url AS users_profile_image_url, users.phone AS users_phone, users.linkedin_url AS users_linkedin_url, users.github_url AS users_github_url, users.twitter_handle AS users_twitter_handle, users.following_count AS users_following_count, users.followers_count AS users_followers_count, users.post_count AS users_post_count, users.is_active AS users_is_active, users.is_verified AS users_is_verified, users.role AS users_role, users.created_at AS users_created_at, users.updated_at AS users_updated_at, users.last_login_at AS users_last_login_at 
FROM users 
WHERE users.id = %(id_1)s::UUID 
 LIMIT %(param_1)s
2026-03-05 20:27:01,973 INFO sqlalchemy.engine.Engine [cached since 380.9s ago] {'id_1': UUID('de320988-89c2-422e-b678-50641b34c157'), 'param_1': 1}
2026-03-05 20:27:01,973 INFO sqlalchemy.engine.Engine BEGIN (implicit)
2026-03-05 20:27:01,974 INFO sqlalchemy.engine.Engine SELECT user_connections.follower_id AS user_connections_follower_id, user_connections.following_id AS user_connections_following_id, user_connections.created_at AS user_connections_created_at 
FROM user_connections 
WHERE user_connections.follower_id = %(follower_id_1)s::UUID AND user_connections.following_id = %(following_id_1)s::UUID 
 LIMIT %(param_1)s
2026-03-05 20:27:01,974 INFO sqlalchemy.engine.Engine SELECT users.id AS users_id, users.email AS users_email, users.username AS users_username, users.name AS users_name, users.password_hash AS users_password_hash, users.graduation_year AS users_graduation_year, users.bio AS users_bio, users.location AS users_location, users."current_role" AS users_current_role, users.profile_image_url AS users_profile_image_url, users.phone AS users_phone, users.linkedin_url AS users_linkedin_url, users.github_url AS users_github_url, users.twitter_handle AS users_twitter_handle, users.following_count AS users_following_count, users.followers_count AS users_followers_count, users.post_count AS users_post_count, users.is_active AS users_is_active, users.is_verified AS users_is_verified, users.role AS users_role, users.created_at AS users_created_at, users.updated_at AS users_updated_at, users.last_login_at AS users_last_login_at 
FROM users 
WHERE users.id = %(id_1)s::UUID 
 LIMIT %(param_1)s
2026-03-05 20:27:01,974 INFO sqlalchemy.engine.Engine [generated in 0.00017s] {'follower_id_1': UUID('39bc41c3-4c14-4803-9916-1ac891e4a1d1'), 'following_id_1': UUID('de320988-89c2-422e-b678-50641b34c157'), 'param_1': 1}
2026-03-05 20:27:01,974 INFO sqlalchemy.engine.Engine [cached since 380.9s ago] {'id_1': '39bc41c3-4c14-4803-9916-1ac891e4a1d1', 'param_1': 1}
2026-03-05 20:27:01,975 INFO sqlalchemy.engine.Engine SELECT user_connections.follower_id AS user_connections_follower_id, user_connections.following_id AS user_connections_following_id, user_connections.created_at AS user_connections_created_at 
FROM user_connections 
WHERE user_connections.follower_id = %(follower_id_1)s::UUID AND user_connections.following_id = %(following_id_1)s::UUID 
 LIMIT %(param_1)s
2026-03-05 20:27:01,975 INFO sqlalchemy.engine.Engine BEGIN (implicit)
2026-03-05 20:27:01,975 INFO sqlalchemy.engine.Engine [cached since 0.001407s ago] {'follower_id_1': UUID('de320988-89c2-422e-b678-50641b34c157'), 'following_id_1': UUID('39bc41c3-4c14-4803-9916-1ac891e4a1d1'), 'param_1': 1}
2026-03-05 20:27:01,976 INFO sqlalchemy.engine.Engine SELECT users.id AS users_id, users.email AS users_email, users.username AS users_username, users.name AS users_name, users.password_hash AS users_password_hash, users.graduation_year AS users_graduation_year, users.bio AS users_bio, users.location AS users_location, users."current_role" AS users_current_role, users.profile_image_url AS users_profile_image_url, users.phone AS users_phone, users.linkedin_url AS users_linkedin_url, users.github_url AS users_github_url, users.twitter_handle AS users_twitter_handle, users.following_count AS users_following_count, users.followers_count AS users_followers_count, users.post_count AS users_post_count, users.is_active AS users_is_active, users.is_verified AS users_is_verified, users.role AS users_role, users.created_at AS users_created_at, users.updated_at AS users_updated_at, users.last_login_at AS users_last_login_at 
FROM users 
WHERE users.id = %(id_1)s::UUID 
 LIMIT %(param_1)s
2026-03-05 20:27:01,976 INFO sqlalchemy.engine.Engine [cached since 380.9s ago] {'id_1': '39bc41c3-4c14-4803-9916-1ac891e4a1d1', 'param_1': 1}
INFO:     127.0.0.1:53666 - "GET /api/connections/status/de320988-89c2-422e-b678-50641b34c157 HTTP/1.1" 200 OK
INFO:     127.0.0.1:53667 - "OPTIONS /api/connections/status/3f3ee1f3-c4ca-4f0b-87ab-8234cf974028 HTTP/1.1" 200 OK
INFO:     127.0.0.1:53675 - "OPTIONS /api/connections/status/7c392ee0-f071-4277-a074-7c8ed282a2b7 HTTP/1.1" 200 OK
2026-03-05 20:27:01,977 INFO sqlalchemy.engine.Engine ROLLBACK
INFO:     127.0.0.1:53666 - "OPTIONS /api/connections/status/b6254dbe-aae1-49be-8ff3-c89050e36bdd HTTP/1.1" 200 OK
INFO:     127.0.0.1:53667 - "OPTIONS /api/connections/status/67c3d747-c055-43c6-b140-b531a06f8216 HTTP/1.1" 200 OK
2026-03-05 20:27:01,977 INFO sqlalchemy.engine.Engine SELECT users.id AS users_id, users.email AS users_email, users.username AS users_username, users.name AS users_name, users.password_hash AS users_password_hash, users.graduation_year AS users_graduation_year, users.bio AS users_bio, users.location AS users_location, users."current_role" AS users_current_role, users.profile_image_url AS users_profile_image_url, users.phone AS users_phone, users.linkedin_url AS users_linkedin_url, users.github_url AS users_github_url, users.twitter_handle AS users_twitter_handle, users.following_count AS users_following_count, users.followers_count AS users_followers_count, users.post_count AS users_post_count, users.is_active AS users_is_active, users.is_verified AS users_is_verified, users.role AS users_role, users.created_at AS users_created_at, users.updated_at AS users_updated_at, users.last_login_at AS users_last_login_at 
FROM users 
WHERE users.id = %(id_1)s::UUID 
 LIMIT %(param_1)s
2026-03-05 20:27:01,977 INFO sqlalchemy.engine.Engine [cached since 380.9s ago] {'id_1': UUID('4c68130b-ef88-4056-abca-743c903a2ee9'), 'param_1': 1}
2026-03-05 20:27:01,978 INFO sqlalchemy.engine.Engine SELECT user_connections.follower_id AS user_connections_follower_id, user_connections.following_id AS user_connections_following_id, user_connections.created_at AS user_connections_created_at 
FROM user_connections 
WHERE user_connections.follower_id = %(follower_id_1)s::UUID AND user_connections.following_id = %(following_id_1)s::UUID 
 LIMIT %(param_1)s
2026-03-05 20:27:01,978 INFO sqlalchemy.engine.Engine [cached since 0.004043s ago] {'follower_id_1': UUID('39bc41c3-4c14-4803-9916-1ac891e4a1d1'), 'following_id_1': UUID('4c68130b-ef88-4056-abca-743c903a2ee9'), 'param_1': 1}
2026-03-05 20:27:01,979 INFO sqlalchemy.engine.Engine SELECT user_connections.follower_id AS user_connections_follower_id, user_connections.following_id AS user_connections_following_id, user_connections.created_at AS user_connections_created_at 
FROM user_connections 
WHERE user_connections.follower_id = %(follower_id_1)s::UUID AND user_connections.following_id = %(following_id_1)s::UUID 
 LIMIT %(param_1)s
2026-03-05 20:27:01,979 INFO sqlalchemy.engine.Engine [cached since 0.004581s ago] {'follower_id_1': UUID('4c68130b-ef88-4056-abca-743c903a2ee9'), 'following_id_1': UUID('39bc41c3-4c14-4803-9916-1ac891e4a1d1'), 'param_1': 1}
INFO:     127.0.0.1:53673 - "GET /api/connections/status/4c68130b-ef88-4056-abca-743c903a2ee9 HTTP/1.1" 200 OK
2026-03-05 20:27:01,980 INFO sqlalchemy.engine.Engine SELECT users.id AS users_id, users.email AS users_email, users.username AS users_username, users.name AS users_name, users.password_hash AS users_password_hash, users.graduation_year AS users_graduation_year, users.bio AS users_bio, users.location AS users_location, users."current_role" AS users_current_role, users.profile_image_url AS users_profile_image_url, users.phone AS users_phone, users.linkedin_url AS users_linkedin_url, users.github_url AS users_github_url, users.twitter_handle AS users_twitter_handle, users.following_count AS users_following_count, users.followers_count AS users_followers_count, users.post_count AS users_post_count, users.is_active AS users_is_active, users.is_verified AS users_is_verified, users.role AS users_role, users.created_at AS users_created_at, users.updated_at AS users_updated_at, users.last_login_at AS users_last_login_at 
FROM users 
WHERE users.id = %(id_1)s::UUID 
 LIMIT %(param_1)s
2026-03-05 20:27:01,980 INFO sqlalchemy.engine.Engine [cached since 380.9s ago] {'id_1': UUID('330f89c4-630c-472f-8486-fb2714ce3963'), 'param_1': 1}
2026-03-05 20:27:01,980 INFO sqlalchemy.engine.Engine SELECT user_connections.follower_id AS user_connections_follower_id, user_connections.following_id AS user_connections_following_id, user_connections.created_at AS user_connections_created_at 
FROM user_connections 
WHERE user_connections.follower_id = %(follower_id_1)s::UUID AND user_connections.following_id = %(following_id_1)s::UUID 
 LIMIT %(param_1)s
2026-03-05 20:27:01,980 INFO sqlalchemy.engine.Engine [cached since 0.00628s ago] {'follower_id_1': UUID('39bc41c3-4c14-4803-9916-1ac891e4a1d1'), 'following_id_1': UUID('330f89c4-630c-472f-8486-fb2714ce3963'), 'param_1': 1}
2026-03-05 20:27:01,981 INFO sqlalchemy.engine.Engine SELECT user_connections.follower_id AS user_connections_follower_id, user_connections.following_id AS user_connections_following_id, user_connections.created_at AS user_connections_created_at 
FROM user_connections 
WHERE user_connections.follower_id = %(follower_id_1)s::UUID AND user_connections.following_id = %(following_id_1)s::UUID 
 LIMIT %(param_1)s
2026-03-05 20:27:01,981 INFO sqlalchemy.engine.Engine [cached since 0.007048s ago] {'follower_id_1': UUID('330f89c4-630c-472f-8486-fb2714ce3963'), 'following_id_1': UUID('39bc41c3-4c14-4803-9916-1ac891e4a1d1'), 'param_1': 1}
INFO:     127.0.0.1:53669 - "GET /api/connections/status/330f89c4-630c-472f-8486-fb2714ce3963 HTTP/1.1" 200 OK
2026-03-05 20:27:01,982 INFO sqlalchemy.engine.Engine ROLLBACK
2026-03-05 20:27:01,982 INFO sqlalchemy.engine.Engine ROLLBACK
2026-03-05 20:27:01,983 INFO sqlalchemy.engine.Engine SELECT users.id AS users_id, users.email AS users_email, users.username AS users_username, users.name AS users_name, users.password_hash AS users_password_hash, users.graduation_year AS users_graduation_year, users.bio AS users_bio, users.location AS users_location, users."current_role" AS users_current_role, users.profile_image_url AS users_profile_image_url, users.phone AS users_phone, users.linkedin_url AS users_linkedin_url, users.github_url AS users_github_url, users.twitter_handle AS users_twitter_handle, users.following_count AS users_following_count, users.followers_count AS users_followers_count, users.post_count AS users_post_count, users.is_active AS users_is_active, users.is_verified AS users_is_verified, users.role AS users_role, users.created_at AS users_created_at, users.updated_at AS users_updated_at, users.last_login_at AS users_last_login_at 
FROM users 
WHERE users.id = %(id_1)s::UUID 
 LIMIT %(param_1)s
2026-03-05 20:27:01,983 INFO sqlalchemy.engine.Engine BEGIN (implicit)
2026-03-05 20:27:01,983 INFO sqlalchemy.engine.Engine [cached since 380.9s ago] {'id_1': UUID('06622cd2-be07-4627-9a40-40a808ea6675'), 'param_1': 1}
2026-03-05 20:27:01,983 INFO sqlalchemy.engine.Engine SELECT users.id AS users_id, users.email AS users_email, users.username AS users_username, users.name AS users_name, users.password_hash AS users_password_hash, users.graduation_year AS users_graduation_year, users.bio AS users_bio, users.location AS users_location, users."current_role" AS users_current_role, users.profile_image_url AS users_profile_image_url, users.phone AS users_phone, users.linkedin_url AS users_linkedin_url, users.github_url AS users_github_url, users.twitter_handle AS users_twitter_handle, users.following_count AS users_following_count, users.followers_count AS users_followers_count, users.post_count AS users_post_count, users.is_active AS users_is_active, users.is_verified AS users_is_verified, users.role AS users_role, users.created_at AS users_created_at, users.updated_at AS users_updated_at, users.last_login_at AS users_last_login_at 
FROM users 
WHERE users.id = %(id_1)s::UUID 
 LIMIT %(param_1)s
2026-03-05 20:27:01,983 INFO sqlalchemy.engine.Engine BEGIN (implicit)
2026-03-05 20:27:01,983 INFO sqlalchemy.engine.Engine [cached since 380.9s ago] {'id_1': '39bc41c3-4c14-4803-9916-1ac891e4a1d1', 'param_1': 1}
2026-03-05 20:27:01,984 INFO sqlalchemy.engine.Engine SELECT users.id AS users_id, users.email AS users_email, users.username AS users_username, users.name AS users_name, users.password_hash AS users_password_hash, users.graduation_year AS users_graduation_year, users.bio AS users_bio, users.location AS users_location, users."current_role" AS users_current_role, users.profile_image_url AS users_profile_image_url, users.phone AS users_phone, users.linkedin_url AS users_linkedin_url, users.github_url AS users_github_url, users.twitter_handle AS users_twitter_handle, users.following_count AS users_following_count, users.followers_count AS users_followers_count, users.post_count AS users_post_count, users.is_active AS users_is_active, users.is_verified AS users_is_verified, users.role AS users_role, users.created_at AS users_created_at, users.updated_at AS users_updated_at, users.last_login_at AS users_last_login_at 
FROM users 
WHERE users.id = %(id_1)s::UUID 
 LIMIT %(param_1)s
2026-03-05 20:27:01,984 INFO sqlalchemy.engine.Engine SELECT user_connections.follower_id AS user_connections_follower_id, user_connections.following_id AS user_connections_following_id, user_connections.created_at AS user_connections_created_at 
FROM user_connections 
WHERE user_connections.follower_id = %(follower_id_1)s::UUID AND user_connections.following_id = %(following_id_1)s::UUID 
 LIMIT %(param_1)s
2026-03-05 20:27:01,984 INFO sqlalchemy.engine.Engine [cached since 380.9s ago] {'id_1': '39bc41c3-4c14-4803-9916-1ac891e4a1d1', 'param_1': 1}
2026-03-05 20:27:01,984 INFO sqlalchemy.engine.Engine [cached since 0.01003s ago] {'follower_id_1': UUID('39bc41c3-4c14-4803-9916-1ac891e4a1d1'), 'following_id_1': UUID('06622cd2-be07-4627-9a40-40a808ea6675'), 'param_1': 1}
2026-03-05 20:27:01,985 INFO sqlalchemy.engine.Engine SELECT user_connections.follower_id AS user_connections_follower_id, user_connections.following_id AS user_connections_following_id, user_connections.created_at AS user_connections_created_at 
FROM user_connections 
WHERE user_connections.follower_id = %(follower_id_1)s::UUID AND user_connections.following_id = %(following_id_1)s::UUID 
 LIMIT %(param_1)s
2026-03-05 20:27:01,985 INFO sqlalchemy.engine.Engine [cached since 0.01094s ago] {'follower_id_1': UUID('06622cd2-be07-4627-9a40-40a808ea6675'), 'following_id_1': UUID('39bc41c3-4c14-4803-9916-1ac891e4a1d1'), 'param_1': 1}
INFO:     127.0.0.1:53674 - "GET /api/connections/status/06622cd2-be07-4627-9a40-40a808ea6675 HTTP/1.1" 200 OK
2026-03-05 20:27:01,986 INFO sqlalchemy.engine.Engine ROLLBACK
2026-03-05 20:27:01,986 INFO sqlalchemy.engine.Engine BEGIN (implicit)
2026-03-05 20:27:01,987 INFO sqlalchemy.engine.Engine SELECT users.id AS users_id, users.email AS users_email, users.username AS users_username, users.name AS users_name, users.password_hash AS users_password_hash, users.graduation_year AS users_graduation_year, users.bio AS users_bio, users.location AS users_location, users."current_role" AS users_current_role, users.profile_image_url AS users_profile_image_url, users.phone AS users_phone, users.linkedin_url AS users_linkedin_url, users.github_url AS users_github_url, users.twitter_handle AS users_twitter_handle, users.following_count AS users_following_count, users.followers_count AS users_followers_count, users.post_count AS users_post_count, users.is_active AS users_is_active, users.is_verified AS users_is_verified, users.role AS users_role, users.created_at AS users_created_at, users.updated_at AS users_updated_at, users.last_login_at AS users_last_login_at 
FROM users 
WHERE users.id = %(id_1)s::UUID 
 LIMIT %(param_1)s
2026-03-05 20:27:01,987 INFO sqlalchemy.engine.Engine [cached since 380.9s ago] {'id_1': '39bc41c3-4c14-4803-9916-1ac891e4a1d1', 'param_1': 1}
2026-03-05 20:27:01,987 INFO sqlalchemy.engine.Engine SELECT users.id AS users_id, users.email AS users_email, users.username AS users_username, users.name AS users_name, users.password_hash AS users_password_hash, users.graduation_year AS users_graduation_year, users.bio AS users_bio, users.location AS users_location, users."current_role" AS users_current_role, users.profile_image_url AS users_profile_image_url, users.phone AS users_phone, users.linkedin_url AS users_linkedin_url, users.github_url AS users_github_url, users.twitter_handle AS users_twitter_handle, users.following_count AS users_following_count, users.followers_count AS users_followers_count, users.post_count AS users_post_count, users.is_active AS users_is_active, users.is_verified AS users_is_verified, users.role AS users_role, users.created_at AS users_created_at, users.updated_at AS users_updated_at, users.last_login_at AS users_last_login_at 
FROM users 
WHERE users.id = %(id_1)s::UUID 
 LIMIT %(param_1)s
2026-03-05 20:27:01,987 INFO sqlalchemy.engine.Engine [cached since 380.9s ago] {'id_1': UUID('fbe1ba09-d6ec-4268-9ff9-8790f2164820'), 'param_1': 1}
2026-03-05 20:27:01,988 INFO sqlalchemy.engine.Engine SELECT user_connections.follower_id AS user_connections_follower_id, user_connections.following_id AS user_connections_following_id, user_connections.created_at AS user_connections_created_at 
FROM user_connections 
WHERE user_connections.follower_id = %(follower_id_1)s::UUID AND user_connections.following_id = %(following_id_1)s::UUID 
 LIMIT %(param_1)s
2026-03-05 20:27:01,988 INFO sqlalchemy.engine.Engine [cached since 0.01401s ago] {'follower_id_1': UUID('39bc41c3-4c14-4803-9916-1ac891e4a1d1'), 'following_id_1': UUID('fbe1ba09-d6ec-4268-9ff9-8790f2164820'), 'param_1': 1}
2026-03-05 20:27:01,989 INFO sqlalchemy.engine.Engine SELECT user_connections.follower_id AS user_connections_follower_id, user_connections.following_id AS user_connections_following_id, user_connections.created_at AS user_connections_created_at 
FROM user_connections 
WHERE user_connections.follower_id = %(follower_id_1)s::UUID AND user_connections.following_id = %(following_id_1)s::UUID 
 LIMIT %(param_1)s
2026-03-05 20:27:01,989 INFO sqlalchemy.engine.Engine [cached since 0.01458s ago] {'follower_id_1': UUID('fbe1ba09-d6ec-4268-9ff9-8790f2164820'), 'following_id_1': UUID('39bc41c3-4c14-4803-9916-1ac891e4a1d1'), 'param_1': 1}
INFO:     127.0.0.1:53675 - "GET /api/connections/status/fbe1ba09-d6ec-4268-9ff9-8790f2164820 HTTP/1.1" 200 OK
2026-03-05 20:27:01,989 INFO sqlalchemy.engine.Engine SELECT users.id AS users_id, users.email AS users_email, users.username AS users_username, users.name AS users_name, users.password_hash AS users_password_hash, users.graduation_year AS users_graduation_year, users.bio AS users_bio, users.location AS users_location, users."current_role" AS users_current_role, users.profile_image_url AS users_profile_image_url, users.phone AS users_phone, users.linkedin_url AS users_linkedin_url, users.github_url AS users_github_url, users.twitter_handle AS users_twitter_handle, users.following_count AS users_following_count, users.followers_count AS users_followers_count, users.post_count AS users_post_count, users.is_active AS users_is_active, users.is_verified AS users_is_verified, users.role AS users_role, users.created_at AS users_created_at, users.updated_at AS users_updated_at, users.last_login_at AS users_last_login_at 
FROM users 
WHERE users.id = %(id_1)s::UUID 
 LIMIT %(param_1)s
2026-03-05 20:27:01,989 INFO sqlalchemy.engine.Engine [cached since 380.9s ago] {'id_1': UUID('9b5e1b44-fc62-463b-aa97-b27295eab70d'), 'param_1': 1}
2026-03-05 20:27:01,990 INFO sqlalchemy.engine.Engine SELECT user_connections.follower_id AS user_connections_follower_id, user_connections.following_id AS user_connections_following_id, user_connections.created_at AS user_connections_created_at 
FROM user_connections 
WHERE user_connections.follower_id = %(follower_id_1)s::UUID AND user_connections.following_id = %(following_id_1)s::UUID 
 LIMIT %(param_1)s
2026-03-05 20:27:01,990 INFO sqlalchemy.engine.Engine [cached since 0.01586s ago] {'follower_id_1': UUID('39bc41c3-4c14-4803-9916-1ac891e4a1d1'), 'following_id_1': UUID('9b5e1b44-fc62-463b-aa97-b27295eab70d'), 'param_1': 1}
2026-03-05 20:27:01,990 INFO sqlalchemy.engine.Engine SELECT user_connections.follower_id AS user_connections_follower_id, user_connections.following_id AS user_connections_following_id, user_connections.created_at AS user_connections_created_at 
FROM user_connections 
WHERE user_connections.follower_id = %(follower_id_1)s::UUID AND user_connections.following_id = %(following_id_1)s::UUID 
 LIMIT %(param_1)s
2026-03-05 20:27:01,990 INFO sqlalchemy.engine.Engine [cached since 0.01627s ago] {'follower_id_1': UUID('9b5e1b44-fc62-463b-aa97-b27295eab70d'), 'following_id_1': UUID('39bc41c3-4c14-4803-9916-1ac891e4a1d1'), 'param_1': 1}
INFO:     127.0.0.1:53666 - "GET /api/connections/status/9b5e1b44-fc62-463b-aa97-b27295eab70d HTTP/1.1" 200 OK
2026-03-05 20:27:01,991 INFO sqlalchemy.engine.Engine BEGIN (implicit)
2026-03-05 20:27:01,991 INFO sqlalchemy.engine.Engine BEGIN (implicit)
2026-03-05 20:27:01,991 INFO sqlalchemy.engine.Engine SELECT users.id AS users_id, users.email AS users_email, users.username AS users_username, users.name AS users_name, users.password_hash AS users_password_hash, users.graduation_year AS users_graduation_year, users.bio AS users_bio, users.location AS users_location, users."current_role" AS users_current_role, users.profile_image_url AS users_profile_image_url, users.phone AS users_phone, users.linkedin_url AS users_linkedin_url, users.github_url AS users_github_url, users.twitter_handle AS users_twitter_handle, users.following_count AS users_following_count, users.followers_count AS users_followers_count, users.post_count AS users_post_count, users.is_active AS users_is_active, users.is_verified AS users_is_verified, users.role AS users_role, users.created_at AS users_created_at, users.updated_at AS users_updated_at, users.last_login_at AS users_last_login_at 
FROM users 
WHERE users.id = %(id_1)s::UUID 
 LIMIT %(param_1)s
2026-03-05 20:27:01,991 INFO sqlalchemy.engine.Engine ROLLBACK
2026-03-05 20:27:01,992 INFO sqlalchemy.engine.Engine SELECT users.id AS users_id, users.email AS users_email, users.username AS users_username, users.name AS users_name, users.password_hash AS users_password_hash, users.graduation_year AS users_graduation_year, users.bio AS users_bio, users.location AS users_location, users."current_role" AS users_current_role, users.profile_image_url AS users_profile_image_url, users.phone AS users_phone, users.linkedin_url AS users_linkedin_url, users.github_url AS users_github_url, users.twitter_handle AS users_twitter_handle, users.following_count AS users_following_count, users.followers_count AS users_followers_count, users.post_count AS users_post_count, users.is_active AS users_is_active, users.is_verified AS users_is_verified, users.role AS users_role, users.created_at AS users_created_at, users.updated_at AS users_updated_at, users.last_login_at AS users_last_login_at 
FROM users 
WHERE users.id = %(id_1)s::UUID 
 LIMIT %(param_1)s
2026-03-05 20:27:01,992 INFO sqlalchemy.engine.Engine ROLLBACK
2026-03-05 20:27:01,992 INFO sqlalchemy.engine.Engine [cached since 380.9s ago] {'id_1': '39bc41c3-4c14-4803-9916-1ac891e4a1d1', 'param_1': 1}
2026-03-05 20:27:01,992 INFO sqlalchemy.engine.Engine SELECT users.id AS users_id, users.email AS users_email, users.username AS users_username, users.name AS users_name, users.password_hash AS users_password_hash, users.graduation_year AS users_graduation_year, users.bio AS users_bio, users.location AS users_location, users."current_role" AS users_current_role, users.profile_image_url AS users_profile_image_url, users.phone AS users_phone, users.linkedin_url AS users_linkedin_url, users.github_url AS users_github_url, users.twitter_handle AS users_twitter_handle, users.following_count AS users_following_count, users.followers_count AS users_followers_count, users.post_count AS users_post_count, users.is_active AS users_is_active, users.is_verified AS users_is_verified, users.role AS users_role, users.created_at AS users_created_at, users.updated_at AS users_updated_at, users.last_login_at AS users_last_login_at 
FROM users 
WHERE users.id = %(id_1)s::UUID 
 LIMIT %(param_1)s
2026-03-05 20:27:01,993 INFO sqlalchemy.engine.Engine BEGIN (implicit)
2026-03-05 20:27:01,993 INFO sqlalchemy.engine.Engine [cached since 380.9s ago] {'id_1': '39bc41c3-4c14-4803-9916-1ac891e4a1d1', 'param_1': 1}
2026-03-05 20:27:01,993 INFO sqlalchemy.engine.Engine [cached since 380.9s ago] {'id_1': UUID('7c392ee0-f071-4277-a074-7c8ed282a2b7'), 'param_1': 1}
2026-03-05 20:27:01,993 INFO sqlalchemy.engine.Engine SELECT users.id AS users_id, users.email AS users_email, users.username AS users_username, users.name AS users_name, users.password_hash AS users_password_hash, users.graduation_year AS users_graduation_year, users.bio AS users_bio, users.location AS users_location, users."current_role" AS users_current_role, users.profile_image_url AS users_profile_image_url, users.phone AS users_phone, users.linkedin_url AS users_linkedin_url, users.github_url AS users_github_url, users.twitter_handle AS users_twitter_handle, users.following_count AS users_following_count, users.followers_count AS users_followers_count, users.post_count AS users_post_count, users.is_active AS users_is_active, users.is_verified AS users_is_verified, users.role AS users_role, users.created_at AS users_created_at, users.updated_at AS users_updated_at, users.last_login_at AS users_last_login_at 
FROM users 
WHERE users.id = %(id_1)s::UUID 
 LIMIT %(param_1)s
2026-03-05 20:27:01,993 INFO sqlalchemy.engine.Engine [cached since 380.9s ago] {'id_1': '39bc41c3-4c14-4803-9916-1ac891e4a1d1', 'param_1': 1}
2026-03-05 20:27:01,994 INFO sqlalchemy.engine.Engine SELECT user_connections.follower_id AS user_connections_follower_id, user_connections.following_id AS user_connections_following_id, user_connections.created_at AS user_connections_created_at 
FROM user_connections 
WHERE user_connections.follower_id = %(follower_id_1)s::UUID AND user_connections.following_id = %(following_id_1)s::UUID 
 LIMIT %(param_1)s
2026-03-05 20:27:01,994 INFO sqlalchemy.engine.Engine [cached since 0.01978s ago] {'follower_id_1': UUID('39bc41c3-4c14-4803-9916-1ac891e4a1d1'), 'following_id_1': UUID('7c392ee0-f071-4277-a074-7c8ed282a2b7'), 'param_1': 1}
2026-03-05 20:27:01,994 INFO sqlalchemy.engine.Engine SELECT user_connections.follower_id AS user_connections_follower_id, user_connections.following_id AS user_connections_following_id, user_connections.created_at AS user_connections_created_at 
FROM user_connections 
WHERE user_connections.follower_id = %(follower_id_1)s::UUID AND user_connections.following_id = %(following_id_1)s::UUID 
 LIMIT %(param_1)s
2026-03-05 20:27:01,994 INFO sqlalchemy.engine.Engine [cached since 0.02038s ago] {'follower_id_1': UUID('7c392ee0-f071-4277-a074-7c8ed282a2b7'), 'following_id_1': UUID('39bc41c3-4c14-4803-9916-1ac891e4a1d1'), 'param_1': 1}
INFO:     127.0.0.1:53667 - "GET /api/connections/status/7c392ee0-f071-4277-a074-7c8ed282a2b7 HTTP/1.1" 200 OK
2026-03-05 20:27:01,996 INFO sqlalchemy.engine.Engine ROLLBACK
2026-03-05 20:27:01,997 INFO sqlalchemy.engine.Engine SELECT users.id AS users_id, users.email AS users_email, users.username AS users_username, users.name AS users_name, users.password_hash AS users_password_hash, users.graduation_year AS users_graduation_year, users.bio AS users_bio, users.location AS users_location, users."current_role" AS users_current_role, users.profile_image_url AS users_profile_image_url, users.phone AS users_phone, users.linkedin_url AS users_linkedin_url, users.github_url AS users_github_url, users.twitter_handle AS users_twitter_handle, users.following_count AS users_following_count, users.followers_count AS users_followers_count, users.post_count AS users_post_count, users.is_active AS users_is_active, users.is_verified AS users_is_verified, users.role AS users_role, users.created_at AS users_created_at, users.updated_at AS users_updated_at, users.last_login_at AS users_last_login_at 
FROM users 
WHERE users.id = %(id_1)s::UUID 
 LIMIT %(param_1)s
2026-03-05 20:27:01,997 INFO sqlalchemy.engine.Engine BEGIN (implicit)
2026-03-05 20:27:01,997 INFO sqlalchemy.engine.Engine BEGIN (implicit)
2026-03-05 20:27:01,997 INFO sqlalchemy.engine.Engine [cached since 380.9s ago] {'id_1': UUID('b6254dbe-aae1-49be-8ff3-c89050e36bdd'), 'param_1': 1}
2026-03-05 20:27:01,997 INFO sqlalchemy.engine.Engine SELECT users.id AS users_id, users.email AS users_email, users.username AS users_username, users.name AS users_name, users.password_hash AS users_password_hash, users.graduation_year AS users_graduation_year, users.bio AS users_bio, users.location AS users_location, users."current_role" AS users_current_role, users.profile_image_url AS users_profile_image_url, users.phone AS users_phone, users.linkedin_url AS users_linkedin_url, users.github_url AS users_github_url, users.twitter_handle AS users_twitter_handle, users.following_count AS users_following_count, users.followers_count AS users_followers_count, users.post_count AS users_post_count, users.is_active AS users_is_active, users.is_verified AS users_is_verified, users.role AS users_role, users.created_at AS users_created_at, users.updated_at AS users_updated_at, users.last_login_at AS users_last_login_at 
FROM users 
WHERE users.id = %(id_1)s::UUID 
 LIMIT %(param_1)s
2026-03-05 20:27:01,997 INFO sqlalchemy.engine.Engine SELECT users.id AS users_id, users.email AS users_email, users.username AS users_username, users.name AS users_name, users.password_hash AS users_password_hash, users.graduation_year AS users_graduation_year, users.bio AS users_bio, users.location AS users_location, users."current_role" AS users_current_role, users.profile_image_url AS users_profile_image_url, users.phone AS users_phone, users.linkedin_url AS users_linkedin_url, users.github_url AS users_github_url, users.twitter_handle AS users_twitter_handle, users.following_count AS users_following_count, users.followers_count AS users_followers_count, users.post_count AS users_post_count, users.is_active AS users_is_active, users.is_verified AS users_is_verified, users.role AS users_role, users.created_at AS users_created_at, users.updated_at AS users_updated_at, users.last_login_at AS users_last_login_at 
FROM users 
WHERE users.id = %(id_1)s::UUID 
 LIMIT %(param_1)s
2026-03-05 20:27:01,997 INFO sqlalchemy.engine.Engine [cached since 380.9s ago] {'id_1': '39bc41c3-4c14-4803-9916-1ac891e4a1d1', 'param_1': 1}
2026-03-05 20:27:01,997 INFO sqlalchemy.engine.Engine [cached since 380.9s ago] {'id_1': '39bc41c3-4c14-4803-9916-1ac891e4a1d1', 'param_1': 1}
2026-03-05 20:27:01,998 INFO sqlalchemy.engine.Engine SELECT user_connections.follower_id AS user_connections_follower_id, user_connections.following_id AS user_connections_following_id, user_connections.created_at AS user_connections_created_at 
FROM user_connections 
WHERE user_connections.follower_id = %(follower_id_1)s::UUID AND user_connections.following_id = %(following_id_1)s::UUID 
 LIMIT %(param_1)s
2026-03-05 20:27:01,998 INFO sqlalchemy.engine.Engine [cached since 0.0244s ago] {'follower_id_1': UUID('39bc41c3-4c14-4803-9916-1ac891e4a1d1'), 'following_id_1': UUID('b6254dbe-aae1-49be-8ff3-c89050e36bdd'), 'param_1': 1}
2026-03-05 20:27:01,999 INFO sqlalchemy.engine.Engine SELECT user_connections.follower_id AS user_connections_follower_id, user_connections.following_id AS user_connections_following_id, user_connections.created_at AS user_connections_created_at 
FROM user_connections 
WHERE user_connections.follower_id = %(follower_id_1)s::UUID AND user_connections.following_id = %(following_id_1)s::UUID 
 LIMIT %(param_1)s
2026-03-05 20:27:01,999 INFO sqlalchemy.engine.Engine [cached since 0.02529s ago] {'follower_id_1': UUID('b6254dbe-aae1-49be-8ff3-c89050e36bdd'), 'following_id_1': UUID('39bc41c3-4c14-4803-9916-1ac891e4a1d1'), 'param_1': 1}
INFO:     127.0.0.1:53669 - "GET /api/connections/status/b6254dbe-aae1-49be-8ff3-c89050e36bdd HTTP/1.1" 200 OK
2026-03-05 20:27:02,000 INFO sqlalchemy.engine.Engine SELECT users.id AS users_id, users.email AS users_email, users.username AS users_username, users.name AS users_name, users.password_hash AS users_password_hash, users.graduation_year AS users_graduation_year, users.bio AS users_bio, users.location AS users_location, users."current_role" AS users_current_role, users.profile_image_url AS users_profile_image_url, users.phone AS users_phone, users.linkedin_url AS users_linkedin_url, users.github_url AS users_github_url, users.twitter_handle AS users_twitter_handle, users.following_count AS users_following_count, users.followers_count AS users_followers_count, users.post_count AS users_post_count, users.is_active AS users_is_active, users.is_verified AS users_is_verified, users.role AS users_role, users.created_at AS users_created_at, users.updated_at AS users_updated_at, users.last_login_at AS users_last_login_at 
FROM users 
WHERE users.id = %(id_1)s::UUID 
 LIMIT %(param_1)s
2026-03-05 20:27:02,000 INFO sqlalchemy.engine.Engine [cached since 380.9s ago] {'id_1': UUID('3f3ee1f3-c4ca-4f0b-87ab-8234cf974028'), 'param_1': 1}
2026-03-05 20:27:02,001 INFO sqlalchemy.engine.Engine SELECT user_connections.follower_id AS user_connections_follower_id, user_connections.following_id AS user_connections_following_id, user_connections.created_at AS user_connections_created_at 
FROM user_connections 
WHERE user_connections.follower_id = %(follower_id_1)s::UUID AND user_connections.following_id = %(following_id_1)s::UUID 
 LIMIT %(param_1)s
2026-03-05 20:27:02,001 INFO sqlalchemy.engine.Engine [cached since 0.02655s ago] {'follower_id_1': UUID('39bc41c3-4c14-4803-9916-1ac891e4a1d1'), 'following_id_1': UUID('3f3ee1f3-c4ca-4f0b-87ab-8234cf974028'), 'param_1': 1}
2026-03-05 20:27:02,001 INFO sqlalchemy.engine.Engine SELECT user_connections.follower_id AS user_connections_follower_id, user_connections.following_id AS user_connections_following_id, user_connections.created_at AS user_connections_created_at 
FROM user_connections 
WHERE user_connections.follower_id = %(follower_id_1)s::UUID AND user_connections.following_id = %(following_id_1)s::UUID 
 LIMIT %(param_1)s
2026-03-05 20:27:02,001 INFO sqlalchemy.engine.Engine [cached since 0.02732s ago] {'follower_id_1': UUID('3f3ee1f3-c4ca-4f0b-87ab-8234cf974028'), 'following_id_1': UUID('39bc41c3-4c14-4803-9916-1ac891e4a1d1'), 'param_1': 1}
INFO:     127.0.0.1:53673 - "GET /api/connections/status/3f3ee1f3-c4ca-4f0b-87ab-8234cf974028 HTTP/1.1" 200 OK
2026-03-05 20:27:02,002 INFO sqlalchemy.engine.Engine SELECT users.id AS users_id, users.email AS users_email, users.username AS users_username, users.name AS users_name, users.password_hash AS users_password_hash, users.graduation_year AS users_graduation_year, users.bio AS users_bio, users.location AS users_location, users."current_role" AS users_current_role, users.profile_image_url AS users_profile_image_url, users.phone AS users_phone, users.linkedin_url AS users_linkedin_url, users.github_url AS users_github_url, users.twitter_handle AS users_twitter_handle, users.following_count AS users_following_count, users.followers_count AS users_followers_count, users.post_count AS users_post_count, users.is_active AS users_is_active, users.is_verified AS users_is_verified, users.role AS users_role, users.created_at AS users_created_at, users.updated_at AS users_updated_at, users.last_login_at AS users_last_login_at 
FROM users 
WHERE users.id = %(id_1)s::UUID 
 LIMIT %(param_1)s
2026-03-05 20:27:02,002 INFO sqlalchemy.engine.Engine [cached since 380.9s ago] {'id_1': UUID('67c3d747-c055-43c6-b140-b531a06f8216'), 'param_1': 1}
2026-03-05 20:27:02,003 INFO sqlalchemy.engine.Engine SELECT user_connections.follower_id AS user_connections_follower_id, user_connections.following_id AS user_connections_following_id, user_connections.created_at AS user_connections_created_at 
FROM user_connections 
WHERE user_connections.follower_id = %(follower_id_1)s::UUID AND user_connections.following_id = %(following_id_1)s::UUID 
 LIMIT %(param_1)s
2026-03-05 20:27:02,003 INFO sqlalchemy.engine.Engine [cached since 0.02874s ago] {'follower_id_1': UUID('39bc41c3-4c14-4803-9916-1ac891e4a1d1'), 'following_id_1': UUID('67c3d747-c055-43c6-b140-b531a06f8216'), 'param_1': 1}
2026-03-05 20:27:02,003 INFO sqlalchemy.engine.Engine SELECT user_connections.follower_id AS user_connections_follower_id, user_connections.following_id AS user_connections_following_id, user_connections.created_at AS user_connections_created_at 
FROM user_connections 
WHERE user_connections.follower_id = %(follower_id_1)s::UUID AND user_connections.following_id = %(following_id_1)s::UUID 
 LIMIT %(param_1)s
2026-03-05 20:27:02,003 INFO sqlalchemy.engine.Engine [cached since 0.02914s ago] {'follower_id_1': UUID('67c3d747-c055-43c6-b140-b531a06f8216'), 'following_id_1': UUID('39bc41c3-4c14-4803-9916-1ac891e4a1d1'), 'param_1': 1}
INFO:     127.0.0.1:53674 - "GET /api/connections/status/67c3d747-c055-43c6-b140-b531a06f8216 HTTP/1.1" 200 OK
2026-03-05 20:27:02,004 INFO sqlalchemy.engine.Engine ROLLBACK
2026-03-05 20:27:02,004 INFO sqlalchemy.engine.Engine ROLLBACK
2026-03-05 20:27:02,005 INFO sqlalchemy.engine.Engine ROLLBACK
2026-03-05 20:27:02,005 INFO sqlalchemy.engine.Engine BEGIN (implicit)
2026-03-05 20:27:02,006 INFO sqlalchemy.engine.Engine SELECT users.id AS users_id, users.email AS users_email, users.username AS users_username, users.name AS users_name, users.password_hash AS users_password_hash, users.graduation_year AS users_graduation_year, users.bio AS users_bio, users.location AS users_location, users."current_role" AS users_current_role, users.profile_image_url AS users_profile_image_url, users.phone AS users_phone, users.linkedin_url AS users_linkedin_url, users.github_url AS users_github_url, users.twitter_handle AS users_twitter_handle, users.following_count AS users_following_count, users.followers_count AS users_followers_count, users.post_count AS users_post_count, users.is_active AS users_is_active, users.is_verified AS users_is_verified, users.role AS users_role, users.created_at AS users_created_at, users.updated_at AS users_updated_at, users.last_login_at AS users_last_login_at 
FROM users 
WHERE users.id = %(id_1)s::UUID 
 LIMIT %(param_1)s
2026-03-05 20:27:02,006 INFO sqlalchemy.engine.Engine [cached since 380.9s ago] {'id_1': '39bc41c3-4c14-4803-9916-1ac891e4a1d1', 'param_1': 1}
2026-03-05 20:27:02,006 INFO sqlalchemy.engine.Engine SELECT users.id AS users_id, users.email AS users_email, users.username AS users_username, users.name AS users_name, users.password_hash AS users_password_hash, users.graduation_year AS users_graduation_year, users.bio AS users_bio, users.location AS users_location, users."current_role" AS users_current_role, users.profile_image_url AS users_profile_image_url, users.phone AS users_phone, users.linkedin_url AS users_linkedin_url, users.github_url AS users_github_url, users.twitter_handle AS users_twitter_handle, users.following_count AS users_following_count, users.followers_count AS users_followers_count, users.post_count AS users_post_count, users.is_active AS users_is_active, users.is_verified AS users_is_verified, users.role AS users_role, users.created_at AS users_created_at, users.updated_at AS users_updated_at, users.last_login_at AS users_last_login_at 
FROM users 
WHERE users.id = %(id_1)s::UUID 
 LIMIT %(param_1)s
2026-03-05 20:27:02,006 INFO sqlalchemy.engine.Engine [cached since 380.9s ago] {'id_1': UUID('4c68130b-ef88-4056-abca-743c903a2ee9'), 'param_1': 1}
2026-03-05 20:27:02,007 INFO sqlalchemy.engine.Engine SELECT user_connections.follower_id AS user_connections_follower_id, user_connections.following_id AS user_connections_following_id, user_connections.created_at AS user_connections_created_at 
FROM user_connections 
WHERE user_connections.follower_id = %(follower_id_1)s::UUID AND user_connections.following_id = %(following_id_1)s::UUID 
 LIMIT %(param_1)s
2026-03-05 20:27:02,007 INFO sqlalchemy.engine.Engine [cached since 0.03291s ago] {'follower_id_1': UUID('39bc41c3-4c14-4803-9916-1ac891e4a1d1'), 'following_id_1': UUID('4c68130b-ef88-4056-abca-743c903a2ee9'), 'param_1': 1}
2026-03-05 20:27:02,008 INFO sqlalchemy.engine.Engine SELECT user_connections.follower_id AS user_connections_follower_id, user_connections.following_id AS user_connections_following_id, user_connections.created_at AS user_connections_created_at 
FROM user_connections 
WHERE user_connections.follower_id = %(follower_id_1)s::UUID AND user_connections.following_id = %(following_id_1)s::UUID 
 LIMIT %(param_1)s
2026-03-05 20:27:02,008 INFO sqlalchemy.engine.Engine [cached since 0.0335s ago] {'follower_id_1': UUID('4c68130b-ef88-4056-abca-743c903a2ee9'), 'following_id_1': UUID('39bc41c3-4c14-4803-9916-1ac891e4a1d1'), 'param_1': 1}
INFO:     127.0.0.1:53666 - "GET /api/connections/status/4c68130b-ef88-4056-abca-743c903a2ee9 HTTP/1.1" 200 OK
2026-03-05 20:27:02,008 INFO sqlalchemy.engine.Engine SELECT users.id AS users_id, users.email AS users_email, users.username AS users_username, users.name AS users_name, users.password_hash AS users_password_hash, users.graduation_year AS users_graduation_year, users.bio AS users_bio, users.location AS users_location, users."current_role" AS users_current_role, users.profile_image_url AS users_profile_image_url, users.phone AS users_phone, users.linkedin_url AS users_linkedin_url, users.github_url AS users_github_url, users.twitter_handle AS users_twitter_handle, users.following_count AS users_following_count, users.followers_count AS users_followers_count, users.post_count AS users_post_count, users.is_active AS users_is_active, users.is_verified AS users_is_verified, users.role AS users_role, users.created_at AS users_created_at, users.updated_at AS users_updated_at, users.last_login_at AS users_last_login_at 
FROM users 
WHERE users.id = %(id_1)s::UUID 
 LIMIT %(param_1)s
2026-03-05 20:27:02,008 INFO sqlalchemy.engine.Engine [cached since 380.9s ago] {'id_1': UUID('de320988-89c2-422e-b678-50641b34c157'), 'param_1': 1}
2026-03-05 20:27:02,009 INFO sqlalchemy.engine.Engine SELECT user_connections.follower_id AS user_connections_follower_id, user_connections.following_id AS user_connections_following_id, user_connections.created_at AS user_connections_created_at 
FROM user_connections 
WHERE user_connections.follower_id = %(follower_id_1)s::UUID AND user_connections.following_id = %(following_id_1)s::UUID 
 LIMIT %(param_1)s
2026-03-05 20:27:02,009 INFO sqlalchemy.engine.Engine [cached since 0.03472s ago] {'follower_id_1': UUID('39bc41c3-4c14-4803-9916-1ac891e4a1d1'), 'following_id_1': UUID('de320988-89c2-422e-b678-50641b34c157'), 'param_1': 1}
2026-03-05 20:27:02,009 INFO sqlalchemy.engine.Engine SELECT user_connections.follower_id AS user_connections_follower_id, user_connections.following_id AS user_connections_following_id, user_connections.created_at AS user_connections_created_at 
FROM user_connections 
WHERE user_connections.follower_id = %(follower_id_1)s::UUID AND user_connections.following_id = %(following_id_1)s::UUID 
 LIMIT %(param_1)s
2026-03-05 20:27:02,009 INFO sqlalchemy.engine.Engine [cached since 0.03531s ago] {'follower_id_1': UUID('de320988-89c2-422e-b678-50641b34c157'), 'following_id_1': UUID('39bc41c3-4c14-4803-9916-1ac891e4a1d1'), 'param_1': 1}
INFO:     127.0.0.1:53675 - "GET /api/connections/status/de320988-89c2-422e-b678-50641b34c157 HTTP/1.1" 200 OK
2026-03-05 20:27:02,010 INFO sqlalchemy.engine.Engine ROLLBACK
2026-03-05 20:27:02,011 INFO sqlalchemy.engine.Engine ROLLBACK
2026-03-05 20:27:02,011 INFO sqlalchemy.engine.Engine BEGIN (implicit)
2026-03-05 20:27:02,011 INFO sqlalchemy.engine.Engine SELECT users.id AS users_id, users.email AS users_email, users.username AS users_username, users.name AS users_name, users.password_hash AS users_password_hash, users.graduation_year AS users_graduation_year, users.bio AS users_bio, users.location AS users_location, users."current_role" AS users_current_role, users.profile_image_url AS users_profile_image_url, users.phone AS users_phone, users.linkedin_url AS users_linkedin_url, users.github_url AS users_github_url, users.twitter_handle AS users_twitter_handle, users.following_count AS users_following_count, users.followers_count AS users_followers_count, users.post_count AS users_post_count, users.is_active AS users_is_active, users.is_verified AS users_is_verified, users.role AS users_role, users.created_at AS users_created_at, users.updated_at AS users_updated_at, users.last_login_at AS users_last_login_at 
FROM users 
WHERE users.id = %(id_1)s::UUID 
 LIMIT %(param_1)s
2026-03-05 20:27:02,011 INFO sqlalchemy.engine.Engine [cached since 380.9s ago] {'id_1': '39bc41c3-4c14-4803-9916-1ac891e4a1d1', 'param_1': 1}
2026-03-05 20:27:02,011 INFO sqlalchemy.engine.Engine BEGIN (implicit)
2026-03-05 20:27:02,012 INFO sqlalchemy.engine.Engine SELECT users.id AS users_id, users.email AS users_email, users.username AS users_username, users.name AS users_name, users.password_hash AS users_password_hash, users.graduation_year AS users_graduation_year, users.bio AS users_bio, users.location AS users_location, users."current_role" AS users_current_role, users.profile_image_url AS users_profile_image_url, users.phone AS users_phone, users.linkedin_url AS users_linkedin_url, users.github_url AS users_github_url, users.twitter_handle AS users_twitter_handle, users.following_count AS users_following_count, users.followers_count AS users_followers_count, users.post_count AS users_post_count, users.is_active AS users_is_active, users.is_verified AS users_is_verified, users.role AS users_role, users.created_at AS users_created_at, users.updated_at AS users_updated_at, users.last_login_at AS users_last_login_at 
FROM users 
WHERE users.id = %(id_1)s::UUID 
 LIMIT %(param_1)s
2026-03-05 20:27:02,012 INFO sqlalchemy.engine.Engine SELECT users.id AS users_id, users.email AS users_email, users.username AS users_username, users.name AS users_name, users.password_hash AS users_password_hash, users.graduation_year AS users_graduation_year, users.bio AS users_bio, users.location AS users_location, users."current_role" AS users_current_role, users.profile_image_url AS users_profile_image_url, users.phone AS users_phone, users.linkedin_url AS users_linkedin_url, users.github_url AS users_github_url, users.twitter_handle AS users_twitter_handle, users.following_count AS users_following_count, users.followers_count AS users_followers_count, users.post_count AS users_post_count, users.is_active AS users_is_active, users.is_verified AS users_is_verified, users.role AS users_role, users.created_at AS users_created_at, users.updated_at AS users_updated_at, users.last_login_at AS users_last_login_at 
FROM users 
WHERE users.id = %(id_1)s::UUID 
 LIMIT %(param_1)s
2026-03-05 20:27:02,012 INFO sqlalchemy.engine.Engine [cached since 380.9s ago] {'id_1': '39bc41c3-4c14-4803-9916-1ac891e4a1d1', 'param_1': 1}
2026-03-05 20:27:02,012 INFO sqlalchemy.engine.Engine BEGIN (implicit)
2026-03-05 20:27:02,012 INFO sqlalchemy.engine.Engine [cached since 380.9s ago] {'id_1': UUID('330f89c4-630c-472f-8486-fb2714ce3963'), 'param_1': 1}
2026-03-05 20:27:02,013 INFO sqlalchemy.engine.Engine SELECT users.id AS users_id, users.email AS users_email, users.username AS users_username, users.name AS users_name, users.password_hash AS users_password_hash, users.graduation_year AS users_graduation_year, users.bio AS users_bio, users.location AS users_location, users."current_role" AS users_current_role, users.profile_image_url AS users_profile_image_url, users.phone AS users_phone, users.linkedin_url AS users_linkedin_url, users.github_url AS users_github_url, users.twitter_handle AS users_twitter_handle, users.following_count AS users_following_count, users.followers_count AS users_followers_count, users.post_count AS users_post_count, users.is_active AS users_is_active, users.is_verified AS users_is_verified, users.role AS users_role, users.created_at AS users_created_at, users.updated_at AS users_updated_at, users.last_login_at AS users_last_login_at 
FROM users 
WHERE users.id = %(id_1)s::UUID 
 LIMIT %(param_1)s
2026-03-05 20:27:02,013 INFO sqlalchemy.engine.Engine [cached since 380.9s ago] {'id_1': '39bc41c3-4c14-4803-9916-1ac891e4a1d1', 'param_1': 1}
2026-03-05 20:27:02,013 INFO sqlalchemy.engine.Engine SELECT user_connections.follower_id AS user_connections_follower_id, user_connections.following_id AS user_connections_following_id, user_connections.created_at AS user_connections_created_at 
FROM user_connections 
WHERE user_connections.follower_id = %(follower_id_1)s::UUID AND user_connections.following_id = %(following_id_1)s::UUID 
 LIMIT %(param_1)s
2026-03-05 20:27:02,013 INFO sqlalchemy.engine.Engine [cached since 0.03926s ago] {'follower_id_1': UUID('39bc41c3-4c14-4803-9916-1ac891e4a1d1'), 'following_id_1': UUID('330f89c4-630c-472f-8486-fb2714ce3963'), 'param_1': 1}
2026-03-05 20:27:02,014 INFO sqlalchemy.engine.Engine SELECT user_connections.follower_id AS user_connections_follower_id, user_connections.following_id AS user_connections_following_id, user_connections.created_at AS user_connections_created_at 
FROM user_connections 
WHERE user_connections.follower_id = %(follower_id_1)s::UUID AND user_connections.following_id = %(following_id_1)s::UUID 
 LIMIT %(param_1)s
2026-03-05 20:27:02,014 INFO sqlalchemy.engine.Engine [cached since 0.03968s ago] {'follower_id_1': UUID('330f89c4-630c-472f-8486-fb2714ce3963'), 'following_id_1': UUID('39bc41c3-4c14-4803-9916-1ac891e4a1d1'), 'param_1': 1}
INFO:     127.0.0.1:53667 - "GET /api/connections/status/330f89c4-630c-472f-8486-fb2714ce3963 HTTP/1.1" 200 OK
2026-03-05 20:27:02,014 INFO sqlalchemy.engine.Engine ROLLBACK
2026-03-05 20:27:02,015 INFO sqlalchemy.engine.Engine SELECT users.id AS users_id, users.email AS users_email, users.username AS users_username, users.name AS users_name, users.password_hash AS users_password_hash, users.graduation_year AS users_graduation_year, users.bio AS users_bio, users.location AS users_location, users."current_role" AS users_current_role, users.profile_image_url AS users_profile_image_url, users.phone AS users_phone, users.linkedin_url AS users_linkedin_url, users.github_url AS users_github_url, users.twitter_handle AS users_twitter_handle, users.following_count AS users_following_count, users.followers_count AS users_followers_count, users.post_count AS users_post_count, users.is_active AS users_is_active, users.is_verified AS users_is_verified, users.role AS users_role, users.created_at AS users_created_at, users.updated_at AS users_updated_at, users.last_login_at AS users_last_login_at 
FROM users 
WHERE users.id = %(id_1)s::UUID 
 LIMIT %(param_1)s
2026-03-05 20:27:02,015 INFO sqlalchemy.engine.Engine [cached since 380.9s ago] {'id_1': UUID('06622cd2-be07-4627-9a40-40a808ea6675'), 'param_1': 1}
2026-03-05 20:27:02,016 INFO sqlalchemy.engine.Engine BEGIN (implicit)
2026-03-05 20:27:02,016 INFO sqlalchemy.engine.Engine SELECT users.id AS users_id, users.email AS users_email, users.username AS users_username, users.name AS users_name, users.password_hash AS users_password_hash, users.graduation_year AS users_graduation_year, users.bio AS users_bio, users.location AS users_location, users."current_role" AS users_current_role, users.profile_image_url AS users_profile_image_url, users.phone AS users_phone, users.linkedin_url AS users_linkedin_url, users.github_url AS users_github_url, users.twitter_handle AS users_twitter_handle, users.following_count AS users_following_count, users.followers_count AS users_followers_count, users.post_count AS users_post_count, users.is_active AS users_is_active, users.is_verified AS users_is_verified, users.role AS users_role, users.created_at AS users_created_at, users.updated_at AS users_updated_at, users.last_login_at AS users_last_login_at 
FROM users 
WHERE users.id = %(id_1)s::UUID 
 LIMIT %(param_1)s
2026-03-05 20:27:02,016 INFO sqlalchemy.engine.Engine BEGIN (implicit)
2026-03-05 20:27:02,016 INFO sqlalchemy.engine.Engine [cached since 380.9s ago] {'id_1': '39bc41c3-4c14-4803-9916-1ac891e4a1d1', 'param_1': 1}
2026-03-05 20:27:02,016 INFO sqlalchemy.engine.Engine SELECT users.id AS users_id, users.email AS users_email, users.username AS users_username, users.name AS users_name, users.password_hash AS users_password_hash, users.graduation_year AS users_graduation_year, users.bio AS users_bio, users.location AS users_location, users."current_role" AS users_current_role, users.profile_image_url AS users_profile_image_url, users.phone AS users_phone, users.linkedin_url AS users_linkedin_url, users.github_url AS users_github_url, users.twitter_handle AS users_twitter_handle, users.following_count AS users_following_count, users.followers_count AS users_followers_count, users.post_count AS users_post_count, users.is_active AS users_is_active, users.is_verified AS users_is_verified, users.role AS users_role, users.created_at AS users_created_at, users.updated_at AS users_updated_at, users.last_login_at AS users_last_login_at 
FROM users 
WHERE users.id = %(id_1)s::UUID 
 LIMIT %(param_1)s
2026-03-05 20:27:02,016 INFO sqlalchemy.engine.Engine SELECT user_connections.follower_id AS user_connections_follower_id, user_connections.following_id AS user_connections_following_id, user_connections.created_at AS user_connections_created_at 
FROM user_connections 
WHERE user_connections.follower_id = %(follower_id_1)s::UUID AND user_connections.following_id = %(following_id_1)s::UUID 
 LIMIT %(param_1)s
2026-03-05 20:27:02,016 INFO sqlalchemy.engine.Engine [cached since 380.9s ago] {'id_1': '39bc41c3-4c14-4803-9916-1ac891e4a1d1', 'param_1': 1}
2026-03-05 20:27:02,016 INFO sqlalchemy.engine.Engine [cached since 0.0423s ago] {'follower_id_1': UUID('39bc41c3-4c14-4803-9916-1ac891e4a1d1'), 'following_id_1': UUID('06622cd2-be07-4627-9a40-40a808ea6675'), 'param_1': 1}
2026-03-05 20:27:02,017 INFO sqlalchemy.engine.Engine SELECT user_connections.follower_id AS user_connections_follower_id, user_connections.following_id AS user_connections_following_id, user_connections.created_at AS user_connections_created_at 
FROM user_connections 
WHERE user_connections.follower_id = %(follower_id_1)s::UUID AND user_connections.following_id = %(following_id_1)s::UUID 
 LIMIT %(param_1)s
2026-03-05 20:27:02,017 INFO sqlalchemy.engine.Engine [cached since 0.04311s ago] {'follower_id_1': UUID('06622cd2-be07-4627-9a40-40a808ea6675'), 'following_id_1': UUID('39bc41c3-4c14-4803-9916-1ac891e4a1d1'), 'param_1': 1}
INFO:     127.0.0.1:53669 - "GET /api/connections/status/06622cd2-be07-4627-9a40-40a808ea6675 HTTP/1.1" 200 OK
2026-03-05 20:27:02,018 INFO sqlalchemy.engine.Engine SELECT users.id AS users_id, users.email AS users_email, users.username AS users_username, users.name AS users_name, users.password_hash AS users_password_hash, users.graduation_year AS users_graduation_year, users.bio AS users_bio, users.location AS users_location, users."current_role" AS users_current_role, users.profile_image_url AS users_profile_image_url, users.phone AS users_phone, users.linkedin_url AS users_linkedin_url, users.github_url AS users_github_url, users.twitter_handle AS users_twitter_handle, users.following_count AS users_following_count, users.followers_count AS users_followers_count, users.post_count AS users_post_count, users.is_active AS users_is_active, users.is_verified AS users_is_verified, users.role AS users_role, users.created_at AS users_created_at, users.updated_at AS users_updated_at, users.last_login_at AS users_last_login_at 
FROM users 
WHERE users.id = %(id_1)s::UUID 
 LIMIT %(param_1)s
2026-03-05 20:27:02,018 INFO sqlalchemy.engine.Engine [cached since 380.9s ago] {'id_1': UUID('9b5e1b44-fc62-463b-aa97-b27295eab70d'), 'param_1': 1}
2026-03-05 20:27:02,019 INFO sqlalchemy.engine.Engine SELECT user_connections.follower_id AS user_connections_follower_id, user_connections.following_id AS user_connections_following_id, user_connections.created_at AS user_connections_created_at 
FROM user_connections 
WHERE user_connections.follower_id = %(follower_id_1)s::UUID AND user_connections.following_id = %(following_id_1)s::UUID 
 LIMIT %(param_1)s
2026-03-05 20:27:02,019 INFO sqlalchemy.engine.Engine [cached since 0.04456s ago] {'follower_id_1': UUID('39bc41c3-4c14-4803-9916-1ac891e4a1d1'), 'following_id_1': UUID('9b5e1b44-fc62-463b-aa97-b27295eab70d'), 'param_1': 1}
2026-03-05 20:27:02,019 INFO sqlalchemy.engine.Engine SELECT user_connections.follower_id AS user_connections_follower_id, user_connections.following_id AS user_connections_following_id, user_connections.created_at AS user_connections_created_at 
FROM user_connections 
WHERE user_connections.follower_id = %(follower_id_1)s::UUID AND user_connections.following_id = %(following_id_1)s::UUID 
 LIMIT %(param_1)s
2026-03-05 20:27:02,019 INFO sqlalchemy.engine.Engine [cached since 0.0449s ago] {'follower_id_1': UUID('9b5e1b44-fc62-463b-aa97-b27295eab70d'), 'following_id_1': UUID('39bc41c3-4c14-4803-9916-1ac891e4a1d1'), 'param_1': 1}
INFO:     127.0.0.1:53674 - "GET /api/connections/status/9b5e1b44-fc62-463b-aa97-b27295eab70d HTTP/1.1" 200 OK
2026-03-05 20:27:02,019 INFO sqlalchemy.engine.Engine SELECT users.id AS users_id, users.email AS users_email, users.username AS users_username, users.name AS users_name, users.password_hash AS users_password_hash, users.graduation_year AS users_graduation_year, users.bio AS users_bio, users.location AS users_location, users."current_role" AS users_current_role, users.profile_image_url AS users_profile_image_url, users.phone AS users_phone, users.linkedin_url AS users_linkedin_url, users.github_url AS users_github_url, users.twitter_handle AS users_twitter_handle, users.following_count AS users_following_count, users.followers_count AS users_followers_count, users.post_count AS users_post_count, users.is_active AS users_is_active, users.is_verified AS users_is_verified, users.role AS users_role, users.created_at AS users_created_at, users.updated_at AS users_updated_at, users.last_login_at AS users_last_login_at 
FROM users 
WHERE users.id = %(id_1)s::UUID 
 LIMIT %(param_1)s
2026-03-05 20:27:02,019 INFO sqlalchemy.engine.Engine [cached since 380.9s ago] {'id_1': UUID('fbe1ba09-d6ec-4268-9ff9-8790f2164820'), 'param_1': 1}
2026-03-05 20:27:02,020 INFO sqlalchemy.engine.Engine SELECT user_connections.follower_id AS user_connections_follower_id, user_connections.following_id AS user_connections_following_id, user_connections.created_at AS user_connections_created_at 
FROM user_connections 
WHERE user_connections.follower_id = %(follower_id_1)s::UUID AND user_connections.following_id = %(following_id_1)s::UUID 
 LIMIT %(param_1)s
2026-03-05 20:27:02,020 INFO sqlalchemy.engine.Engine [cached since 0.04598s ago] {'follower_id_1': UUID('39bc41c3-4c14-4803-9916-1ac891e4a1d1'), 'following_id_1': UUID('fbe1ba09-d6ec-4268-9ff9-8790f2164820'), 'param_1': 1}
2026-03-05 20:27:02,020 INFO sqlalchemy.engine.Engine SELECT user_connections.follower_id AS user_connections_follower_id, user_connections.following_id AS user_connections_following_id, user_connections.created_at AS user_connections_created_at 
FROM user_connections 
WHERE user_connections.follower_id = %(follower_id_1)s::UUID AND user_connections.following_id = %(following_id_1)s::UUID 
 LIMIT %(param_1)s
2026-03-05 20:27:02,021 INFO sqlalchemy.engine.Engine [cached since 0.04646s ago] {'follower_id_1': UUID('fbe1ba09-d6ec-4268-9ff9-8790f2164820'), 'following_id_1': UUID('39bc41c3-4c14-4803-9916-1ac891e4a1d1'), 'param_1': 1}
INFO:     127.0.0.1:53673 - "GET /api/connections/status/fbe1ba09-d6ec-4268-9ff9-8790f2164820 HTTP/1.1" 200 OK
2026-03-05 20:27:02,021 INFO sqlalchemy.engine.Engine ROLLBACK
2026-03-05 20:27:02,022 INFO sqlalchemy.engine.Engine ROLLBACK
2026-03-05 20:27:02,022 INFO sqlalchemy.engine.Engine ROLLBACK
2026-03-05 20:27:02,022 INFO sqlalchemy.engine.Engine SELECT users.id AS users_id, users.email AS users_email, users.username AS users_username, users.name AS users_name, users.password_hash AS users_password_hash, users.graduation_year AS users_graduation_year, users.bio AS users_bio, users.location AS users_location, users."current_role" AS users_current_role, users.profile_image_url AS users_profile_image_url, users.phone AS users_phone, users.linkedin_url AS users_linkedin_url, users.github_url AS users_github_url, users.twitter_handle AS users_twitter_handle, users.following_count AS users_following_count, users.followers_count AS users_followers_count, users.post_count AS users_post_count, users.is_active AS users_is_active, users.is_verified AS users_is_verified, users.role AS users_role, users.created_at AS users_created_at, users.updated_at AS users_updated_at, users.last_login_at AS users_last_login_at 
FROM users 
WHERE users.id = %(id_1)s::UUID 
 LIMIT %(param_1)s
2026-03-05 20:27:02,022 INFO sqlalchemy.engine.Engine [cached since 380.9s ago] {'id_1': UUID('7c392ee0-f071-4277-a074-7c8ed282a2b7'), 'param_1': 1}
2026-03-05 20:27:02,023 INFO sqlalchemy.engine.Engine SELECT user_connections.follower_id AS user_connections_follower_id, user_connections.following_id AS user_connections_following_id, user_connections.created_at AS user_connections_created_at 
FROM user_connections 
WHERE user_connections.follower_id = %(follower_id_1)s::UUID AND user_connections.following_id = %(following_id_1)s::UUID 
 LIMIT %(param_1)s
2026-03-05 20:27:02,023 INFO sqlalchemy.engine.Engine [cached since 0.04885s ago] {'follower_id_1': UUID('39bc41c3-4c14-4803-9916-1ac891e4a1d1'), 'following_id_1': UUID('7c392ee0-f071-4277-a074-7c8ed282a2b7'), 'param_1': 1}
2026-03-05 20:27:02,023 INFO sqlalchemy.engine.Engine SELECT user_connections.follower_id AS user_connections_follower_id, user_connections.following_id AS user_connections_following_id, user_connections.created_at AS user_connections_created_at 
FROM user_connections 
WHERE user_connections.follower_id = %(follower_id_1)s::UUID AND user_connections.following_id = %(following_id_1)s::UUID 
 LIMIT %(param_1)s
2026-03-05 20:27:02,023 INFO sqlalchemy.engine.Engine [cached since 0.04925s ago] {'follower_id_1': UUID('7c392ee0-f071-4277-a074-7c8ed282a2b7'), 'following_id_1': UUID('39bc41c3-4c14-4803-9916-1ac891e4a1d1'), 'param_1': 1}
INFO:     127.0.0.1:53666 - "GET /api/connections/status/7c392ee0-f071-4277-a074-7c8ed282a2b7 HTTP/1.1" 200 OK
2026-03-05 20:27:02,024 INFO sqlalchemy.engine.Engine SELECT users.id AS users_id, users.email AS users_email, users.username AS users_username, users.name AS users_name, users.password_hash AS users_password_hash, users.graduation_year AS users_graduation_year, users.bio AS users_bio, users.location AS users_location, users."current_role" AS users_current_role, users.profile_image_url AS users_profile_image_url, users.phone AS users_phone, users.linkedin_url AS users_linkedin_url, users.github_url AS users_github_url, users.twitter_handle AS users_twitter_handle, users.following_count AS users_following_count, users.followers_count AS users_followers_count, users.post_count AS users_post_count, users.is_active AS users_is_active, users.is_verified AS users_is_verified, users.role AS users_role, users.created_at AS users_created_at, users.updated_at AS users_updated_at, users.last_login_at AS users_last_login_at 
FROM users 
WHERE users.id = %(id_1)s::UUID 
 LIMIT %(param_1)s
2026-03-05 20:27:02,024 INFO sqlalchemy.engine.Engine [cached since 380.9s ago] {'id_1': UUID('3f3ee1f3-c4ca-4f0b-87ab-8234cf974028'), 'param_1': 1}
2026-03-05 20:27:02,024 INFO sqlalchemy.engine.Engine SELECT user_connections.follower_id AS user_connections_follower_id, user_connections.following_id AS user_connections_following_id, user_connections.created_at AS user_connections_created_at 
FROM user_connections 
WHERE user_connections.follower_id = %(follower_id_1)s::UUID AND user_connections.following_id = %(following_id_1)s::UUID 
 LIMIT %(param_1)s
2026-03-05 20:27:02,024 INFO sqlalchemy.engine.Engine [cached since 0.0502s ago] {'follower_id_1': UUID('39bc41c3-4c14-4803-9916-1ac891e4a1d1'), 'following_id_1': UUID('3f3ee1f3-c4ca-4f0b-87ab-8234cf974028'), 'param_1': 1}
2026-03-05 20:27:02,025 INFO sqlalchemy.engine.Engine SELECT user_connections.follower_id AS user_connections_follower_id, user_connections.following_id AS user_connections_following_id, user_connections.created_at AS user_connections_created_at 
FROM user_connections 
WHERE user_connections.follower_id = %(follower_id_1)s::UUID AND user_connections.following_id = %(following_id_1)s::UUID 
 LIMIT %(param_1)s
2026-03-05 20:27:02,025 INFO sqlalchemy.engine.Engine [cached since 0.05052s ago] {'follower_id_1': UUID('3f3ee1f3-c4ca-4f0b-87ab-8234cf974028'), 'following_id_1': UUID('39bc41c3-4c14-4803-9916-1ac891e4a1d1'), 'param_1': 1}
INFO:     127.0.0.1:53675 - "GET /api/connections/status/3f3ee1f3-c4ca-4f0b-87ab-8234cf974028 HTTP/1.1" 200 OK
2026-03-05 20:27:02,026 INFO sqlalchemy.engine.Engine ROLLBACK
2026-03-05 20:27:02,026 INFO sqlalchemy.engine.Engine BEGIN (implicit)
2026-03-05 20:27:02,026 INFO sqlalchemy.engine.Engine ROLLBACK
2026-03-05 20:27:02,026 INFO sqlalchemy.engine.Engine SELECT users.id AS users_id, users.email AS users_email, users.username AS users_username, users.name AS users_name, users.password_hash AS users_password_hash, users.graduation_year AS users_graduation_year, users.bio AS users_bio, users.location AS users_location, users."current_role" AS users_current_role, users.profile_image_url AS users_profile_image_url, users.phone AS users_phone, users.linkedin_url AS users_linkedin_url, users.github_url AS users_github_url, users.twitter_handle AS users_twitter_handle, users.following_count AS users_following_count, users.followers_count AS users_followers_count, users.post_count AS users_post_count, users.is_active AS users_is_active, users.is_verified AS users_is_verified, users.role AS users_role, users.created_at AS users_created_at, users.updated_at AS users_updated_at, users.last_login_at AS users_last_login_at 
FROM users 
WHERE users.id = %(id_1)s::UUID 
 LIMIT %(param_1)s
2026-03-05 20:27:02,026 INFO sqlalchemy.engine.Engine [cached since 380.9s ago] {'id_1': '39bc41c3-4c14-4803-9916-1ac891e4a1d1', 'param_1': 1}
2026-03-05 20:27:02,026 INFO sqlalchemy.engine.Engine BEGIN (implicit)
2026-03-05 20:27:02,026 INFO sqlalchemy.engine.Engine SELECT users.id AS users_id, users.email AS users_email, users.username AS users_username, users.name AS users_name, users.password_hash AS users_password_hash, users.graduation_year AS users_graduation_year, users.bio AS users_bio, users.location AS users_location, users."current_role" AS users_current_role, users.profile_image_url AS users_profile_image_url, users.phone AS users_phone, users.linkedin_url AS users_linkedin_url, users.github_url AS users_github_url, users.twitter_handle AS users_twitter_handle, users.following_count AS users_following_count, users.followers_count AS users_followers_count, users.post_count AS users_post_count, users.is_active AS users_is_active, users.is_verified AS users_is_verified, users.role AS users_role, users.created_at AS users_created_at, users.updated_at AS users_updated_at, users.last_login_at AS users_last_login_at 
FROM users 
WHERE users.id = %(id_1)s::UUID 
 LIMIT %(param_1)s
2026-03-05 20:27:02,026 INFO sqlalchemy.engine.Engine [cached since 380.9s ago] {'id_1': '39bc41c3-4c14-4803-9916-1ac891e4a1d1', 'param_1': 1}
2026-03-05 20:27:02,027 INFO sqlalchemy.engine.Engine SELECT users.id AS users_id, users.email AS users_email, users.username AS users_username, users.name AS users_name, users.password_hash AS users_password_hash, users.graduation_year AS users_graduation_year, users.bio AS users_bio, users.location AS users_location, users."current_role" AS users_current_role, users.profile_image_url AS users_profile_image_url, users.phone AS users_phone, users.linkedin_url AS users_linkedin_url, users.github_url AS users_github_url, users.twitter_handle AS users_twitter_handle, users.following_count AS users_following_count, users.followers_count AS users_followers_count, users.post_count AS users_post_count, users.is_active AS users_is_active, users.is_verified AS users_is_verified, users.role AS users_role, users.created_at AS users_created_at, users.updated_at AS users_updated_at, users.last_login_at AS users_last_login_at 
FROM users 
WHERE users.id = %(id_1)s::UUID 
 LIMIT %(param_1)s
2026-03-05 20:27:02,027 INFO sqlalchemy.engine.Engine [cached since 380.9s ago] {'id_1': UUID('b6254dbe-aae1-49be-8ff3-c89050e36bdd'), 'param_1': 1}
2026-03-05 20:27:02,027 INFO sqlalchemy.engine.Engine SELECT user_connections.follower_id AS user_connections_follower_id, user_connections.following_id AS user_connections_following_id, user_connections.created_at AS user_connections_created_at 
FROM user_connections 
WHERE user_connections.follower_id = %(follower_id_1)s::UUID AND user_connections.following_id = %(following_id_1)s::UUID 
 LIMIT %(param_1)s
2026-03-05 20:27:02,027 INFO sqlalchemy.engine.Engine [cached since 0.05335s ago] {'follower_id_1': UUID('39bc41c3-4c14-4803-9916-1ac891e4a1d1'), 'following_id_1': UUID('b6254dbe-aae1-49be-8ff3-c89050e36bdd'), 'param_1': 1}
2026-03-05 20:27:02,028 INFO sqlalchemy.engine.Engine SELECT user_connections.follower_id AS user_connections_follower_id, user_connections.following_id AS user_connections_following_id, user_connections.created_at AS user_connections_created_at 
FROM user_connections 
WHERE user_connections.follower_id = %(follower_id_1)s::UUID AND user_connections.following_id = %(following_id_1)s::UUID 
 LIMIT %(param_1)s
2026-03-05 20:27:02,028 INFO sqlalchemy.engine.Engine [cached since 0.05374s ago] {'follower_id_1': UUID('b6254dbe-aae1-49be-8ff3-c89050e36bdd'), 'following_id_1': UUID('39bc41c3-4c14-4803-9916-1ac891e4a1d1'), 'param_1': 1}
INFO:     127.0.0.1:53667 - "GET /api/connections/status/b6254dbe-aae1-49be-8ff3-c89050e36bdd HTTP/1.1" 200 OK
2026-03-05 20:27:02,028 INFO sqlalchemy.engine.Engine ROLLBACK
2026-03-05 20:27:02,029 INFO sqlalchemy.engine.Engine SELECT users.id AS users_id, users.email AS users_email, users.username AS users_username, users.name AS users_name, users.password_hash AS users_password_hash, users.graduation_year AS users_graduation_year, users.bio AS users_bio, users.location AS users_location, users."current_role" AS users_current_role, users.profile_image_url AS users_profile_image_url, users.phone AS users_phone, users.linkedin_url AS users_linkedin_url, users.github_url AS users_github_url, users.twitter_handle AS users_twitter_handle, users.following_count AS users_following_count, users.followers_count AS users_followers_count, users.post_count AS users_post_count, users.is_active AS users_is_active, users.is_verified AS users_is_verified, users.role AS users_role, users.created_at AS users_created_at, users.updated_at AS users_updated_at, users.last_login_at AS users_last_login_at 
FROM users 
WHERE users.id = %(id_1)s::UUID 
 LIMIT %(param_1)s
2026-03-05 20:27:02,029 INFO sqlalchemy.engine.Engine [cached since 380.9s ago] {'id_1': UUID('67c3d747-c055-43c6-b140-b531a06f8216'), 'param_1': 1}
2026-03-05 20:27:02,030 INFO sqlalchemy.engine.Engine SELECT user_connections.follower_id AS user_connections_follower_id, user_connections.following_id AS user_connections_following_id, user_connections.created_at AS user_connections_created_at 
FROM user_connections 
WHERE user_connections.follower_id = %(follower_id_1)s::UUID AND user_connections.following_id = %(following_id_1)s::UUID 
 LIMIT %(param_1)s
2026-03-05 20:27:02,030 INFO sqlalchemy.engine.Engine [cached since 0.0556s ago] {'follower_id_1': UUID('39bc41c3-4c14-4803-9916-1ac891e4a1d1'), 'following_id_1': UUID('67c3d747-c055-43c6-b140-b531a06f8216'), 'param_1': 1}
2026-03-05 20:27:02,030 INFO sqlalchemy.engine.Engine SELECT user_connections.follower_id AS user_connections_follower_id, user_connections.following_id AS user_connections_following_id, user_connections.created_at AS user_connections_created_at 
FROM user_connections 
WHERE user_connections.follower_id = %(follower_id_1)s::UUID AND user_connections.following_id = %(following_id_1)s::UUID 
 LIMIT %(param_1)s
2026-03-05 20:27:02,030 INFO sqlalchemy.engine.Engine [cached since 0.05605s ago] {'follower_id_1': UUID('67c3d747-c055-43c6-b140-b531a06f8216'), 'following_id_1': UUID('39bc41c3-4c14-4803-9916-1ac891e4a1d1'), 'param_1': 1}
INFO:     127.0.0.1:53669 - "GET /api/connections/status/67c3d747-c055-43c6-b140-b531a06f8216 HTTP/1.1" 200 OK
2026-03-05 20:27:02,031 INFO sqlalchemy.engine.Engine ROLLBACK
