INFO:     Will watch for changes in these directories: ['/Users/snehashisghosh/Documents/snehashis/ft_prep/julienites/backend']
INFO:     Uvicorn running on http://0.0.0.0:8000 (Press CTRL+C to quit)
INFO:     Started reloader process [55036] using WatchFiles
2026-03-05 22:33:41,191 INFO sqlalchemy.engine.Engine select pg_catalog.version()
2026-03-05 22:33:41,191 INFO sqlalchemy.engine.Engine [raw sql] {}
2026-03-05 22:33:41,192 INFO sqlalchemy.engine.Engine select current_schema()
2026-03-05 22:33:41,192 INFO sqlalchemy.engine.Engine [raw sql] {}
2026-03-05 22:33:41,192 INFO sqlalchemy.engine.Engine show standard_conforming_strings
2026-03-05 22:33:41,192 INFO sqlalchemy.engine.Engine [raw sql] {}
2026-03-05 22:33:41,193 INFO sqlalchemy.engine.Engine BEGIN (implicit)
2026-03-05 22:33:41,194 INFO sqlalchemy.engine.Engine SELECT pg_catalog.pg_class.relname 
FROM pg_catalog.pg_class JOIN pg_catalog.pg_namespace ON pg_catalog.pg_namespace.oid = pg_catalog.pg_class.relnamespace 
WHERE pg_catalog.pg_class.relname = %(table_name)s AND pg_catalog.pg_class.relkind = ANY (ARRAY[%(param_1)s, %(param_2)s, %(param_3)s, %(param_4)s, %(param_5)s]) AND pg_catalog.pg_table_is_visible(pg_catalog.pg_class.oid) AND pg_catalog.pg_namespace.nspname != %(nspname_1)s
2026-03-05 22:33:41,194 INFO sqlalchemy.engine.Engine [generated in 0.00006s] {'table_name': 'users', 'param_1': 'r', 'param_2': 'p', 'param_3': 'f', 'param_4': 'v', 'param_5': 'm', 'nspname_1': 'pg_catalog'}
2026-03-05 22:33:41,196 INFO sqlalchemy.engine.Engine SELECT pg_catalog.pg_class.relname 
FROM pg_catalog.pg_class JOIN pg_catalog.pg_namespace ON pg_catalog.pg_namespace.oid = pg_catalog.pg_class.relnamespace 
WHERE pg_catalog.pg_class.relname = %(table_name)s AND pg_catalog.pg_class.relkind = ANY (ARRAY[%(param_1)s, %(param_2)s, %(param_3)s, %(param_4)s, %(param_5)s]) AND pg_catalog.pg_table_is_visible(pg_catalog.pg_class.oid) AND pg_catalog.pg_namespace.nspname != %(nspname_1)s
2026-03-05 22:33:41,196 INFO sqlalchemy.engine.Engine [cached since 0.001895s ago] {'table_name': 'education', 'param_1': 'r', 'param_2': 'p', 'param_3': 'f', 'param_4': 'v', 'param_5': 'm', 'nspname_1': 'pg_catalog'}
2026-03-05 22:33:41,196 INFO sqlalchemy.engine.Engine SELECT pg_catalog.pg_class.relname 
FROM pg_catalog.pg_class JOIN pg_catalog.pg_namespace ON pg_catalog.pg_namespace.oid = pg_catalog.pg_class.relnamespace 
WHERE pg_catalog.pg_class.relname = %(table_name)s AND pg_catalog.pg_class.relkind = ANY (ARRAY[%(param_1)s, %(param_2)s, %(param_3)s, %(param_4)s, %(param_5)s]) AND pg_catalog.pg_table_is_visible(pg_catalog.pg_class.oid) AND pg_catalog.pg_namespace.nspname != %(nspname_1)s
2026-03-05 22:33:41,196 INFO sqlalchemy.engine.Engine [cached since 0.002261s ago] {'table_name': 'experience', 'param_1': 'r', 'param_2': 'p', 'param_3': 'f', 'param_4': 'v', 'param_5': 'm', 'nspname_1': 'pg_catalog'}
2026-03-05 22:33:41,196 INFO sqlalchemy.engine.Engine SELECT pg_catalog.pg_class.relname 
FROM pg_catalog.pg_class JOIN pg_catalog.pg_namespace ON pg_catalog.pg_namespace.oid = pg_catalog.pg_class.relnamespace 
WHERE pg_catalog.pg_class.relname = %(table_name)s AND pg_catalog.pg_class.relkind = ANY (ARRAY[%(param_1)s, %(param_2)s, %(param_3)s, %(param_4)s, %(param_5)s]) AND pg_catalog.pg_table_is_visible(pg_catalog.pg_class.oid) AND pg_catalog.pg_namespace.nspname != %(nspname_1)s
2026-03-05 22:33:41,196 INFO sqlalchemy.engine.Engine [cached since 0.002587s ago] {'table_name': 'skills', 'param_1': 'r', 'param_2': 'p', 'param_3': 'f', 'param_4': 'v', 'param_5': 'm', 'nspname_1': 'pg_catalog'}
2026-03-05 22:33:41,197 INFO sqlalchemy.engine.Engine SELECT pg_catalog.pg_class.relname 
FROM pg_catalog.pg_class JOIN pg_catalog.pg_namespace ON pg_catalog.pg_namespace.oid = pg_catalog.pg_class.relnamespace 
WHERE pg_catalog.pg_class.relname = %(table_name)s AND pg_catalog.pg_class.relkind = ANY (ARRAY[%(param_1)s, %(param_2)s, %(param_3)s, %(param_4)s, %(param_5)s]) AND pg_catalog.pg_table_is_visible(pg_catalog.pg_class.oid) AND pg_catalog.pg_namespace.nspname != %(nspname_1)s
2026-03-05 22:33:41,197 INFO sqlalchemy.engine.Engine [cached since 0.002938s ago] {'table_name': 'user_skills', 'param_1': 'r', 'param_2': 'p', 'param_3': 'f', 'param_4': 'v', 'param_5': 'm', 'nspname_1': 'pg_catalog'}
2026-03-05 22:33:41,197 INFO sqlalchemy.engine.Engine SELECT pg_catalog.pg_class.relname 
FROM pg_catalog.pg_class JOIN pg_catalog.pg_namespace ON pg_catalog.pg_namespace.oid = pg_catalog.pg_class.relnamespace 
WHERE pg_catalog.pg_class.relname = %(table_name)s AND pg_catalog.pg_class.relkind = ANY (ARRAY[%(param_1)s, %(param_2)s, %(param_3)s, %(param_4)s, %(param_5)s]) AND pg_catalog.pg_table_is_visible(pg_catalog.pg_class.oid) AND pg_catalog.pg_namespace.nspname != %(nspname_1)s
2026-03-05 22:33:41,197 INFO sqlalchemy.engine.Engine [cached since 0.003299s ago] {'table_name': 'posts', 'param_1': 'r', 'param_2': 'p', 'param_3': 'f', 'param_4': 'v', 'param_5': 'm', 'nspname_1': 'pg_catalog'}
2026-03-05 22:33:41,197 INFO sqlalchemy.engine.Engine SELECT pg_catalog.pg_class.relname 
FROM pg_catalog.pg_class JOIN pg_catalog.pg_namespace ON pg_catalog.pg_namespace.oid = pg_catalog.pg_class.relnamespace 
WHERE pg_catalog.pg_class.relname = %(table_name)s AND pg_catalog.pg_class.relkind = ANY (ARRAY[%(param_1)s, %(param_2)s, %(param_3)s, %(param_4)s, %(param_5)s]) AND pg_catalog.pg_table_is_visible(pg_catalog.pg_class.oid) AND pg_catalog.pg_namespace.nspname != %(nspname_1)s
2026-03-05 22:33:41,197 INFO sqlalchemy.engine.Engine [cached since 0.0036s ago] {'table_name': 'post_likes', 'param_1': 'r', 'param_2': 'p', 'param_3': 'f', 'param_4': 'v', 'param_5': 'm', 'nspname_1': 'pg_catalog'}
2026-03-05 22:33:41,198 INFO sqlalchemy.engine.Engine SELECT pg_catalog.pg_class.relname 
FROM pg_catalog.pg_class JOIN pg_catalog.pg_namespace ON pg_catalog.pg_namespace.oid = pg_catalog.pg_class.relnamespace 
WHERE pg_catalog.pg_class.relname = %(table_name)s AND pg_catalog.pg_class.relkind = ANY (ARRAY[%(param_1)s, %(param_2)s, %(param_3)s, %(param_4)s, %(param_5)s]) AND pg_catalog.pg_table_is_visible(pg_catalog.pg_class.oid) AND pg_catalog.pg_namespace.nspname != %(nspname_1)s
2026-03-05 22:33:41,198 INFO sqlalchemy.engine.Engine [cached since 0.003957s ago] {'table_name': 'comments', 'param_1': 'r', 'param_2': 'p', 'param_3': 'f', 'param_4': 'v', 'param_5': 'm', 'nspname_1': 'pg_catalog'}
2026-03-05 22:33:41,198 INFO sqlalchemy.engine.Engine SELECT pg_catalog.pg_class.relname 
FROM pg_catalog.pg_class JOIN pg_catalog.pg_namespace ON pg_catalog.pg_namespace.oid = pg_catalog.pg_class.relnamespace 
WHERE pg_catalog.pg_class.relname = %(table_name)s AND pg_catalog.pg_class.relkind = ANY (ARRAY[%(param_1)s, %(param_2)s, %(param_3)s, %(param_4)s, %(param_5)s]) AND pg_catalog.pg_table_is_visible(pg_catalog.pg_class.oid) AND pg_catalog.pg_namespace.nspname != %(nspname_1)s
2026-03-05 22:33:41,198 INFO sqlalchemy.engine.Engine [cached since 0.004252s ago] {'table_name': 'user_connections', 'param_1': 'r', 'param_2': 'p', 'param_3': 'f', 'param_4': 'v', 'param_5': 'm', 'nspname_1': 'pg_catalog'}
2026-03-05 22:33:41,198 INFO sqlalchemy.engine.Engine SELECT pg_catalog.pg_class.relname 
FROM pg_catalog.pg_class JOIN pg_catalog.pg_namespace ON pg_catalog.pg_namespace.oid = pg_catalog.pg_class.relnamespace 
WHERE pg_catalog.pg_class.relname = %(table_name)s AND pg_catalog.pg_class.relkind = ANY (ARRAY[%(param_1)s, %(param_2)s, %(param_3)s, %(param_4)s, %(param_5)s]) AND pg_catalog.pg_table_is_visible(pg_catalog.pg_class.oid) AND pg_catalog.pg_namespace.nspname != %(nspname_1)s
2026-03-05 22:33:41,198 INFO sqlalchemy.engine.Engine [cached since 0.004506s ago] {'table_name': 'notifications', 'param_1': 'r', 'param_2': 'p', 'param_3': 'f', 'param_4': 'v', 'param_5': 'm', 'nspname_1': 'pg_catalog'}
2026-03-05 22:33:41,199 INFO sqlalchemy.engine.Engine SELECT pg_catalog.pg_class.relname 
FROM pg_catalog.pg_class JOIN pg_catalog.pg_namespace ON pg_catalog.pg_namespace.oid = pg_catalog.pg_class.relnamespace 
WHERE pg_catalog.pg_class.relname = %(table_name)s AND pg_catalog.pg_class.relkind = ANY (ARRAY[%(param_1)s, %(param_2)s, %(param_3)s, %(param_4)s, %(param_5)s]) AND pg_catalog.pg_table_is_visible(pg_catalog.pg_class.oid) AND pg_catalog.pg_namespace.nspname != %(nspname_1)s
2026-03-05 22:33:41,199 INFO sqlalchemy.engine.Engine [cached since 0.004759s ago] {'table_name': 'forms', 'param_1': 'r', 'param_2': 'p', 'param_3': 'f', 'param_4': 'v', 'param_5': 'm', 'nspname_1': 'pg_catalog'}
2026-03-05 22:33:41,199 INFO sqlalchemy.engine.Engine SELECT pg_catalog.pg_class.relname 
FROM pg_catalog.pg_class JOIN pg_catalog.pg_namespace ON pg_catalog.pg_namespace.oid = pg_catalog.pg_class.relnamespace 
WHERE pg_catalog.pg_class.relname = %(table_name)s AND pg_catalog.pg_class.relkind = ANY (ARRAY[%(param_1)s, %(param_2)s, %(param_3)s, %(param_4)s, %(param_5)s]) AND pg_catalog.pg_table_is_visible(pg_catalog.pg_class.oid) AND pg_catalog.pg_namespace.nspname != %(nspname_1)s
2026-03-05 22:33:41,199 INFO sqlalchemy.engine.Engine [cached since 0.005008s ago] {'table_name': 'form_fields', 'param_1': 'r', 'param_2': 'p', 'param_3': 'f', 'param_4': 'v', 'param_5': 'm', 'nspname_1': 'pg_catalog'}
2026-03-05 22:33:41,199 INFO sqlalchemy.engine.Engine SELECT pg_catalog.pg_class.relname 
FROM pg_catalog.pg_class JOIN pg_catalog.pg_namespace ON pg_catalog.pg_namespace.oid = pg_catalog.pg_class.relnamespace 
WHERE pg_catalog.pg_class.relname = %(table_name)s AND pg_catalog.pg_class.relkind = ANY (ARRAY[%(param_1)s, %(param_2)s, %(param_3)s, %(param_4)s, %(param_5)s]) AND pg_catalog.pg_table_is_visible(pg_catalog.pg_class.oid) AND pg_catalog.pg_namespace.nspname != %(nspname_1)s
2026-03-05 22:33:41,199 INFO sqlalchemy.engine.Engine [cached since 0.005394s ago] {'table_name': 'form_responses', 'param_1': 'r', 'param_2': 'p', 'param_3': 'f', 'param_4': 'v', 'param_5': 'm', 'nspname_1': 'pg_catalog'}
2026-03-05 22:33:41,200 INFO sqlalchemy.engine.Engine COMMIT
INFO:     Started server process [55039]
INFO:     Waiting for application startup.
INFO:     Application startup complete.
2026-03-05 22:34:01,816 INFO sqlalchemy.engine.Engine BEGIN (implicit)
2026-03-05 22:34:01,816 INFO sqlalchemy.engine.Engine SELECT 1
2026-03-05 22:34:01,816 INFO sqlalchemy.engine.Engine [generated in 0.00004s] {}
INFO:     127.0.0.1:56722 - "GET /api/health HTTP/1.1" 200 OK
2026-03-05 22:34:01,817 INFO sqlalchemy.engine.Engine ROLLBACK
INFO:     127.0.0.1:56736 - "OPTIONS /api/posts/?skip=0&limit=100 HTTP/1.1" 200 OK
INFO:     127.0.0.1:56738 - "OPTIONS /api/posts/?skip=0&limit=100 HTTP/1.1" 200 OK
2026-03-05 22:34:09,760 INFO sqlalchemy.engine.Engine BEGIN (implicit)
2026-03-05 22:34:09,762 INFO sqlalchemy.engine.Engine SELECT users.id AS users_id, users.email AS users_email, users.username AS users_username, users.name AS users_name, users.password_hash AS users_password_hash, users.graduation_year AS users_graduation_year, users.bio AS users_bio, users.location AS users_location, users."current_role" AS users_current_role, users.profile_image_url AS users_profile_image_url, users.phone AS users_phone, users.linkedin_url AS users_linkedin_url, users.github_url AS users_github_url, users.twitter_handle AS users_twitter_handle, users.following_count AS users_following_count, users.followers_count AS users_followers_count, users.post_count AS users_post_count, users.is_active AS users_is_active, users.is_verified AS users_is_verified, users.role AS users_role, users.created_at AS users_created_at, users.updated_at AS users_updated_at, users.last_login_at AS users_last_login_at 
FROM users 
WHERE users.id = %(id_1)s::UUID 
 LIMIT %(param_1)s
2026-03-05 22:34:09,762 INFO sqlalchemy.engine.Engine [generated in 0.00018s] {'id_1': '39bc41c3-4c14-4803-9916-1ac891e4a1d1', 'param_1': 1}
2026-03-05 22:34:09,765 INFO sqlalchemy.engine.Engine SELECT posts.id AS posts_id, posts.user_id AS posts_user_id, posts.content AS posts_content, posts.media_urls AS posts_media_urls, posts.tag AS posts_tag, posts.likes_count AS posts_likes_count, posts.comments_count AS posts_comments_count, posts.reposts_count AS posts_reposts_count, posts.is_public AS posts_is_public, posts.is_anonymous AS posts_is_anonymous, posts.created_at AS posts_created_at, posts.updated_at AS posts_updated_at 
FROM posts 
WHERE posts.is_public = true ORDER BY posts.created_at DESC 
 LIMIT %(param_1)s OFFSET %(param_2)s
2026-03-05 22:34:09,765 INFO sqlalchemy.engine.Engine [generated in 0.00015s] {'param_1': 100, 'param_2': 0}
2026-03-05 22:34:09,767 INFO sqlalchemy.engine.Engine SELECT post_likes.id AS post_likes_id, post_likes.post_id AS post_likes_post_id, post_likes.user_id AS post_likes_user_id, post_likes.created_at AS post_likes_created_at 
FROM post_likes 
WHERE %(param_1)s::UUID = post_likes.post_id
2026-03-05 22:34:09,768 INFO sqlalchemy.engine.Engine [generated in 0.00006s] {'param_1': UUID('8f9eb428-d564-48bf-b4d9-6b6b261541df')}
2026-03-05 22:34:09,769 INFO sqlalchemy.engine.Engine SELECT post_likes.id AS post_likes_id, post_likes.post_id AS post_likes_post_id, post_likes.user_id AS post_likes_user_id, post_likes.created_at AS post_likes_created_at 
FROM post_likes 
WHERE %(param_1)s::UUID = post_likes.post_id
2026-03-05 22:34:09,769 INFO sqlalchemy.engine.Engine [cached since 0.001677s ago] {'param_1': UUID('04471309-cb15-47f0-971d-76bb5af0f165')}
2026-03-05 22:34:09,770 INFO sqlalchemy.engine.Engine SELECT post_likes.id AS post_likes_id, post_likes.post_id AS post_likes_post_id, post_likes.user_id AS post_likes_user_id, post_likes.created_at AS post_likes_created_at 
FROM post_likes 
WHERE %(param_1)s::UUID = post_likes.post_id
2026-03-05 22:34:09,770 INFO sqlalchemy.engine.Engine [cached since 0.002328s ago] {'param_1': UUID('73f268f4-6baf-41c2-a7be-dc7129ae9aea')}
2026-03-05 22:34:09,770 INFO sqlalchemy.engine.Engine SELECT post_likes.id AS post_likes_id, post_likes.post_id AS post_likes_post_id, post_likes.user_id AS post_likes_user_id, post_likes.created_at AS post_likes_created_at 
FROM post_likes 
WHERE %(param_1)s::UUID = post_likes.post_id
2026-03-05 22:34:09,770 INFO sqlalchemy.engine.Engine [cached since 0.002804s ago] {'param_1': UUID('1cb9890a-3bf2-41f6-b61d-346569f9edc8')}
2026-03-05 22:34:09,771 INFO sqlalchemy.engine.Engine SELECT post_likes.id AS post_likes_id, post_likes.post_id AS post_likes_post_id, post_likes.user_id AS post_likes_user_id, post_likes.created_at AS post_likes_created_at 
FROM post_likes 
WHERE %(param_1)s::UUID = post_likes.post_id
2026-03-05 22:34:09,771 INFO sqlalchemy.engine.Engine [cached since 0.003358s ago] {'param_1': UUID('8ea4f56d-4ff6-467d-94b9-d0b4476c6fce')}
2026-03-05 22:34:09,771 INFO sqlalchemy.engine.Engine SELECT post_likes.id AS post_likes_id, post_likes.post_id AS post_likes_post_id, post_likes.user_id AS post_likes_user_id, post_likes.created_at AS post_likes_created_at 
FROM post_likes 
WHERE %(param_1)s::UUID = post_likes.post_id
2026-03-05 22:34:09,771 INFO sqlalchemy.engine.Engine [cached since 0.003856s ago] {'param_1': UUID('f2ff4b63-8444-4f12-a102-60938c3fa067')}
2026-03-05 22:34:09,772 INFO sqlalchemy.engine.Engine SELECT post_likes.id AS post_likes_id, post_likes.post_id AS post_likes_post_id, post_likes.user_id AS post_likes_user_id, post_likes.created_at AS post_likes_created_at 
FROM post_likes 
WHERE %(param_1)s::UUID = post_likes.post_id
2026-03-05 22:34:09,772 INFO sqlalchemy.engine.Engine [cached since 0.004299s ago] {'param_1': UUID('afcdbf47-93c9-499b-b287-fc9e8db0ee38')}
2026-03-05 22:34:09,772 INFO sqlalchemy.engine.Engine SELECT post_likes.id AS post_likes_id, post_likes.post_id AS post_likes_post_id, post_likes.user_id AS post_likes_user_id, post_likes.created_at AS post_likes_created_at 
FROM post_likes 
WHERE %(param_1)s::UUID = post_likes.post_id
2026-03-05 22:34:09,772 INFO sqlalchemy.engine.Engine [cached since 0.004667s ago] {'param_1': UUID('a14f4a96-55cc-49fc-9323-22fb9e27f218')}
2026-03-05 22:34:09,772 INFO sqlalchemy.engine.Engine SELECT post_likes.id AS post_likes_id, post_likes.post_id AS post_likes_post_id, post_likes.user_id AS post_likes_user_id, post_likes.created_at AS post_likes_created_at 
FROM post_likes 
WHERE %(param_1)s::UUID = post_likes.post_id
2026-03-05 22:34:09,772 INFO sqlalchemy.engine.Engine [cached since 0.00502s ago] {'param_1': UUID('58abbaa1-4680-4f63-92e3-bc3b0d0552d4')}
2026-03-05 22:34:09,773 INFO sqlalchemy.engine.Engine SELECT post_likes.id AS post_likes_id, post_likes.post_id AS post_likes_post_id, post_likes.user_id AS post_likes_user_id, post_likes.created_at AS post_likes_created_at 
FROM post_likes 
WHERE %(param_1)s::UUID = post_likes.post_id
2026-03-05 22:34:09,773 INFO sqlalchemy.engine.Engine [cached since 0.005376s ago] {'param_1': UUID('a54ea154-5211-452e-a551-d3aea68c1259')}
2026-03-05 22:34:09,773 INFO sqlalchemy.engine.Engine SELECT post_likes.id AS post_likes_id, post_likes.post_id AS post_likes_post_id, post_likes.user_id AS post_likes_user_id, post_likes.created_at AS post_likes_created_at 
FROM post_likes 
WHERE %(param_1)s::UUID = post_likes.post_id
2026-03-05 22:34:09,773 INFO sqlalchemy.engine.Engine [cached since 0.005759s ago] {'param_1': UUID('d7bdd0e6-56cc-4a82-a80b-a1db7c7b511f')}
2026-03-05 22:34:09,773 INFO sqlalchemy.engine.Engine SELECT post_likes.id AS post_likes_id, post_likes.post_id AS post_likes_post_id, post_likes.user_id AS post_likes_user_id, post_likes.created_at AS post_likes_created_at 
FROM post_likes 
WHERE %(param_1)s::UUID = post_likes.post_id
2026-03-05 22:34:09,774 INFO sqlalchemy.engine.Engine [cached since 0.006057s ago] {'param_1': UUID('c272fdcc-f35b-4337-8e6d-9383aaeec194')}
2026-03-05 22:34:09,774 INFO sqlalchemy.engine.Engine SELECT post_likes.id AS post_likes_id, post_likes.post_id AS post_likes_post_id, post_likes.user_id AS post_likes_user_id, post_likes.created_at AS post_likes_created_at 
FROM post_likes 
WHERE %(param_1)s::UUID = post_likes.post_id
2026-03-05 22:34:09,774 INFO sqlalchemy.engine.Engine [cached since 0.006438s ago] {'param_1': UUID('00a8f5ff-e5c9-40c4-9d3d-a83681fbf0e4')}
2026-03-05 22:34:09,774 INFO sqlalchemy.engine.Engine SELECT post_likes.id AS post_likes_id, post_likes.post_id AS post_likes_post_id, post_likes.user_id AS post_likes_user_id, post_likes.created_at AS post_likes_created_at 
FROM post_likes 
WHERE %(param_1)s::UUID = post_likes.post_id
2026-03-05 22:34:09,774 INFO sqlalchemy.engine.Engine [cached since 0.006778s ago] {'param_1': UUID('276e39a3-4ee1-4bbc-85f9-637e5cb9751b')}
2026-03-05 22:34:09,775 INFO sqlalchemy.engine.Engine SELECT post_likes.id AS post_likes_id, post_likes.post_id AS post_likes_post_id, post_likes.user_id AS post_likes_user_id, post_likes.created_at AS post_likes_created_at 
FROM post_likes 
WHERE %(param_1)s::UUID = post_likes.post_id
2026-03-05 22:34:09,775 INFO sqlalchemy.engine.Engine [cached since 0.007092s ago] {'param_1': UUID('bed4d1a3-18b0-4d38-bc7a-189819a649eb')}
2026-03-05 22:34:09,775 INFO sqlalchemy.engine.Engine SELECT post_likes.id AS post_likes_id, post_likes.post_id AS post_likes_post_id, post_likes.user_id AS post_likes_user_id, post_likes.created_at AS post_likes_created_at 
FROM post_likes 
WHERE %(param_1)s::UUID = post_likes.post_id
2026-03-05 22:34:09,775 INFO sqlalchemy.engine.Engine [cached since 0.007398s ago] {'param_1': UUID('2bcfef98-4ccf-4440-ab85-7484c368283f')}
2026-03-05 22:34:09,775 INFO sqlalchemy.engine.Engine SELECT post_likes.id AS post_likes_id, post_likes.post_id AS post_likes_post_id, post_likes.user_id AS post_likes_user_id, post_likes.created_at AS post_likes_created_at 
FROM post_likes 
WHERE %(param_1)s::UUID = post_likes.post_id
2026-03-05 22:34:09,775 INFO sqlalchemy.engine.Engine [cached since 0.00769s ago] {'param_1': UUID('55a44323-55eb-4df1-aef5-43798d3a0893')}
2026-03-05 22:34:09,775 INFO sqlalchemy.engine.Engine SELECT post_likes.id AS post_likes_id, post_likes.post_id AS post_likes_post_id, post_likes.user_id AS post_likes_user_id, post_likes.created_at AS post_likes_created_at 
FROM post_likes 
WHERE %(param_1)s::UUID = post_likes.post_id
2026-03-05 22:34:09,775 INFO sqlalchemy.engine.Engine [cached since 0.00798s ago] {'param_1': UUID('caa77e1b-50ba-4395-b180-744c84b21209')}
2026-03-05 22:34:09,776 INFO sqlalchemy.engine.Engine SELECT post_likes.id AS post_likes_id, post_likes.post_id AS post_likes_post_id, post_likes.user_id AS post_likes_user_id, post_likes.created_at AS post_likes_created_at 
FROM post_likes 
WHERE %(param_1)s::UUID = post_likes.post_id
2026-03-05 22:34:09,776 INFO sqlalchemy.engine.Engine [cached since 0.008294s ago] {'param_1': UUID('ed0bae39-84ae-4f2e-a55f-565b8e8507f0')}
2026-03-05 22:34:09,776 INFO sqlalchemy.engine.Engine SELECT post_likes.id AS post_likes_id, post_likes.post_id AS post_likes_post_id, post_likes.user_id AS post_likes_user_id, post_likes.created_at AS post_likes_created_at 
FROM post_likes 
WHERE %(param_1)s::UUID = post_likes.post_id
2026-03-05 22:34:09,776 INFO sqlalchemy.engine.Engine [cached since 0.008599s ago] {'param_1': UUID('36e96cd5-9ff3-48f8-9912-3e682e261dbe')}
2026-03-05 22:34:09,776 INFO sqlalchemy.engine.Engine SELECT post_likes.id AS post_likes_id, post_likes.post_id AS post_likes_post_id, post_likes.user_id AS post_likes_user_id, post_likes.created_at AS post_likes_created_at 
FROM post_likes 
WHERE %(param_1)s::UUID = post_likes.post_id
2026-03-05 22:34:09,776 INFO sqlalchemy.engine.Engine [cached since 0.008895s ago] {'param_1': UUID('4661eb8b-561f-4682-8a46-fbf2e17a38d4')}
2026-03-05 22:34:09,777 INFO sqlalchemy.engine.Engine SELECT post_likes.id AS post_likes_id, post_likes.post_id AS post_likes_post_id, post_likes.user_id AS post_likes_user_id, post_likes.created_at AS post_likes_created_at 
FROM post_likes 
WHERE %(param_1)s::UUID = post_likes.post_id
2026-03-05 22:34:09,777 INFO sqlalchemy.engine.Engine [cached since 0.009162s ago] {'param_1': UUID('65de6fb3-bf0e-436a-99c0-42463c3a837a')}
2026-03-05 22:34:09,777 INFO sqlalchemy.engine.Engine SELECT post_likes.id AS post_likes_id, post_likes.post_id AS post_likes_post_id, post_likes.user_id AS post_likes_user_id, post_likes.created_at AS post_likes_created_at 
FROM post_likes 
WHERE %(param_1)s::UUID = post_likes.post_id
2026-03-05 22:34:09,777 INFO sqlalchemy.engine.Engine [cached since 0.009426s ago] {'param_1': UUID('f556cfdd-3750-4509-af62-e5ff4eca61e4')}
2026-03-05 22:34:09,777 INFO sqlalchemy.engine.Engine SELECT post_likes.id AS post_likes_id, post_likes.post_id AS post_likes_post_id, post_likes.user_id AS post_likes_user_id, post_likes.created_at AS post_likes_created_at 
FROM post_likes 
WHERE %(param_1)s::UUID = post_likes.post_id
2026-03-05 22:34:09,777 INFO sqlalchemy.engine.Engine [cached since 0.009713s ago] {'param_1': UUID('f66e5b73-9b08-4342-9be3-bf1229aa3ce4')}
2026-03-05 22:34:09,777 INFO sqlalchemy.engine.Engine SELECT post_likes.id AS post_likes_id, post_likes.post_id AS post_likes_post_id, post_likes.user_id AS post_likes_user_id, post_likes.created_at AS post_likes_created_at 
FROM post_likes 
WHERE %(param_1)s::UUID = post_likes.post_id
2026-03-05 22:34:09,777 INFO sqlalchemy.engine.Engine [cached since 0.01001s ago] {'param_1': UUID('13cbdcf9-c8d7-43a6-8b7c-fd830ae38cf0')}
2026-03-05 22:34:09,778 INFO sqlalchemy.engine.Engine SELECT post_likes.id AS post_likes_id, post_likes.post_id AS post_likes_post_id, post_likes.user_id AS post_likes_user_id, post_likes.created_at AS post_likes_created_at 
FROM post_likes 
WHERE %(param_1)s::UUID = post_likes.post_id
2026-03-05 22:34:09,778 INFO sqlalchemy.engine.Engine [cached since 0.01033s ago] {'param_1': UUID('bbe9581a-7d83-4eed-a8b7-a9a9264cc6eb')}
2026-03-05 22:34:09,778 INFO sqlalchemy.engine.Engine SELECT post_likes.id AS post_likes_id, post_likes.post_id AS post_likes_post_id, post_likes.user_id AS post_likes_user_id, post_likes.created_at AS post_likes_created_at 
FROM post_likes 
WHERE %(param_1)s::UUID = post_likes.post_id
2026-03-05 22:34:09,778 INFO sqlalchemy.engine.Engine [cached since 0.01066s ago] {'param_1': UUID('dfb1c314-9d7e-4167-83b0-efb7eca6a666')}
2026-03-05 22:34:09,778 INFO sqlalchemy.engine.Engine SELECT post_likes.id AS post_likes_id, post_likes.post_id AS post_likes_post_id, post_likes.user_id AS post_likes_user_id, post_likes.created_at AS post_likes_created_at 
FROM post_likes 
WHERE %(param_1)s::UUID = post_likes.post_id
2026-03-05 22:34:09,779 INFO sqlalchemy.engine.Engine [cached since 0.01116s ago] {'param_1': UUID('215fd7e5-4819-4f08-978d-cc8cf24f54fd')}
2026-03-05 22:34:09,779 INFO sqlalchemy.engine.Engine SELECT post_likes.id AS post_likes_id, post_likes.post_id AS post_likes_post_id, post_likes.user_id AS post_likes_user_id, post_likes.created_at AS post_likes_created_at 
FROM post_likes 
WHERE %(param_1)s::UUID = post_likes.post_id
2026-03-05 22:34:09,779 INFO sqlalchemy.engine.Engine [cached since 0.01167s ago] {'param_1': UUID('4e55cb12-ec46-4704-aef8-691785eb6593')}
2026-03-05 22:34:09,780 INFO sqlalchemy.engine.Engine SELECT post_likes.id AS post_likes_id, post_likes.post_id AS post_likes_post_id, post_likes.user_id AS post_likes_user_id, post_likes.created_at AS post_likes_created_at 
FROM post_likes 
WHERE %(param_1)s::UUID = post_likes.post_id
2026-03-05 22:34:09,780 INFO sqlalchemy.engine.Engine [cached since 0.01227s ago] {'param_1': UUID('0bd41a46-1e84-4003-9ae5-fabef8352886')}
2026-03-05 22:34:09,780 INFO sqlalchemy.engine.Engine SELECT post_likes.id AS post_likes_id, post_likes.post_id AS post_likes_post_id, post_likes.user_id AS post_likes_user_id, post_likes.created_at AS post_likes_created_at 
FROM post_likes 
WHERE %(param_1)s::UUID = post_likes.post_id
2026-03-05 22:34:09,780 INFO sqlalchemy.engine.Engine [cached since 0.01268s ago] {'param_1': UUID('ba4439a3-b4e8-48a7-9959-5d2d7a18e01f')}
2026-03-05 22:34:09,802 INFO sqlalchemy.engine.Engine SELECT users.id AS users_id, users.email AS users_email, users.username AS users_username, users.name AS users_name, users.password_hash AS users_password_hash, users.graduation_year AS users_graduation_year, users.bio AS users_bio, users.location AS users_location, users."current_role" AS users_current_role, users.profile_image_url AS users_profile_image_url, users.phone AS users_phone, users.linkedin_url AS users_linkedin_url, users.github_url AS users_github_url, users.twitter_handle AS users_twitter_handle, users.following_count AS users_following_count, users.followers_count AS users_followers_count, users.post_count AS users_post_count, users.is_active AS users_is_active, users.is_verified AS users_is_verified, users.role AS users_role, users.created_at AS users_created_at, users.updated_at AS users_updated_at, users.last_login_at AS users_last_login_at 
FROM users 
WHERE users.id = %(pk_1)s::UUID
2026-03-05 22:34:09,803 INFO sqlalchemy.engine.Engine [generated in 0.00015s] {'pk_1': UUID('de320988-89c2-422e-b678-50641b34c157')}
2026-03-05 22:34:09,804 INFO sqlalchemy.engine.Engine SELECT users.id AS users_id, users.email AS users_email, users.username AS users_username, users.name AS users_name, users.password_hash AS users_password_hash, users.graduation_year AS users_graduation_year, users.bio AS users_bio, users.location AS users_location, users."current_role" AS users_current_role, users.profile_image_url AS users_profile_image_url, users.phone AS users_phone, users.linkedin_url AS users_linkedin_url, users.github_url AS users_github_url, users.twitter_handle AS users_twitter_handle, users.following_count AS users_following_count, users.followers_count AS users_followers_count, users.post_count AS users_post_count, users.is_active AS users_is_active, users.is_verified AS users_is_verified, users.role AS users_role, users.created_at AS users_created_at, users.updated_at AS users_updated_at, users.last_login_at AS users_last_login_at 
FROM users 
WHERE users.id = %(pk_1)s::UUID
2026-03-05 22:34:09,804 INFO sqlalchemy.engine.Engine [cached since 0.001269s ago] {'pk_1': UUID('b6254dbe-aae1-49be-8ff3-c89050e36bdd')}
2026-03-05 22:34:09,805 INFO sqlalchemy.engine.Engine SELECT users.id AS users_id, users.email AS users_email, users.username AS users_username, users.name AS users_name, users.password_hash AS users_password_hash, users.graduation_year AS users_graduation_year, users.bio AS users_bio, users.location AS users_location, users."current_role" AS users_current_role, users.profile_image_url AS users_profile_image_url, users.phone AS users_phone, users.linkedin_url AS users_linkedin_url, users.github_url AS users_github_url, users.twitter_handle AS users_twitter_handle, users.following_count AS users_following_count, users.followers_count AS users_followers_count, users.post_count AS users_post_count, users.is_active AS users_is_active, users.is_verified AS users_is_verified, users.role AS users_role, users.created_at AS users_created_at, users.updated_at AS users_updated_at, users.last_login_at AS users_last_login_at 
FROM users 
WHERE users.id = %(pk_1)s::UUID
2026-03-05 22:34:09,805 INFO sqlalchemy.engine.Engine [cached since 0.002194s ago] {'pk_1': UUID('67c3d747-c055-43c6-b140-b531a06f8216')}
2026-03-05 22:34:09,805 INFO sqlalchemy.engine.Engine SELECT users.id AS users_id, users.email AS users_email, users.username AS users_username, users.name AS users_name, users.password_hash AS users_password_hash, users.graduation_year AS users_graduation_year, users.bio AS users_bio, users.location AS users_location, users."current_role" AS users_current_role, users.profile_image_url AS users_profile_image_url, users.phone AS users_phone, users.linkedin_url AS users_linkedin_url, users.github_url AS users_github_url, users.twitter_handle AS users_twitter_handle, users.following_count AS users_following_count, users.followers_count AS users_followers_count, users.post_count AS users_post_count, users.is_active AS users_is_active, users.is_verified AS users_is_verified, users.role AS users_role, users.created_at AS users_created_at, users.updated_at AS users_updated_at, users.last_login_at AS users_last_login_at 
FROM users 
WHERE users.id = %(pk_1)s::UUID
2026-03-05 22:34:09,805 INFO sqlalchemy.engine.Engine [cached since 0.002783s ago] {'pk_1': UUID('3f3ee1f3-c4ca-4f0b-87ab-8234cf974028')}
2026-03-05 22:34:09,806 INFO sqlalchemy.engine.Engine SELECT users.id AS users_id, users.email AS users_email, users.username AS users_username, users.name AS users_name, users.password_hash AS users_password_hash, users.graduation_year AS users_graduation_year, users.bio AS users_bio, users.location AS users_location, users."current_role" AS users_current_role, users.profile_image_url AS users_profile_image_url, users.phone AS users_phone, users.linkedin_url AS users_linkedin_url, users.github_url AS users_github_url, users.twitter_handle AS users_twitter_handle, users.following_count AS users_following_count, users.followers_count AS users_followers_count, users.post_count AS users_post_count, users.is_active AS users_is_active, users.is_verified AS users_is_verified, users.role AS users_role, users.created_at AS users_created_at, users.updated_at AS users_updated_at, users.last_login_at AS users_last_login_at 
FROM users 
WHERE users.id = %(pk_1)s::UUID
2026-03-05 22:34:09,806 INFO sqlalchemy.engine.Engine [cached since 0.003268s ago] {'pk_1': UUID('7c392ee0-f071-4277-a074-7c8ed282a2b7')}
2026-03-05 22:34:09,806 INFO sqlalchemy.engine.Engine SELECT users.id AS users_id, users.email AS users_email, users.username AS users_username, users.name AS users_name, users.password_hash AS users_password_hash, users.graduation_year AS users_graduation_year, users.bio AS users_bio, users.location AS users_location, users."current_role" AS users_current_role, users.profile_image_url AS users_profile_image_url, users.phone AS users_phone, users.linkedin_url AS users_linkedin_url, users.github_url AS users_github_url, users.twitter_handle AS users_twitter_handle, users.following_count AS users_following_count, users.followers_count AS users_followers_count, users.post_count AS users_post_count, users.is_active AS users_is_active, users.is_verified AS users_is_verified, users.role AS users_role, users.created_at AS users_created_at, users.updated_at AS users_updated_at, users.last_login_at AS users_last_login_at 
FROM users 
WHERE users.id = %(pk_1)s::UUID
2026-03-05 22:34:09,806 INFO sqlalchemy.engine.Engine [cached since 0.003726s ago] {'pk_1': UUID('4c68130b-ef88-4056-abca-743c903a2ee9')}
2026-03-05 22:34:09,807 INFO sqlalchemy.engine.Engine SELECT users.id AS users_id, users.email AS users_email, users.username AS users_username, users.name AS users_name, users.password_hash AS users_password_hash, users.graduation_year AS users_graduation_year, users.bio AS users_bio, users.location AS users_location, users."current_role" AS users_current_role, users.profile_image_url AS users_profile_image_url, users.phone AS users_phone, users.linkedin_url AS users_linkedin_url, users.github_url AS users_github_url, users.twitter_handle AS users_twitter_handle, users.following_count AS users_following_count, users.followers_count AS users_followers_count, users.post_count AS users_post_count, users.is_active AS users_is_active, users.is_verified AS users_is_verified, users.role AS users_role, users.created_at AS users_created_at, users.updated_at AS users_updated_at, users.last_login_at AS users_last_login_at 
FROM users 
WHERE users.id = %(pk_1)s::UUID
2026-03-05 22:34:09,807 INFO sqlalchemy.engine.Engine [cached since 0.00437s ago] {'pk_1': UUID('06622cd2-be07-4627-9a40-40a808ea6675')}
2026-03-05 22:34:09,807 INFO sqlalchemy.engine.Engine SELECT users.id AS users_id, users.email AS users_email, users.username AS users_username, users.name AS users_name, users.password_hash AS users_password_hash, users.graduation_year AS users_graduation_year, users.bio AS users_bio, users.location AS users_location, users."current_role" AS users_current_role, users.profile_image_url AS users_profile_image_url, users.phone AS users_phone, users.linkedin_url AS users_linkedin_url, users.github_url AS users_github_url, users.twitter_handle AS users_twitter_handle, users.following_count AS users_following_count, users.followers_count AS users_followers_count, users.post_count AS users_post_count, users.is_active AS users_is_active, users.is_verified AS users_is_verified, users.role AS users_role, users.created_at AS users_created_at, users.updated_at AS users_updated_at, users.last_login_at AS users_last_login_at 
FROM users 
WHERE users.id = %(pk_1)s::UUID
2026-03-05 22:34:09,807 INFO sqlalchemy.engine.Engine [cached since 0.004834s ago] {'pk_1': UUID('9b5e1b44-fc62-463b-aa97-b27295eab70d')}
INFO:     127.0.0.1:56736 - "GET /api/posts/?skip=0&limit=100 HTTP/1.1" 200 OK
2026-03-05 22:34:09,808 INFO sqlalchemy.engine.Engine ROLLBACK
2026-03-05 22:34:09,810 INFO sqlalchemy.engine.Engine BEGIN (implicit)
2026-03-05 22:34:09,810 INFO sqlalchemy.engine.Engine SELECT users.id AS users_id, users.email AS users_email, users.username AS users_username, users.name AS users_name, users.password_hash AS users_password_hash, users.graduation_year AS users_graduation_year, users.bio AS users_bio, users.location AS users_location, users."current_role" AS users_current_role, users.profile_image_url AS users_profile_image_url, users.phone AS users_phone, users.linkedin_url AS users_linkedin_url, users.github_url AS users_github_url, users.twitter_handle AS users_twitter_handle, users.following_count AS users_following_count, users.followers_count AS users_followers_count, users.post_count AS users_post_count, users.is_active AS users_is_active, users.is_verified AS users_is_verified, users.role AS users_role, users.created_at AS users_created_at, users.updated_at AS users_updated_at, users.last_login_at AS users_last_login_at 
FROM users 
WHERE users.id = %(id_1)s::UUID 
 LIMIT %(param_1)s
2026-03-05 22:34:09,810 INFO sqlalchemy.engine.Engine [cached since 0.04803s ago] {'id_1': '39bc41c3-4c14-4803-9916-1ac891e4a1d1', 'param_1': 1}
2026-03-05 22:34:09,811 INFO sqlalchemy.engine.Engine SELECT posts.id AS posts_id, posts.user_id AS posts_user_id, posts.content AS posts_content, posts.media_urls AS posts_media_urls, posts.tag AS posts_tag, posts.likes_count AS posts_likes_count, posts.comments_count AS posts_comments_count, posts.reposts_count AS posts_reposts_count, posts.is_public AS posts_is_public, posts.is_anonymous AS posts_is_anonymous, posts.created_at AS posts_created_at, posts.updated_at AS posts_updated_at 
FROM posts 
WHERE posts.is_public = true ORDER BY posts.created_at DESC 
 LIMIT %(param_1)s OFFSET %(param_2)s
2026-03-05 22:34:09,811 INFO sqlalchemy.engine.Engine [cached since 0.04546s ago] {'param_1': 100, 'param_2': 0}
2026-03-05 22:34:09,811 INFO sqlalchemy.engine.Engine SELECT post_likes.id AS post_likes_id, post_likes.post_id AS post_likes_post_id, post_likes.user_id AS post_likes_user_id, post_likes.created_at AS post_likes_created_at 
FROM post_likes 
WHERE %(param_1)s::UUID = post_likes.post_id
2026-03-05 22:34:09,811 INFO sqlalchemy.engine.Engine [cached since 0.0439s ago] {'param_1': UUID('8f9eb428-d564-48bf-b4d9-6b6b261541df')}
2026-03-05 22:34:09,812 INFO sqlalchemy.engine.Engine SELECT post_likes.id AS post_likes_id, post_likes.post_id AS post_likes_post_id, post_likes.user_id AS post_likes_user_id, post_likes.created_at AS post_likes_created_at 
FROM post_likes 
WHERE %(param_1)s::UUID = post_likes.post_id
2026-03-05 22:34:09,812 INFO sqlalchemy.engine.Engine [cached since 0.04443s ago] {'param_1': UUID('04471309-cb15-47f0-971d-76bb5af0f165')}
2026-03-05 22:34:09,812 INFO sqlalchemy.engine.Engine SELECT post_likes.id AS post_likes_id, post_likes.post_id AS post_likes_post_id, post_likes.user_id AS post_likes_user_id, post_likes.created_at AS post_likes_created_at 
FROM post_likes 
WHERE %(param_1)s::UUID = post_likes.post_id
2026-03-05 22:34:09,812 INFO sqlalchemy.engine.Engine [cached since 0.04491s ago] {'param_1': UUID('73f268f4-6baf-41c2-a7be-dc7129ae9aea')}
2026-03-05 22:34:09,813 INFO sqlalchemy.engine.Engine SELECT post_likes.id AS post_likes_id, post_likes.post_id AS post_likes_post_id, post_likes.user_id AS post_likes_user_id, post_likes.created_at AS post_likes_created_at 
FROM post_likes 
WHERE %(param_1)s::UUID = post_likes.post_id
2026-03-05 22:34:09,813 INFO sqlalchemy.engine.Engine [cached since 0.04538s ago] {'param_1': UUID('1cb9890a-3bf2-41f6-b61d-346569f9edc8')}
2026-03-05 22:34:09,813 INFO sqlalchemy.engine.Engine SELECT post_likes.id AS post_likes_id, post_likes.post_id AS post_likes_post_id, post_likes.user_id AS post_likes_user_id, post_likes.created_at AS post_likes_created_at 
FROM post_likes 
WHERE %(param_1)s::UUID = post_likes.post_id
2026-03-05 22:34:09,813 INFO sqlalchemy.engine.Engine [cached since 0.04574s ago] {'param_1': UUID('8ea4f56d-4ff6-467d-94b9-d0b4476c6fce')}
2026-03-05 22:34:09,813 INFO sqlalchemy.engine.Engine SELECT post_likes.id AS post_likes_id, post_likes.post_id AS post_likes_post_id, post_likes.user_id AS post_likes_user_id, post_likes.created_at AS post_likes_created_at 
FROM post_likes 
WHERE %(param_1)s::UUID = post_likes.post_id
2026-03-05 22:34:09,813 INFO sqlalchemy.engine.Engine [cached since 0.04603s ago] {'param_1': UUID('f2ff4b63-8444-4f12-a102-60938c3fa067')}
2026-03-05 22:34:09,814 INFO sqlalchemy.engine.Engine SELECT post_likes.id AS post_likes_id, post_likes.post_id AS post_likes_post_id, post_likes.user_id AS post_likes_user_id, post_likes.created_at AS post_likes_created_at 
FROM post_likes 
WHERE %(param_1)s::UUID = post_likes.post_id
2026-03-05 22:34:09,814 INFO sqlalchemy.engine.Engine [cached since 0.04634s ago] {'param_1': UUID('afcdbf47-93c9-499b-b287-fc9e8db0ee38')}
2026-03-05 22:34:09,814 INFO sqlalchemy.engine.Engine SELECT post_likes.id AS post_likes_id, post_likes.post_id AS post_likes_post_id, post_likes.user_id AS post_likes_user_id, post_likes.created_at AS post_likes_created_at 
FROM post_likes 
WHERE %(param_1)s::UUID = post_likes.post_id
2026-03-05 22:34:09,814 INFO sqlalchemy.engine.Engine [cached since 0.04667s ago] {'param_1': UUID('a14f4a96-55cc-49fc-9323-22fb9e27f218')}
2026-03-05 22:34:09,814 INFO sqlalchemy.engine.Engine SELECT post_likes.id AS post_likes_id, post_likes.post_id AS post_likes_post_id, post_likes.user_id AS post_likes_user_id, post_likes.created_at AS post_likes_created_at 
FROM post_likes 
WHERE %(param_1)s::UUID = post_likes.post_id
2026-03-05 22:34:09,814 INFO sqlalchemy.engine.Engine [cached since 0.04698s ago] {'param_1': UUID('58abbaa1-4680-4f63-92e3-bc3b0d0552d4')}
2026-03-05 22:34:09,815 INFO sqlalchemy.engine.Engine SELECT post_likes.id AS post_likes_id, post_likes.post_id AS post_likes_post_id, post_likes.user_id AS post_likes_user_id, post_likes.created_at AS post_likes_created_at 
FROM post_likes 
WHERE %(param_1)s::UUID = post_likes.post_id
2026-03-05 22:34:09,815 INFO sqlalchemy.engine.Engine [cached since 0.04727s ago] {'param_1': UUID('a54ea154-5211-452e-a551-d3aea68c1259')}
2026-03-05 22:34:09,815 INFO sqlalchemy.engine.Engine SELECT post_likes.id AS post_likes_id, post_likes.post_id AS post_likes_post_id, post_likes.user_id AS post_likes_user_id, post_likes.created_at AS post_likes_created_at 
FROM post_likes 
WHERE %(param_1)s::UUID = post_likes.post_id
2026-03-05 22:34:09,815 INFO sqlalchemy.engine.Engine [cached since 0.0476s ago] {'param_1': UUID('d7bdd0e6-56cc-4a82-a80b-a1db7c7b511f')}
2026-03-05 22:34:09,815 INFO sqlalchemy.engine.Engine SELECT post_likes.id AS post_likes_id, post_likes.post_id AS post_likes_post_id, post_likes.user_id AS post_likes_user_id, post_likes.created_at AS post_likes_created_at 
FROM post_likes 
WHERE %(param_1)s::UUID = post_likes.post_id
2026-03-05 22:34:09,815 INFO sqlalchemy.engine.Engine [cached since 0.0479s ago] {'param_1': UUID('c272fdcc-f35b-4337-8e6d-9383aaeec194')}
2026-03-05 22:34:09,816 INFO sqlalchemy.engine.Engine SELECT post_likes.id AS post_likes_id, post_likes.post_id AS post_likes_post_id, post_likes.user_id AS post_likes_user_id, post_likes.created_at AS post_likes_created_at 
FROM post_likes 
WHERE %(param_1)s::UUID = post_likes.post_id
2026-03-05 22:34:09,816 INFO sqlalchemy.engine.Engine [cached since 0.04822s ago] {'param_1': UUID('00a8f5ff-e5c9-40c4-9d3d-a83681fbf0e4')}
2026-03-05 22:34:09,816 INFO sqlalchemy.engine.Engine SELECT post_likes.id AS post_likes_id, post_likes.post_id AS post_likes_post_id, post_likes.user_id AS post_likes_user_id, post_likes.created_at AS post_likes_created_at 
FROM post_likes 
WHERE %(param_1)s::UUID = post_likes.post_id
2026-03-05 22:34:09,816 INFO sqlalchemy.engine.Engine [cached since 0.04852s ago] {'param_1': UUID('276e39a3-4ee1-4bbc-85f9-637e5cb9751b')}
2026-03-05 22:34:09,816 INFO sqlalchemy.engine.Engine SELECT post_likes.id AS post_likes_id, post_likes.post_id AS post_likes_post_id, post_likes.user_id AS post_likes_user_id, post_likes.created_at AS post_likes_created_at 
FROM post_likes 
WHERE %(param_1)s::UUID = post_likes.post_id
2026-03-05 22:34:09,816 INFO sqlalchemy.engine.Engine [cached since 0.04882s ago] {'param_1': UUID('bed4d1a3-18b0-4d38-bc7a-189819a649eb')}
2026-03-05 22:34:09,816 INFO sqlalchemy.engine.Engine SELECT post_likes.id AS post_likes_id, post_likes.post_id AS post_likes_post_id, post_likes.user_id AS post_likes_user_id, post_likes.created_at AS post_likes_created_at 
FROM post_likes 
WHERE %(param_1)s::UUID = post_likes.post_id
2026-03-05 22:34:09,816 INFO sqlalchemy.engine.Engine [cached since 0.04903s ago] {'param_1': UUID('2bcfef98-4ccf-4440-ab85-7484c368283f')}
2026-03-05 22:34:09,817 INFO sqlalchemy.engine.Engine SELECT post_likes.id AS post_likes_id, post_likes.post_id AS post_likes_post_id, post_likes.user_id AS post_likes_user_id, post_likes.created_at AS post_likes_created_at 
FROM post_likes 
WHERE %(param_1)s::UUID = post_likes.post_id
2026-03-05 22:34:09,817 INFO sqlalchemy.engine.Engine [cached since 0.04924s ago] {'param_1': UUID('55a44323-55eb-4df1-aef5-43798d3a0893')}
2026-03-05 22:34:09,817 INFO sqlalchemy.engine.Engine SELECT post_likes.id AS post_likes_id, post_likes.post_id AS post_likes_post_id, post_likes.user_id AS post_likes_user_id, post_likes.created_at AS post_likes_created_at 
FROM post_likes 
WHERE %(param_1)s::UUID = post_likes.post_id
2026-03-05 22:34:09,817 INFO sqlalchemy.engine.Engine [cached since 0.04953s ago] {'param_1': UUID('caa77e1b-50ba-4395-b180-744c84b21209')}
2026-03-05 22:34:09,817 INFO sqlalchemy.engine.Engine SELECT post_likes.id AS post_likes_id, post_likes.post_id AS post_likes_post_id, post_likes.user_id AS post_likes_user_id, post_likes.created_at AS post_likes_created_at 
FROM post_likes 
WHERE %(param_1)s::UUID = post_likes.post_id
2026-03-05 22:34:09,817 INFO sqlalchemy.engine.Engine [cached since 0.04974s ago] {'param_1': UUID('ed0bae39-84ae-4f2e-a55f-565b8e8507f0')}
2026-03-05 22:34:09,817 INFO sqlalchemy.engine.Engine SELECT post_likes.id AS post_likes_id, post_likes.post_id AS post_likes_post_id, post_likes.user_id AS post_likes_user_id, post_likes.created_at AS post_likes_created_at 
FROM post_likes 
WHERE %(param_1)s::UUID = post_likes.post_id
2026-03-05 22:34:09,817 INFO sqlalchemy.engine.Engine [cached since 0.04995s ago] {'param_1': UUID('36e96cd5-9ff3-48f8-9912-3e682e261dbe')}
2026-03-05 22:34:09,818 INFO sqlalchemy.engine.Engine SELECT post_likes.id AS post_likes_id, post_likes.post_id AS post_likes_post_id, post_likes.user_id AS post_likes_user_id, post_likes.created_at AS post_likes_created_at 
FROM post_likes 
WHERE %(param_1)s::UUID = post_likes.post_id
2026-03-05 22:34:09,818 INFO sqlalchemy.engine.Engine [cached since 0.05016s ago] {'param_1': UUID('4661eb8b-561f-4682-8a46-fbf2e17a38d4')}
2026-03-05 22:34:09,818 INFO sqlalchemy.engine.Engine SELECT post_likes.id AS post_likes_id, post_likes.post_id AS post_likes_post_id, post_likes.user_id AS post_likes_user_id, post_likes.created_at AS post_likes_created_at 
FROM post_likes 
WHERE %(param_1)s::UUID = post_likes.post_id
2026-03-05 22:34:09,818 INFO sqlalchemy.engine.Engine [cached since 0.05037s ago] {'param_1': UUID('65de6fb3-bf0e-436a-99c0-42463c3a837a')}
2026-03-05 22:34:09,818 INFO sqlalchemy.engine.Engine SELECT post_likes.id AS post_likes_id, post_likes.post_id AS post_likes_post_id, post_likes.user_id AS post_likes_user_id, post_likes.created_at AS post_likes_created_at 
FROM post_likes 
WHERE %(param_1)s::UUID = post_likes.post_id
2026-03-05 22:34:09,818 INFO sqlalchemy.engine.Engine [cached since 0.05057s ago] {'param_1': UUID('f556cfdd-3750-4509-af62-e5ff4eca61e4')}
2026-03-05 22:34:09,818 INFO sqlalchemy.engine.Engine SELECT post_likes.id AS post_likes_id, post_likes.post_id AS post_likes_post_id, post_likes.user_id AS post_likes_user_id, post_likes.created_at AS post_likes_created_at 
FROM post_likes 
WHERE %(param_1)s::UUID = post_likes.post_id
2026-03-05 22:34:09,818 INFO sqlalchemy.engine.Engine [cached since 0.05078s ago] {'param_1': UUID('f66e5b73-9b08-4342-9be3-bf1229aa3ce4')}
2026-03-05 22:34:09,818 INFO sqlalchemy.engine.Engine SELECT post_likes.id AS post_likes_id, post_likes.post_id AS post_likes_post_id, post_likes.user_id AS post_likes_user_id, post_likes.created_at AS post_likes_created_at 
FROM post_likes 
WHERE %(param_1)s::UUID = post_likes.post_id
2026-03-05 22:34:09,819 INFO sqlalchemy.engine.Engine [cached since 0.05105s ago] {'param_1': UUID('13cbdcf9-c8d7-43a6-8b7c-fd830ae38cf0')}
2026-03-05 22:34:09,819 INFO sqlalchemy.engine.Engine SELECT post_likes.id AS post_likes_id, post_likes.post_id AS post_likes_post_id, post_likes.user_id AS post_likes_user_id, post_likes.created_at AS post_likes_created_at 
FROM post_likes 
WHERE %(param_1)s::UUID = post_likes.post_id
2026-03-05 22:34:09,819 INFO sqlalchemy.engine.Engine [cached since 0.05137s ago] {'param_1': UUID('bbe9581a-7d83-4eed-a8b7-a9a9264cc6eb')}
2026-03-05 22:34:09,819 INFO sqlalchemy.engine.Engine SELECT post_likes.id AS post_likes_id, post_likes.post_id AS post_likes_post_id, post_likes.user_id AS post_likes_user_id, post_likes.created_at AS post_likes_created_at 
FROM post_likes 
WHERE %(param_1)s::UUID = post_likes.post_id
2026-03-05 22:34:09,819 INFO sqlalchemy.engine.Engine [cached since 0.05165s ago] {'param_1': UUID('dfb1c314-9d7e-4167-83b0-efb7eca6a666')}
2026-03-05 22:34:09,819 INFO sqlalchemy.engine.Engine SELECT post_likes.id AS post_likes_id, post_likes.post_id AS post_likes_post_id, post_likes.user_id AS post_likes_user_id, post_likes.created_at AS post_likes_created_at 
FROM post_likes 
WHERE %(param_1)s::UUID = post_likes.post_id
2026-03-05 22:34:09,819 INFO sqlalchemy.engine.Engine [cached since 0.05196s ago] {'param_1': UUID('215fd7e5-4819-4f08-978d-cc8cf24f54fd')}
2026-03-05 22:34:09,820 INFO sqlalchemy.engine.Engine SELECT post_likes.id AS post_likes_id, post_likes.post_id AS post_likes_post_id, post_likes.user_id AS post_likes_user_id, post_likes.created_at AS post_likes_created_at 
FROM post_likes 
WHERE %(param_1)s::UUID = post_likes.post_id
2026-03-05 22:34:09,820 INFO sqlalchemy.engine.Engine [cached since 0.05224s ago] {'param_1': UUID('4e55cb12-ec46-4704-aef8-691785eb6593')}
2026-03-05 22:34:09,820 INFO sqlalchemy.engine.Engine SELECT post_likes.id AS post_likes_id, post_likes.post_id AS post_likes_post_id, post_likes.user_id AS post_likes_user_id, post_likes.created_at AS post_likes_created_at 
FROM post_likes 
WHERE %(param_1)s::UUID = post_likes.post_id
2026-03-05 22:34:09,820 INFO sqlalchemy.engine.Engine [cached since 0.05268s ago] {'param_1': UUID('0bd41a46-1e84-4003-9ae5-fabef8352886')}
2026-03-05 22:34:09,821 INFO sqlalchemy.engine.Engine SELECT post_likes.id AS post_likes_id, post_likes.post_id AS post_likes_post_id, post_likes.user_id AS post_likes_user_id, post_likes.created_at AS post_likes_created_at 
FROM post_likes 
WHERE %(param_1)s::UUID = post_likes.post_id
2026-03-05 22:34:09,821 INFO sqlalchemy.engine.Engine [cached since 0.05313s ago] {'param_1': UUID('ba4439a3-b4e8-48a7-9959-5d2d7a18e01f')}
2026-03-05 22:34:09,821 INFO sqlalchemy.engine.Engine SELECT users.id AS users_id, users.email AS users_email, users.username AS users_username, users.name AS users_name, users.password_hash AS users_password_hash, users.graduation_year AS users_graduation_year, users.bio AS users_bio, users.location AS users_location, users."current_role" AS users_current_role, users.profile_image_url AS users_profile_image_url, users.phone AS users_phone, users.linkedin_url AS users_linkedin_url, users.github_url AS users_github_url, users.twitter_handle AS users_twitter_handle, users.following_count AS users_following_count, users.followers_count AS users_followers_count, users.post_count AS users_post_count, users.is_active AS users_is_active, users.is_verified AS users_is_verified, users.role AS users_role, users.created_at AS users_created_at, users.updated_at AS users_updated_at, users.last_login_at AS users_last_login_at 
FROM users 
WHERE users.id = %(pk_1)s::UUID
2026-03-05 22:34:09,821 INFO sqlalchemy.engine.Engine [cached since 0.01872s ago] {'pk_1': UUID('de320988-89c2-422e-b678-50641b34c157')}
2026-03-05 22:34:09,822 INFO sqlalchemy.engine.Engine SELECT users.id AS users_id, users.email AS users_email, users.username AS users_username, users.name AS users_name, users.password_hash AS users_password_hash, users.graduation_year AS users_graduation_year, users.bio AS users_bio, users.location AS users_location, users."current_role" AS users_current_role, users.profile_image_url AS users_profile_image_url, users.phone AS users_phone, users.linkedin_url AS users_linkedin_url, users.github_url AS users_github_url, users.twitter_handle AS users_twitter_handle, users.following_count AS users_following_count, users.followers_count AS users_followers_count, users.post_count AS users_post_count, users.is_active AS users_is_active, users.is_verified AS users_is_verified, users.role AS users_role, users.created_at AS users_created_at, users.updated_at AS users_updated_at, users.last_login_at AS users_last_login_at 
FROM users 
WHERE users.id = %(pk_1)s::UUID
2026-03-05 22:34:09,822 INFO sqlalchemy.engine.Engine [cached since 0.01925s ago] {'pk_1': UUID('b6254dbe-aae1-49be-8ff3-c89050e36bdd')}
2026-03-05 22:34:09,822 INFO sqlalchemy.engine.Engine SELECT users.id AS users_id, users.email AS users_email, users.username AS users_username, users.name AS users_name, users.password_hash AS users_password_hash, users.graduation_year AS users_graduation_year, users.bio AS users_bio, users.location AS users_location, users."current_role" AS users_current_role, users.profile_image_url AS users_profile_image_url, users.phone AS users_phone, users.linkedin_url AS users_linkedin_url, users.github_url AS users_github_url, users.twitter_handle AS users_twitter_handle, users.following_count AS users_following_count, users.followers_count AS users_followers_count, users.post_count AS users_post_count, users.is_active AS users_is_active, users.is_verified AS users_is_verified, users.role AS users_role, users.created_at AS users_created_at, users.updated_at AS users_updated_at, users.last_login_at AS users_last_login_at 
FROM users 
WHERE users.id = %(pk_1)s::UUID
2026-03-05 22:34:09,822 INFO sqlalchemy.engine.Engine [cached since 0.01975s ago] {'pk_1': UUID('67c3d747-c055-43c6-b140-b531a06f8216')}
2026-03-05 22:34:09,823 INFO sqlalchemy.engine.Engine SELECT users.id AS users_id, users.email AS users_email, users.username AS users_username, users.name AS users_name, users.password_hash AS users_password_hash, users.graduation_year AS users_graduation_year, users.bio AS users_bio, users.location AS users_location, users."current_role" AS users_current_role, users.profile_image_url AS users_profile_image_url, users.phone AS users_phone, users.linkedin_url AS users_linkedin_url, users.github_url AS users_github_url, users.twitter_handle AS users_twitter_handle, users.following_count AS users_following_count, users.followers_count AS users_followers_count, users.post_count AS users_post_count, users.is_active AS users_is_active, users.is_verified AS users_is_verified, users.role AS users_role, users.created_at AS users_created_at, users.updated_at AS users_updated_at, users.last_login_at AS users_last_login_at 
FROM users 
WHERE users.id = %(pk_1)s::UUID
2026-03-05 22:34:09,823 INFO sqlalchemy.engine.Engine [cached since 0.02016s ago] {'pk_1': UUID('3f3ee1f3-c4ca-4f0b-87ab-8234cf974028')}
2026-03-05 22:34:09,823 INFO sqlalchemy.engine.Engine SELECT users.id AS users_id, users.email AS users_email, users.username AS users_username, users.name AS users_name, users.password_hash AS users_password_hash, users.graduation_year AS users_graduation_year, users.bio AS users_bio, users.location AS users_location, users."current_role" AS users_current_role, users.profile_image_url AS users_profile_image_url, users.phone AS users_phone, users.linkedin_url AS users_linkedin_url, users.github_url AS users_github_url, users.twitter_handle AS users_twitter_handle, users.following_count AS users_following_count, users.followers_count AS users_followers_count, users.post_count AS users_post_count, users.is_active AS users_is_active, users.is_verified AS users_is_verified, users.role AS users_role, users.created_at AS users_created_at, users.updated_at AS users_updated_at, users.last_login_at AS users_last_login_at 
FROM users 
WHERE users.id = %(pk_1)s::UUID
2026-03-05 22:34:09,823 INFO sqlalchemy.engine.Engine [cached since 0.02055s ago] {'pk_1': UUID('7c392ee0-f071-4277-a074-7c8ed282a2b7')}
2026-03-05 22:34:09,823 INFO sqlalchemy.engine.Engine SELECT users.id AS users_id, users.email AS users_email, users.username AS users_username, users.name AS users_name, users.password_hash AS users_password_hash, users.graduation_year AS users_graduation_year, users.bio AS users_bio, users.location AS users_location, users."current_role" AS users_current_role, users.profile_image_url AS users_profile_image_url, users.phone AS users_phone, users.linkedin_url AS users_linkedin_url, users.github_url AS users_github_url, users.twitter_handle AS users_twitter_handle, users.following_count AS users_following_count, users.followers_count AS users_followers_count, users.post_count AS users_post_count, users.is_active AS users_is_active, users.is_verified AS users_is_verified, users.role AS users_role, users.created_at AS users_created_at, users.updated_at AS users_updated_at, users.last_login_at AS users_last_login_at 
FROM users 
WHERE users.id = %(pk_1)s::UUID
2026-03-05 22:34:09,823 INFO sqlalchemy.engine.Engine [cached since 0.02096s ago] {'pk_1': UUID('4c68130b-ef88-4056-abca-743c903a2ee9')}
2026-03-05 22:34:09,824 INFO sqlalchemy.engine.Engine SELECT users.id AS users_id, users.email AS users_email, users.username AS users_username, users.name AS users_name, users.password_hash AS users_password_hash, users.graduation_year AS users_graduation_year, users.bio AS users_bio, users.location AS users_location, users."current_role" AS users_current_role, users.profile_image_url AS users_profile_image_url, users.phone AS users_phone, users.linkedin_url AS users_linkedin_url, users.github_url AS users_github_url, users.twitter_handle AS users_twitter_handle, users.following_count AS users_following_count, users.followers_count AS users_followers_count, users.post_count AS users_post_count, users.is_active AS users_is_active, users.is_verified AS users_is_verified, users.role AS users_role, users.created_at AS users_created_at, users.updated_at AS users_updated_at, users.last_login_at AS users_last_login_at 
FROM users 
WHERE users.id = %(pk_1)s::UUID
2026-03-05 22:34:09,824 INFO sqlalchemy.engine.Engine [cached since 0.02156s ago] {'pk_1': UUID('06622cd2-be07-4627-9a40-40a808ea6675')}
2026-03-05 22:34:09,825 INFO sqlalchemy.engine.Engine SELECT users.id AS users_id, users.email AS users_email, users.username AS users_username, users.name AS users_name, users.password_hash AS users_password_hash, users.graduation_year AS users_graduation_year, users.bio AS users_bio, users.location AS users_location, users."current_role" AS users_current_role, users.profile_image_url AS users_profile_image_url, users.phone AS users_phone, users.linkedin_url AS users_linkedin_url, users.github_url AS users_github_url, users.twitter_handle AS users_twitter_handle, users.following_count AS users_following_count, users.followers_count AS users_followers_count, users.post_count AS users_post_count, users.is_active AS users_is_active, users.is_verified AS users_is_verified, users.role AS users_role, users.created_at AS users_created_at, users.updated_at AS users_updated_at, users.last_login_at AS users_last_login_at 
FROM users 
WHERE users.id = %(pk_1)s::UUID
2026-03-05 22:34:09,825 INFO sqlalchemy.engine.Engine [cached since 0.02221s ago] {'pk_1': UUID('9b5e1b44-fc62-463b-aa97-b27295eab70d')}
INFO:     127.0.0.1:56738 - "GET /api/posts/?skip=0&limit=100 HTTP/1.1" 200 OK
2026-03-05 22:34:09,826 INFO sqlalchemy.engine.Engine ROLLBACK
INFO:     127.0.0.1:56740 - "OPTIONS /api/posts/?skip=0&limit=100&tag=Questions HTTP/1.1" 200 OK
2026-03-05 22:34:16,396 INFO sqlalchemy.engine.Engine BEGIN (implicit)
2026-03-05 22:34:16,396 INFO sqlalchemy.engine.Engine SELECT users.id AS users_id, users.email AS users_email, users.username AS users_username, users.name AS users_name, users.password_hash AS users_password_hash, users.graduation_year AS users_graduation_year, users.bio AS users_bio, users.location AS users_location, users."current_role" AS users_current_role, users.profile_image_url AS users_profile_image_url, users.phone AS users_phone, users.linkedin_url AS users_linkedin_url, users.github_url AS users_github_url, users.twitter_handle AS users_twitter_handle, users.following_count AS users_following_count, users.followers_count AS users_followers_count, users.post_count AS users_post_count, users.is_active AS users_is_active, users.is_verified AS users_is_verified, users.role AS users_role, users.created_at AS users_created_at, users.updated_at AS users_updated_at, users.last_login_at AS users_last_login_at 
FROM users 
WHERE users.id = %(id_1)s::UUID 
 LIMIT %(param_1)s
2026-03-05 22:34:16,397 INFO sqlalchemy.engine.Engine [cached since 6.635s ago] {'id_1': '39bc41c3-4c14-4803-9916-1ac891e4a1d1', 'param_1': 1}
2026-03-05 22:34:16,400 INFO sqlalchemy.engine.Engine SELECT posts.id AS posts_id, posts.user_id AS posts_user_id, posts.content AS posts_content, posts.media_urls AS posts_media_urls, posts.tag AS posts_tag, posts.likes_count AS posts_likes_count, posts.comments_count AS posts_comments_count, posts.reposts_count AS posts_reposts_count, posts.is_public AS posts_is_public, posts.is_anonymous AS posts_is_anonymous, posts.created_at AS posts_created_at, posts.updated_at AS posts_updated_at 
FROM posts 
WHERE posts.is_public = true AND posts.tag = %(tag_1)s ORDER BY posts.created_at DESC 
 LIMIT %(param_1)s OFFSET %(param_2)s
2026-03-05 22:34:16,400 INFO sqlalchemy.engine.Engine [generated in 0.00030s] {'tag_1': 'Questions', 'param_1': 100, 'param_2': 0}
INFO:     127.0.0.1:56740 - "GET /api/posts/?skip=0&limit=100&tag=Questions HTTP/1.1" 200 OK
2026-03-05 22:34:16,403 INFO sqlalchemy.engine.Engine ROLLBACK
INFO:     127.0.0.1:56740 - "OPTIONS /api/posts/?skip=0&limit=100&tag=Celebration HTTP/1.1" 200 OK
2026-03-05 22:34:17,177 INFO sqlalchemy.engine.Engine BEGIN (implicit)
2026-03-05 22:34:17,177 INFO sqlalchemy.engine.Engine SELECT users.id AS users_id, users.email AS users_email, users.username AS users_username, users.name AS users_name, users.password_hash AS users_password_hash, users.graduation_year AS users_graduation_year, users.bio AS users_bio, users.location AS users_location, users."current_role" AS users_current_role, users.profile_image_url AS users_profile_image_url, users.phone AS users_phone, users.linkedin_url AS users_linkedin_url, users.github_url AS users_github_url, users.twitter_handle AS users_twitter_handle, users.following_count AS users_following_count, users.followers_count AS users_followers_count, users.post_count AS users_post_count, users.is_active AS users_is_active, users.is_verified AS users_is_verified, users.role AS users_role, users.created_at AS users_created_at, users.updated_at AS users_updated_at, users.last_login_at AS users_last_login_at 
FROM users 
WHERE users.id = %(id_1)s::UUID 
 LIMIT %(param_1)s
2026-03-05 22:34:17,178 INFO sqlalchemy.engine.Engine [cached since 7.416s ago] {'id_1': '39bc41c3-4c14-4803-9916-1ac891e4a1d1', 'param_1': 1}
2026-03-05 22:34:17,181 INFO sqlalchemy.engine.Engine SELECT posts.id AS posts_id, posts.user_id AS posts_user_id, posts.content AS posts_content, posts.media_urls AS posts_media_urls, posts.tag AS posts_tag, posts.likes_count AS posts_likes_count, posts.comments_count AS posts_comments_count, posts.reposts_count AS posts_reposts_count, posts.is_public AS posts_is_public, posts.is_anonymous AS posts_is_anonymous, posts.created_at AS posts_created_at, posts.updated_at AS posts_updated_at 
FROM posts 
WHERE posts.is_public = true AND posts.tag = %(tag_1)s ORDER BY posts.created_at DESC 
 LIMIT %(param_1)s OFFSET %(param_2)s
2026-03-05 22:34:17,182 INFO sqlalchemy.engine.Engine [cached since 0.7821s ago] {'tag_1': 'Celebration', 'param_1': 100, 'param_2': 0}
INFO:     127.0.0.1:56740 - "GET /api/posts/?skip=0&limit=100&tag=Celebration HTTP/1.1" 200 OK
2026-03-05 22:34:17,183 INFO sqlalchemy.engine.Engine ROLLBACK
2026-03-05 22:34:18,058 INFO sqlalchemy.engine.Engine BEGIN (implicit)
2026-03-05 22:34:18,058 INFO sqlalchemy.engine.Engine SELECT users.id AS users_id, users.email AS users_email, users.username AS users_username, users.name AS users_name, users.password_hash AS users_password_hash, users.graduation_year AS users_graduation_year, users.bio AS users_bio, users.location AS users_location, users."current_role" AS users_current_role, users.profile_image_url AS users_profile_image_url, users.phone AS users_phone, users.linkedin_url AS users_linkedin_url, users.github_url AS users_github_url, users.twitter_handle AS users_twitter_handle, users.following_count AS users_following_count, users.followers_count AS users_followers_count, users.post_count AS users_post_count, users.is_active AS users_is_active, users.is_verified AS users_is_verified, users.role AS users_role, users.created_at AS users_created_at, users.updated_at AS users_updated_at, users.last_login_at AS users_last_login_at 
FROM users 
WHERE users.id = %(id_1)s::UUID 
 LIMIT %(param_1)s
2026-03-05 22:34:18,058 INFO sqlalchemy.engine.Engine [cached since 8.297s ago] {'id_1': '39bc41c3-4c14-4803-9916-1ac891e4a1d1', 'param_1': 1}
2026-03-05 22:34:18,060 INFO sqlalchemy.engine.Engine SELECT posts.id AS posts_id, posts.user_id AS posts_user_id, posts.content AS posts_content, posts.media_urls AS posts_media_urls, posts.tag AS posts_tag, posts.likes_count AS posts_likes_count, posts.comments_count AS posts_comments_count, posts.reposts_count AS posts_reposts_count, posts.is_public AS posts_is_public, posts.is_anonymous AS posts_is_anonymous, posts.created_at AS posts_created_at, posts.updated_at AS posts_updated_at 
FROM posts 
WHERE posts.is_public = true ORDER BY posts.created_at DESC 
 LIMIT %(param_1)s OFFSET %(param_2)s
2026-03-05 22:34:18,060 INFO sqlalchemy.engine.Engine [cached since 8.295s ago] {'param_1': 100, 'param_2': 0}
2026-03-05 22:34:18,062 INFO sqlalchemy.engine.Engine SELECT post_likes.id AS post_likes_id, post_likes.post_id AS post_likes_post_id, post_likes.user_id AS post_likes_user_id, post_likes.created_at AS post_likes_created_at 
FROM post_likes 
WHERE %(param_1)s::UUID = post_likes.post_id
2026-03-05 22:34:18,062 INFO sqlalchemy.engine.Engine [cached since 8.295s ago] {'param_1': UUID('8f9eb428-d564-48bf-b4d9-6b6b261541df')}
2026-03-05 22:34:18,063 INFO sqlalchemy.engine.Engine SELECT post_likes.id AS post_likes_id, post_likes.post_id AS post_likes_post_id, post_likes.user_id AS post_likes_user_id, post_likes.created_at AS post_likes_created_at 
FROM post_likes 
WHERE %(param_1)s::UUID = post_likes.post_id
2026-03-05 22:34:18,063 INFO sqlalchemy.engine.Engine [cached since 8.295s ago] {'param_1': UUID('04471309-cb15-47f0-971d-76bb5af0f165')}
2026-03-05 22:34:18,064 INFO sqlalchemy.engine.Engine SELECT post_likes.id AS post_likes_id, post_likes.post_id AS post_likes_post_id, post_likes.user_id AS post_likes_user_id, post_likes.created_at AS post_likes_created_at 
FROM post_likes 
WHERE %(param_1)s::UUID = post_likes.post_id
2026-03-05 22:34:18,064 INFO sqlalchemy.engine.Engine [cached since 8.296s ago] {'param_1': UUID('73f268f4-6baf-41c2-a7be-dc7129ae9aea')}
2026-03-05 22:34:18,064 INFO sqlalchemy.engine.Engine SELECT post_likes.id AS post_likes_id, post_likes.post_id AS post_likes_post_id, post_likes.user_id AS post_likes_user_id, post_likes.created_at AS post_likes_created_at 
FROM post_likes 
WHERE %(param_1)s::UUID = post_likes.post_id
2026-03-05 22:34:18,064 INFO sqlalchemy.engine.Engine [cached since 8.297s ago] {'param_1': UUID('1cb9890a-3bf2-41f6-b61d-346569f9edc8')}
2026-03-05 22:34:18,065 INFO sqlalchemy.engine.Engine SELECT post_likes.id AS post_likes_id, post_likes.post_id AS post_likes_post_id, post_likes.user_id AS post_likes_user_id, post_likes.created_at AS post_likes_created_at 
FROM post_likes 
WHERE %(param_1)s::UUID = post_likes.post_id
2026-03-05 22:34:18,065 INFO sqlalchemy.engine.Engine [cached since 8.298s ago] {'param_1': UUID('8ea4f56d-4ff6-467d-94b9-d0b4476c6fce')}
2026-03-05 22:34:18,066 INFO sqlalchemy.engine.Engine SELECT post_likes.id AS post_likes_id, post_likes.post_id AS post_likes_post_id, post_likes.user_id AS post_likes_user_id, post_likes.created_at AS post_likes_created_at 
FROM post_likes 
WHERE %(param_1)s::UUID = post_likes.post_id
2026-03-05 22:34:18,066 INFO sqlalchemy.engine.Engine [cached since 8.298s ago] {'param_1': UUID('f2ff4b63-8444-4f12-a102-60938c3fa067')}
2026-03-05 22:34:18,066 INFO sqlalchemy.engine.Engine SELECT post_likes.id AS post_likes_id, post_likes.post_id AS post_likes_post_id, post_likes.user_id AS post_likes_user_id, post_likes.created_at AS post_likes_created_at 
FROM post_likes 
WHERE %(param_1)s::UUID = post_likes.post_id
2026-03-05 22:34:18,066 INFO sqlalchemy.engine.Engine [cached since 8.299s ago] {'param_1': UUID('afcdbf47-93c9-499b-b287-fc9e8db0ee38')}
2026-03-05 22:34:18,066 INFO sqlalchemy.engine.Engine SELECT post_likes.id AS post_likes_id, post_likes.post_id AS post_likes_post_id, post_likes.user_id AS post_likes_user_id, post_likes.created_at AS post_likes_created_at 
FROM post_likes 
WHERE %(param_1)s::UUID = post_likes.post_id
2026-03-05 22:34:18,067 INFO sqlalchemy.engine.Engine [cached since 8.299s ago] {'param_1': UUID('a14f4a96-55cc-49fc-9323-22fb9e27f218')}
2026-03-05 22:34:18,067 INFO sqlalchemy.engine.Engine SELECT post_likes.id AS post_likes_id, post_likes.post_id AS post_likes_post_id, post_likes.user_id AS post_likes_user_id, post_likes.created_at AS post_likes_created_at 
FROM post_likes 
WHERE %(param_1)s::UUID = post_likes.post_id
2026-03-05 22:34:18,067 INFO sqlalchemy.engine.Engine [cached since 8.3s ago] {'param_1': UUID('58abbaa1-4680-4f63-92e3-bc3b0d0552d4')}
2026-03-05 22:34:18,068 INFO sqlalchemy.engine.Engine SELECT post_likes.id AS post_likes_id, post_likes.post_id AS post_likes_post_id, post_likes.user_id AS post_likes_user_id, post_likes.created_at AS post_likes_created_at 
FROM post_likes 
WHERE %(param_1)s::UUID = post_likes.post_id
2026-03-05 22:34:18,068 INFO sqlalchemy.engine.Engine [cached since 8.3s ago] {'param_1': UUID('a54ea154-5211-452e-a551-d3aea68c1259')}
2026-03-05 22:34:18,069 INFO sqlalchemy.engine.Engine SELECT post_likes.id AS post_likes_id, post_likes.post_id AS post_likes_post_id, post_likes.user_id AS post_likes_user_id, post_likes.created_at AS post_likes_created_at 
FROM post_likes 
WHERE %(param_1)s::UUID = post_likes.post_id
2026-03-05 22:34:18,069 INFO sqlalchemy.engine.Engine [cached since 8.301s ago] {'param_1': UUID('d7bdd0e6-56cc-4a82-a80b-a1db7c7b511f')}
2026-03-05 22:34:18,069 INFO sqlalchemy.engine.Engine SELECT post_likes.id AS post_likes_id, post_likes.post_id AS post_likes_post_id, post_likes.user_id AS post_likes_user_id, post_likes.created_at AS post_likes_created_at 
FROM post_likes 
WHERE %(param_1)s::UUID = post_likes.post_id
2026-03-05 22:34:18,069 INFO sqlalchemy.engine.Engine [cached since 8.302s ago] {'param_1': UUID('c272fdcc-f35b-4337-8e6d-9383aaeec194')}
2026-03-05 22:34:18,070 INFO sqlalchemy.engine.Engine SELECT post_likes.id AS post_likes_id, post_likes.post_id AS post_likes_post_id, post_likes.user_id AS post_likes_user_id, post_likes.created_at AS post_likes_created_at 
FROM post_likes 
WHERE %(param_1)s::UUID = post_likes.post_id
2026-03-05 22:34:18,070 INFO sqlalchemy.engine.Engine [cached since 8.302s ago] {'param_1': UUID('00a8f5ff-e5c9-40c4-9d3d-a83681fbf0e4')}
2026-03-05 22:34:18,071 INFO sqlalchemy.engine.Engine SELECT post_likes.id AS post_likes_id, post_likes.post_id AS post_likes_post_id, post_likes.user_id AS post_likes_user_id, post_likes.created_at AS post_likes_created_at 
FROM post_likes 
WHERE %(param_1)s::UUID = post_likes.post_id
2026-03-05 22:34:18,071 INFO sqlalchemy.engine.Engine [cached since 8.303s ago] {'param_1': UUID('276e39a3-4ee1-4bbc-85f9-637e5cb9751b')}
2026-03-05 22:34:18,071 INFO sqlalchemy.engine.Engine SELECT post_likes.id AS post_likes_id, post_likes.post_id AS post_likes_post_id, post_likes.user_id AS post_likes_user_id, post_likes.created_at AS post_likes_created_at 
FROM post_likes 
WHERE %(param_1)s::UUID = post_likes.post_id
2026-03-05 22:34:18,071 INFO sqlalchemy.engine.Engine [cached since 8.304s ago] {'param_1': UUID('bed4d1a3-18b0-4d38-bc7a-189819a649eb')}
2026-03-05 22:34:18,072 INFO sqlalchemy.engine.Engine SELECT post_likes.id AS post_likes_id, post_likes.post_id AS post_likes_post_id, post_likes.user_id AS post_likes_user_id, post_likes.created_at AS post_likes_created_at 
FROM post_likes 
WHERE %(param_1)s::UUID = post_likes.post_id
2026-03-05 22:34:18,072 INFO sqlalchemy.engine.Engine [cached since 8.304s ago] {'param_1': UUID('2bcfef98-4ccf-4440-ab85-7484c368283f')}
2026-03-05 22:34:18,072 INFO sqlalchemy.engine.Engine SELECT post_likes.id AS post_likes_id, post_likes.post_id AS post_likes_post_id, post_likes.user_id AS post_likes_user_id, post_likes.created_at AS post_likes_created_at 
FROM post_likes 
WHERE %(param_1)s::UUID = post_likes.post_id
2026-03-05 22:34:18,072 INFO sqlalchemy.engine.Engine [cached since 8.305s ago] {'param_1': UUID('55a44323-55eb-4df1-aef5-43798d3a0893')}
2026-03-05 22:34:18,073 INFO sqlalchemy.engine.Engine SELECT post_likes.id AS post_likes_id, post_likes.post_id AS post_likes_post_id, post_likes.user_id AS post_likes_user_id, post_likes.created_at AS post_likes_created_at 
FROM post_likes 
WHERE %(param_1)s::UUID = post_likes.post_id
2026-03-05 22:34:18,073 INFO sqlalchemy.engine.Engine [cached since 8.305s ago] {'param_1': UUID('caa77e1b-50ba-4395-b180-744c84b21209')}
2026-03-05 22:34:18,073 INFO sqlalchemy.engine.Engine SELECT post_likes.id AS post_likes_id, post_likes.post_id AS post_likes_post_id, post_likes.user_id AS post_likes_user_id, post_likes.created_at AS post_likes_created_at 
FROM post_likes 
WHERE %(param_1)s::UUID = post_likes.post_id
2026-03-05 22:34:18,073 INFO sqlalchemy.engine.Engine [cached since 8.306s ago] {'param_1': UUID('ed0bae39-84ae-4f2e-a55f-565b8e8507f0')}
2026-03-05 22:34:18,074 INFO sqlalchemy.engine.Engine SELECT post_likes.id AS post_likes_id, post_likes.post_id AS post_likes_post_id, post_likes.user_id AS post_likes_user_id, post_likes.created_at AS post_likes_created_at 
FROM post_likes 
WHERE %(param_1)s::UUID = post_likes.post_id
2026-03-05 22:34:18,074 INFO sqlalchemy.engine.Engine [cached since 8.306s ago] {'param_1': UUID('36e96cd5-9ff3-48f8-9912-3e682e261dbe')}
2026-03-05 22:34:18,074 INFO sqlalchemy.engine.Engine SELECT post_likes.id AS post_likes_id, post_likes.post_id AS post_likes_post_id, post_likes.user_id AS post_likes_user_id, post_likes.created_at AS post_likes_created_at 
FROM post_likes 
WHERE %(param_1)s::UUID = post_likes.post_id
2026-03-05 22:34:18,074 INFO sqlalchemy.engine.Engine [cached since 8.307s ago] {'param_1': UUID('4661eb8b-561f-4682-8a46-fbf2e17a38d4')}
2026-03-05 22:34:18,074 INFO sqlalchemy.engine.Engine SELECT post_likes.id AS post_likes_id, post_likes.post_id AS post_likes_post_id, post_likes.user_id AS post_likes_user_id, post_likes.created_at AS post_likes_created_at 
FROM post_likes 
WHERE %(param_1)s::UUID = post_likes.post_id
2026-03-05 22:34:18,074 INFO sqlalchemy.engine.Engine [cached since 8.307s ago] {'param_1': UUID('65de6fb3-bf0e-436a-99c0-42463c3a837a')}
2026-03-05 22:34:18,075 INFO sqlalchemy.engine.Engine SELECT post_likes.id AS post_likes_id, post_likes.post_id AS post_likes_post_id, post_likes.user_id AS post_likes_user_id, post_likes.created_at AS post_likes_created_at 
FROM post_likes 
WHERE %(param_1)s::UUID = post_likes.post_id
2026-03-05 22:34:18,075 INFO sqlalchemy.engine.Engine [cached since 8.307s ago] {'param_1': UUID('f556cfdd-3750-4509-af62-e5ff4eca61e4')}
2026-03-05 22:34:18,075 INFO sqlalchemy.engine.Engine SELECT post_likes.id AS post_likes_id, post_likes.post_id AS post_likes_post_id, post_likes.user_id AS post_likes_user_id, post_likes.created_at AS post_likes_created_at 
FROM post_likes 
WHERE %(param_1)s::UUID = post_likes.post_id
2026-03-05 22:34:18,075 INFO sqlalchemy.engine.Engine [cached since 8.308s ago] {'param_1': UUID('f66e5b73-9b08-4342-9be3-bf1229aa3ce4')}
2026-03-05 22:34:18,076 INFO sqlalchemy.engine.Engine SELECT post_likes.id AS post_likes_id, post_likes.post_id AS post_likes_post_id, post_likes.user_id AS post_likes_user_id, post_likes.created_at AS post_likes_created_at 
FROM post_likes 
WHERE %(param_1)s::UUID = post_likes.post_id
2026-03-05 22:34:18,076 INFO sqlalchemy.engine.Engine [cached since 8.308s ago] {'param_1': UUID('13cbdcf9-c8d7-43a6-8b7c-fd830ae38cf0')}
2026-03-05 22:34:18,076 INFO sqlalchemy.engine.Engine SELECT post_likes.id AS post_likes_id, post_likes.post_id AS post_likes_post_id, post_likes.user_id AS post_likes_user_id, post_likes.created_at AS post_likes_created_at 
FROM post_likes 
WHERE %(param_1)s::UUID = post_likes.post_id
2026-03-05 22:34:18,076 INFO sqlalchemy.engine.Engine [cached since 8.309s ago] {'param_1': UUID('bbe9581a-7d83-4eed-a8b7-a9a9264cc6eb')}
2026-03-05 22:34:18,077 INFO sqlalchemy.engine.Engine SELECT post_likes.id AS post_likes_id, post_likes.post_id AS post_likes_post_id, post_likes.user_id AS post_likes_user_id, post_likes.created_at AS post_likes_created_at 
FROM post_likes 
WHERE %(param_1)s::UUID = post_likes.post_id
2026-03-05 22:34:18,077 INFO sqlalchemy.engine.Engine [cached since 8.309s ago] {'param_1': UUID('dfb1c314-9d7e-4167-83b0-efb7eca6a666')}
2026-03-05 22:34:18,077 INFO sqlalchemy.engine.Engine SELECT post_likes.id AS post_likes_id, post_likes.post_id AS post_likes_post_id, post_likes.user_id AS post_likes_user_id, post_likes.created_at AS post_likes_created_at 
FROM post_likes 
WHERE %(param_1)s::UUID = post_likes.post_id
2026-03-05 22:34:18,077 INFO sqlalchemy.engine.Engine [cached since 8.31s ago] {'param_1': UUID('215fd7e5-4819-4f08-978d-cc8cf24f54fd')}
2026-03-05 22:34:18,078 INFO sqlalchemy.engine.Engine SELECT post_likes.id AS post_likes_id, post_likes.post_id AS post_likes_post_id, post_likes.user_id AS post_likes_user_id, post_likes.created_at AS post_likes_created_at 
FROM post_likes 
WHERE %(param_1)s::UUID = post_likes.post_id
2026-03-05 22:34:18,078 INFO sqlalchemy.engine.Engine [cached since 8.31s ago] {'param_1': UUID('4e55cb12-ec46-4704-aef8-691785eb6593')}
2026-03-05 22:34:18,078 INFO sqlalchemy.engine.Engine SELECT post_likes.id AS post_likes_id, post_likes.post_id AS post_likes_post_id, post_likes.user_id AS post_likes_user_id, post_likes.created_at AS post_likes_created_at 
FROM post_likes 
WHERE %(param_1)s::UUID = post_likes.post_id
2026-03-05 22:34:18,078 INFO sqlalchemy.engine.Engine [cached since 8.311s ago] {'param_1': UUID('0bd41a46-1e84-4003-9ae5-fabef8352886')}
2026-03-05 22:34:18,079 INFO sqlalchemy.engine.Engine SELECT post_likes.id AS post_likes_id, post_likes.post_id AS post_likes_post_id, post_likes.user_id AS post_likes_user_id, post_likes.created_at AS post_likes_created_at 
FROM post_likes 
WHERE %(param_1)s::UUID = post_likes.post_id
2026-03-05 22:34:18,079 INFO sqlalchemy.engine.Engine [cached since 8.311s ago] {'param_1': UUID('ba4439a3-b4e8-48a7-9959-5d2d7a18e01f')}
2026-03-05 22:34:18,079 INFO sqlalchemy.engine.Engine SELECT users.id AS users_id, users.email AS users_email, users.username AS users_username, users.name AS users_name, users.password_hash AS users_password_hash, users.graduation_year AS users_graduation_year, users.bio AS users_bio, users.location AS users_location, users."current_role" AS users_current_role, users.profile_image_url AS users_profile_image_url, users.phone AS users_phone, users.linkedin_url AS users_linkedin_url, users.github_url AS users_github_url, users.twitter_handle AS users_twitter_handle, users.following_count AS users_following_count, users.followers_count AS users_followers_count, users.post_count AS users_post_count, users.is_active AS users_is_active, users.is_verified AS users_is_verified, users.role AS users_role, users.created_at AS users_created_at, users.updated_at AS users_updated_at, users.last_login_at AS users_last_login_at 
FROM users 
WHERE users.id = %(pk_1)s::UUID
2026-03-05 22:34:18,079 INFO sqlalchemy.engine.Engine [cached since 8.277s ago] {'pk_1': UUID('de320988-89c2-422e-b678-50641b34c157')}
2026-03-05 22:34:18,080 INFO sqlalchemy.engine.Engine SELECT users.id AS users_id, users.email AS users_email, users.username AS users_username, users.name AS users_name, users.password_hash AS users_password_hash, users.graduation_year AS users_graduation_year, users.bio AS users_bio, users.location AS users_location, users."current_role" AS users_current_role, users.profile_image_url AS users_profile_image_url, users.phone AS users_phone, users.linkedin_url AS users_linkedin_url, users.github_url AS users_github_url, users.twitter_handle AS users_twitter_handle, users.following_count AS users_following_count, users.followers_count AS users_followers_count, users.post_count AS users_post_count, users.is_active AS users_is_active, users.is_verified AS users_is_verified, users.role AS users_role, users.created_at AS users_created_at, users.updated_at AS users_updated_at, users.last_login_at AS users_last_login_at 
FROM users 
WHERE users.id = %(pk_1)s::UUID
2026-03-05 22:34:18,080 INFO sqlalchemy.engine.Engine [cached since 8.278s ago] {'pk_1': UUID('b6254dbe-aae1-49be-8ff3-c89050e36bdd')}
2026-03-05 22:34:18,081 INFO sqlalchemy.engine.Engine SELECT users.id AS users_id, users.email AS users_email, users.username AS users_username, users.name AS users_name, users.password_hash AS users_password_hash, users.graduation_year AS users_graduation_year, users.bio AS users_bio, users.location AS users_location, users."current_role" AS users_current_role, users.profile_image_url AS users_profile_image_url, users.phone AS users_phone, users.linkedin_url AS users_linkedin_url, users.github_url AS users_github_url, users.twitter_handle AS users_twitter_handle, users.following_count AS users_following_count, users.followers_count AS users_followers_count, users.post_count AS users_post_count, users.is_active AS users_is_active, users.is_verified AS users_is_verified, users.role AS users_role, users.created_at AS users_created_at, users.updated_at AS users_updated_at, users.last_login_at AS users_last_login_at 
FROM users 
WHERE users.id = %(pk_1)s::UUID
2026-03-05 22:34:18,081 INFO sqlalchemy.engine.Engine [cached since 8.278s ago] {'pk_1': UUID('67c3d747-c055-43c6-b140-b531a06f8216')}
2026-03-05 22:34:18,081 INFO sqlalchemy.engine.Engine SELECT users.id AS users_id, users.email AS users_email, users.username AS users_username, users.name AS users_name, users.password_hash AS users_password_hash, users.graduation_year AS users_graduation_year, users.bio AS users_bio, users.location AS users_location, users."current_role" AS users_current_role, users.profile_image_url AS users_profile_image_url, users.phone AS users_phone, users.linkedin_url AS users_linkedin_url, users.github_url AS users_github_url, users.twitter_handle AS users_twitter_handle, users.following_count AS users_following_count, users.followers_count AS users_followers_count, users.post_count AS users_post_count, users.is_active AS users_is_active, users.is_verified AS users_is_verified, users.role AS users_role, users.created_at AS users_created_at, users.updated_at AS users_updated_at, users.last_login_at AS users_last_login_at 
FROM users 
WHERE users.id = %(pk_1)s::UUID
2026-03-05 22:34:18,081 INFO sqlalchemy.engine.Engine [cached since 8.279s ago] {'pk_1': UUID('3f3ee1f3-c4ca-4f0b-87ab-8234cf974028')}
2026-03-05 22:34:18,082 INFO sqlalchemy.engine.Engine SELECT users.id AS users_id, users.email AS users_email, users.username AS users_username, users.name AS users_name, users.password_hash AS users_password_hash, users.graduation_year AS users_graduation_year, users.bio AS users_bio, users.location AS users_location, users."current_role" AS users_current_role, users.profile_image_url AS users_profile_image_url, users.phone AS users_phone, users.linkedin_url AS users_linkedin_url, users.github_url AS users_github_url, users.twitter_handle AS users_twitter_handle, users.following_count AS users_following_count, users.followers_count AS users_followers_count, users.post_count AS users_post_count, users.is_active AS users_is_active, users.is_verified AS users_is_verified, users.role AS users_role, users.created_at AS users_created_at, users.updated_at AS users_updated_at, users.last_login_at AS users_last_login_at 
FROM users 
WHERE users.id = %(pk_1)s::UUID
2026-03-05 22:34:18,082 INFO sqlalchemy.engine.Engine [cached since 8.28s ago] {'pk_1': UUID('7c392ee0-f071-4277-a074-7c8ed282a2b7')}
2026-03-05 22:34:18,082 INFO sqlalchemy.engine.Engine SELECT users.id AS users_id, users.email AS users_email, users.username AS users_username, users.name AS users_name, users.password_hash AS users_password_hash, users.graduation_year AS users_graduation_year, users.bio AS users_bio, users.location AS users_location, users."current_role" AS users_current_role, users.profile_image_url AS users_profile_image_url, users.phone AS users_phone, users.linkedin_url AS users_linkedin_url, users.github_url AS users_github_url, users.twitter_handle AS users_twitter_handle, users.following_count AS users_following_count, users.followers_count AS users_followers_count, users.post_count AS users_post_count, users.is_active AS users_is_active, users.is_verified AS users_is_verified, users.role AS users_role, users.created_at AS users_created_at, users.updated_at AS users_updated_at, users.last_login_at AS users_last_login_at 
FROM users 
WHERE users.id = %(pk_1)s::UUID
2026-03-05 22:34:18,082 INFO sqlalchemy.engine.Engine [cached since 8.28s ago] {'pk_1': UUID('4c68130b-ef88-4056-abca-743c903a2ee9')}
2026-03-05 22:34:18,083 INFO sqlalchemy.engine.Engine SELECT users.id AS users_id, users.email AS users_email, users.username AS users_username, users.name AS users_name, users.password_hash AS users_password_hash, users.graduation_year AS users_graduation_year, users.bio AS users_bio, users.location AS users_location, users."current_role" AS users_current_role, users.profile_image_url AS users_profile_image_url, users.phone AS users_phone, users.linkedin_url AS users_linkedin_url, users.github_url AS users_github_url, users.twitter_handle AS users_twitter_handle, users.following_count AS users_following_count, users.followers_count AS users_followers_count, users.post_count AS users_post_count, users.is_active AS users_is_active, users.is_verified AS users_is_verified, users.role AS users_role, users.created_at AS users_created_at, users.updated_at AS users_updated_at, users.last_login_at AS users_last_login_at 
FROM users 
WHERE users.id = %(pk_1)s::UUID
2026-03-05 22:34:18,083 INFO sqlalchemy.engine.Engine [cached since 8.281s ago] {'pk_1': UUID('06622cd2-be07-4627-9a40-40a808ea6675')}
2026-03-05 22:34:18,084 INFO sqlalchemy.engine.Engine SELECT users.id AS users_id, users.email AS users_email, users.username AS users_username, users.name AS users_name, users.password_hash AS users_password_hash, users.graduation_year AS users_graduation_year, users.bio AS users_bio, users.location AS users_location, users."current_role" AS users_current_role, users.profile_image_url AS users_profile_image_url, users.phone AS users_phone, users.linkedin_url AS users_linkedin_url, users.github_url AS users_github_url, users.twitter_handle AS users_twitter_handle, users.following_count AS users_following_count, users.followers_count AS users_followers_count, users.post_count AS users_post_count, users.is_active AS users_is_active, users.is_verified AS users_is_verified, users.role AS users_role, users.created_at AS users_created_at, users.updated_at AS users_updated_at, users.last_login_at AS users_last_login_at 
FROM users 
WHERE users.id = %(pk_1)s::UUID
2026-03-05 22:34:18,084 INFO sqlalchemy.engine.Engine [cached since 8.281s ago] {'pk_1': UUID('9b5e1b44-fc62-463b-aa97-b27295eab70d')}
INFO:     127.0.0.1:56740 - "GET /api/posts/?skip=0&limit=100 HTTP/1.1" 200 OK
2026-03-05 22:34:18,086 INFO sqlalchemy.engine.Engine ROLLBACK
INFO:     127.0.0.1:56740 - "OPTIONS /api/posts/?skip=0&limit=100&days=1 HTTP/1.1" 200 OK
2026-03-05 22:34:19,178 INFO sqlalchemy.engine.Engine BEGIN (implicit)
2026-03-05 22:34:19,178 INFO sqlalchemy.engine.Engine SELECT users.id AS users_id, users.email AS users_email, users.username AS users_username, users.name AS users_name, users.password_hash AS users_password_hash, users.graduation_year AS users_graduation_year, users.bio AS users_bio, users.location AS users_location, users."current_role" AS users_current_role, users.profile_image_url AS users_profile_image_url, users.phone AS users_phone, users.linkedin_url AS users_linkedin_url, users.github_url AS users_github_url, users.twitter_handle AS users_twitter_handle, users.following_count AS users_following_count, users.followers_count AS users_followers_count, users.post_count AS users_post_count, users.is_active AS users_is_active, users.is_verified AS users_is_verified, users.role AS users_role, users.created_at AS users_created_at, users.updated_at AS users_updated_at, users.last_login_at AS users_last_login_at 
FROM users 
WHERE users.id = %(id_1)s::UUID 
 LIMIT %(param_1)s
2026-03-05 22:34:19,178 INFO sqlalchemy.engine.Engine [cached since 9.416s ago] {'id_1': '39bc41c3-4c14-4803-9916-1ac891e4a1d1', 'param_1': 1}
2026-03-05 22:34:19,182 INFO sqlalchemy.engine.Engine SELECT posts.id AS posts_id, posts.user_id AS posts_user_id, posts.content AS posts_content, posts.media_urls AS posts_media_urls, posts.tag AS posts_tag, posts.likes_count AS posts_likes_count, posts.comments_count AS posts_comments_count, posts.reposts_count AS posts_reposts_count, posts.is_public AS posts_is_public, posts.is_anonymous AS posts_is_anonymous, posts.created_at AS posts_created_at, posts.updated_at AS posts_updated_at 
FROM posts 
WHERE posts.is_public = true AND posts.created_at >= %(created_at_1)s ORDER BY posts.created_at DESC 
 LIMIT %(param_1)s OFFSET %(param_2)s
2026-03-05 22:34:19,182 INFO sqlalchemy.engine.Engine [generated in 0.00024s] {'created_at_1': datetime.datetime(2026, 3, 5, 6, 34, 19, 180239), 'param_1': 100, 'param_2': 0}
INFO:     127.0.0.1:56740 - "GET /api/posts/?skip=0&limit=100&days=1 HTTP/1.1" 200 OK
2026-03-05 22:34:19,184 INFO sqlalchemy.engine.Engine ROLLBACK
INFO:     127.0.0.1:56740 - "OPTIONS /api/posts/?skip=0&limit=100&days=7 HTTP/1.1" 200 OK
2026-03-05 22:34:20,739 INFO sqlalchemy.engine.Engine BEGIN (implicit)
2026-03-05 22:34:20,739 INFO sqlalchemy.engine.Engine SELECT users.id AS users_id, users.email AS users_email, users.username AS users_username, users.name AS users_name, users.password_hash AS users_password_hash, users.graduation_year AS users_graduation_year, users.bio AS users_bio, users.location AS users_location, users."current_role" AS users_current_role, users.profile_image_url AS users_profile_image_url, users.phone AS users_phone, users.linkedin_url AS users_linkedin_url, users.github_url AS users_github_url, users.twitter_handle AS users_twitter_handle, users.following_count AS users_following_count, users.followers_count AS users_followers_count, users.post_count AS users_post_count, users.is_active AS users_is_active, users.is_verified AS users_is_verified, users.role AS users_role, users.created_at AS users_created_at, users.updated_at AS users_updated_at, users.last_login_at AS users_last_login_at 
FROM users 
WHERE users.id = %(id_1)s::UUID 
 LIMIT %(param_1)s
2026-03-05 22:34:20,739 INFO sqlalchemy.engine.Engine [cached since 10.98s ago] {'id_1': '39bc41c3-4c14-4803-9916-1ac891e4a1d1', 'param_1': 1}
2026-03-05 22:34:20,742 INFO sqlalchemy.engine.Engine SELECT posts.id AS posts_id, posts.user_id AS posts_user_id, posts.content AS posts_content, posts.media_urls AS posts_media_urls, posts.tag AS posts_tag, posts.likes_count AS posts_likes_count, posts.comments_count AS posts_comments_count, posts.reposts_count AS posts_reposts_count, posts.is_public AS posts_is_public, posts.is_anonymous AS posts_is_anonymous, posts.created_at AS posts_created_at, posts.updated_at AS posts_updated_at 
FROM posts 
WHERE posts.is_public = true AND posts.created_at >= %(created_at_1)s ORDER BY posts.created_at DESC 
 LIMIT %(param_1)s OFFSET %(param_2)s
2026-03-05 22:34:20,742 INFO sqlalchemy.engine.Engine [cached since 1.56s ago] {'created_at_1': datetime.datetime(2026, 2, 27, 6, 34, 20, 741477), 'param_1': 100, 'param_2': 0}
2026-03-05 22:34:20,743 INFO sqlalchemy.engine.Engine SELECT post_likes.id AS post_likes_id, post_likes.post_id AS post_likes_post_id, post_likes.user_id AS post_likes_user_id, post_likes.created_at AS post_likes_created_at 
FROM post_likes 
WHERE %(param_1)s::UUID = post_likes.post_id
2026-03-05 22:34:20,744 INFO sqlalchemy.engine.Engine [cached since 10.98s ago] {'param_1': UUID('8f9eb428-d564-48bf-b4d9-6b6b261541df')}
2026-03-05 22:34:20,745 INFO sqlalchemy.engine.Engine SELECT post_likes.id AS post_likes_id, post_likes.post_id AS post_likes_post_id, post_likes.user_id AS post_likes_user_id, post_likes.created_at AS post_likes_created_at 
FROM post_likes 
WHERE %(param_1)s::UUID = post_likes.post_id
2026-03-05 22:34:20,745 INFO sqlalchemy.engine.Engine [cached since 10.98s ago] {'param_1': UUID('04471309-cb15-47f0-971d-76bb5af0f165')}
2026-03-05 22:34:20,745 INFO sqlalchemy.engine.Engine SELECT post_likes.id AS post_likes_id, post_likes.post_id AS post_likes_post_id, post_likes.user_id AS post_likes_user_id, post_likes.created_at AS post_likes_created_at 
FROM post_likes 
WHERE %(param_1)s::UUID = post_likes.post_id
2026-03-05 22:34:20,745 INFO sqlalchemy.engine.Engine [cached since 10.98s ago] {'param_1': UUID('73f268f4-6baf-41c2-a7be-dc7129ae9aea')}
2026-03-05 22:34:20,746 INFO sqlalchemy.engine.Engine SELECT post_likes.id AS post_likes_id, post_likes.post_id AS post_likes_post_id, post_likes.user_id AS post_likes_user_id, post_likes.created_at AS post_likes_created_at 
FROM post_likes 
WHERE %(param_1)s::UUID = post_likes.post_id
2026-03-05 22:34:20,746 INFO sqlalchemy.engine.Engine [cached since 10.98s ago] {'param_1': UUID('1cb9890a-3bf2-41f6-b61d-346569f9edc8')}
2026-03-05 22:34:20,747 INFO sqlalchemy.engine.Engine SELECT post_likes.id AS post_likes_id, post_likes.post_id AS post_likes_post_id, post_likes.user_id AS post_likes_user_id, post_likes.created_at AS post_likes_created_at 
FROM post_likes 
WHERE %(param_1)s::UUID = post_likes.post_id
2026-03-05 22:34:20,747 INFO sqlalchemy.engine.Engine [cached since 10.98s ago] {'param_1': UUID('8ea4f56d-4ff6-467d-94b9-d0b4476c6fce')}
2026-03-05 22:34:20,748 INFO sqlalchemy.engine.Engine SELECT post_likes.id AS post_likes_id, post_likes.post_id AS post_likes_post_id, post_likes.user_id AS post_likes_user_id, post_likes.created_at AS post_likes_created_at 
FROM post_likes 
WHERE %(param_1)s::UUID = post_likes.post_id
2026-03-05 22:34:20,748 INFO sqlalchemy.engine.Engine [cached since 10.98s ago] {'param_1': UUID('f2ff4b63-8444-4f12-a102-60938c3fa067')}
2026-03-05 22:34:20,749 INFO sqlalchemy.engine.Engine SELECT post_likes.id AS post_likes_id, post_likes.post_id AS post_likes_post_id, post_likes.user_id AS post_likes_user_id, post_likes.created_at AS post_likes_created_at 
FROM post_likes 
WHERE %(param_1)s::UUID = post_likes.post_id
2026-03-05 22:34:20,749 INFO sqlalchemy.engine.Engine [cached since 10.98s ago] {'param_1': UUID('afcdbf47-93c9-499b-b287-fc9e8db0ee38')}
2026-03-05 22:34:20,750 INFO sqlalchemy.engine.Engine SELECT post_likes.id AS post_likes_id, post_likes.post_id AS post_likes_post_id, post_likes.user_id AS post_likes_user_id, post_likes.created_at AS post_likes_created_at 
FROM post_likes 
WHERE %(param_1)s::UUID = post_likes.post_id
2026-03-05 22:34:20,750 INFO sqlalchemy.engine.Engine [cached since 10.98s ago] {'param_1': UUID('a14f4a96-55cc-49fc-9323-22fb9e27f218')}
2026-03-05 22:34:20,750 INFO sqlalchemy.engine.Engine SELECT post_likes.id AS post_likes_id, post_likes.post_id AS post_likes_post_id, post_likes.user_id AS post_likes_user_id, post_likes.created_at AS post_likes_created_at 
FROM post_likes 
WHERE %(param_1)s::UUID = post_likes.post_id
2026-03-05 22:34:20,750 INFO sqlalchemy.engine.Engine [cached since 10.98s ago] {'param_1': UUID('58abbaa1-4680-4f63-92e3-bc3b0d0552d4')}
2026-03-05 22:34:20,751 INFO sqlalchemy.engine.Engine SELECT post_likes.id AS post_likes_id, post_likes.post_id AS post_likes_post_id, post_likes.user_id AS post_likes_user_id, post_likes.created_at AS post_likes_created_at 
FROM post_likes 
WHERE %(param_1)s::UUID = post_likes.post_id
2026-03-05 22:34:20,751 INFO sqlalchemy.engine.Engine [cached since 10.98s ago] {'param_1': UUID('a54ea154-5211-452e-a551-d3aea68c1259')}
2026-03-05 22:34:20,751 INFO sqlalchemy.engine.Engine SELECT post_likes.id AS post_likes_id, post_likes.post_id AS post_likes_post_id, post_likes.user_id AS post_likes_user_id, post_likes.created_at AS post_likes_created_at 
FROM post_likes 
WHERE %(param_1)s::UUID = post_likes.post_id
2026-03-05 22:34:20,751 INFO sqlalchemy.engine.Engine [cached since 10.98s ago] {'param_1': UUID('d7bdd0e6-56cc-4a82-a80b-a1db7c7b511f')}
2026-03-05 22:34:20,752 INFO sqlalchemy.engine.Engine SELECT post_likes.id AS post_likes_id, post_likes.post_id AS post_likes_post_id, post_likes.user_id AS post_likes_user_id, post_likes.created_at AS post_likes_created_at 
FROM post_likes 
WHERE %(param_1)s::UUID = post_likes.post_id
2026-03-05 22:34:20,752 INFO sqlalchemy.engine.Engine [cached since 10.98s ago] {'param_1': UUID('c272fdcc-f35b-4337-8e6d-9383aaeec194')}
2026-03-05 22:34:20,752 INFO sqlalchemy.engine.Engine SELECT post_likes.id AS post_likes_id, post_likes.post_id AS post_likes_post_id, post_likes.user_id AS post_likes_user_id, post_likes.created_at AS post_likes_created_at 
FROM post_likes 
WHERE %(param_1)s::UUID = post_likes.post_id
2026-03-05 22:34:20,752 INFO sqlalchemy.engine.Engine [cached since 10.98s ago] {'param_1': UUID('00a8f5ff-e5c9-40c4-9d3d-a83681fbf0e4')}
2026-03-05 22:34:20,753 INFO sqlalchemy.engine.Engine SELECT post_likes.id AS post_likes_id, post_likes.post_id AS post_likes_post_id, post_likes.user_id AS post_likes_user_id, post_likes.created_at AS post_likes_created_at 
FROM post_likes 
WHERE %(param_1)s::UUID = post_likes.post_id
2026-03-05 22:34:20,753 INFO sqlalchemy.engine.Engine [cached since 10.99s ago] {'param_1': UUID('276e39a3-4ee1-4bbc-85f9-637e5cb9751b')}
2026-03-05 22:34:20,753 INFO sqlalchemy.engine.Engine SELECT post_likes.id AS post_likes_id, post_likes.post_id AS post_likes_post_id, post_likes.user_id AS post_likes_user_id, post_likes.created_at AS post_likes_created_at 
FROM post_likes 
WHERE %(param_1)s::UUID = post_likes.post_id
2026-03-05 22:34:20,753 INFO sqlalchemy.engine.Engine [cached since 10.99s ago] {'param_1': UUID('bed4d1a3-18b0-4d38-bc7a-189819a649eb')}
2026-03-05 22:34:20,754 INFO sqlalchemy.engine.Engine SELECT post_likes.id AS post_likes_id, post_likes.post_id AS post_likes_post_id, post_likes.user_id AS post_likes_user_id, post_likes.created_at AS post_likes_created_at 
FROM post_likes 
WHERE %(param_1)s::UUID = post_likes.post_id
2026-03-05 22:34:20,754 INFO sqlalchemy.engine.Engine [cached since 10.99s ago] {'param_1': UUID('2bcfef98-4ccf-4440-ab85-7484c368283f')}
2026-03-05 22:34:20,755 INFO sqlalchemy.engine.Engine SELECT post_likes.id AS post_likes_id, post_likes.post_id AS post_likes_post_id, post_likes.user_id AS post_likes_user_id, post_likes.created_at AS post_likes_created_at 
FROM post_likes 
WHERE %(param_1)s::UUID = post_likes.post_id
2026-03-05 22:34:20,755 INFO sqlalchemy.engine.Engine [cached since 10.99s ago] {'param_1': UUID('55a44323-55eb-4df1-aef5-43798d3a0893')}
2026-03-05 22:34:20,755 INFO sqlalchemy.engine.Engine SELECT post_likes.id AS post_likes_id, post_likes.post_id AS post_likes_post_id, post_likes.user_id AS post_likes_user_id, post_likes.created_at AS post_likes_created_at 
FROM post_likes 
WHERE %(param_1)s::UUID = post_likes.post_id
2026-03-05 22:34:20,755 INFO sqlalchemy.engine.Engine [cached since 10.99s ago] {'param_1': UUID('caa77e1b-50ba-4395-b180-744c84b21209')}
2026-03-05 22:34:20,756 INFO sqlalchemy.engine.Engine SELECT post_likes.id AS post_likes_id, post_likes.post_id AS post_likes_post_id, post_likes.user_id AS post_likes_user_id, post_likes.created_at AS post_likes_created_at 
FROM post_likes 
WHERE %(param_1)s::UUID = post_likes.post_id
2026-03-05 22:34:20,756 INFO sqlalchemy.engine.Engine [cached since 10.99s ago] {'param_1': UUID('ed0bae39-84ae-4f2e-a55f-565b8e8507f0')}
2026-03-05 22:34:20,756 INFO sqlalchemy.engine.Engine SELECT post_likes.id AS post_likes_id, post_likes.post_id AS post_likes_post_id, post_likes.user_id AS post_likes_user_id, post_likes.created_at AS post_likes_created_at 
FROM post_likes 
WHERE %(param_1)s::UUID = post_likes.post_id
2026-03-05 22:34:20,756 INFO sqlalchemy.engine.Engine [cached since 10.99s ago] {'param_1': UUID('36e96cd5-9ff3-48f8-9912-3e682e261dbe')}
2026-03-05 22:34:20,757 INFO sqlalchemy.engine.Engine SELECT post_likes.id AS post_likes_id, post_likes.post_id AS post_likes_post_id, post_likes.user_id AS post_likes_user_id, post_likes.created_at AS post_likes_created_at 
FROM post_likes 
WHERE %(param_1)s::UUID = post_likes.post_id
2026-03-05 22:34:20,757 INFO sqlalchemy.engine.Engine [cached since 10.99s ago] {'param_1': UUID('4661eb8b-561f-4682-8a46-fbf2e17a38d4')}
2026-03-05 22:34:20,757 INFO sqlalchemy.engine.Engine SELECT post_likes.id AS post_likes_id, post_likes.post_id AS post_likes_post_id, post_likes.user_id AS post_likes_user_id, post_likes.created_at AS post_likes_created_at 
FROM post_likes 
WHERE %(param_1)s::UUID = post_likes.post_id
2026-03-05 22:34:20,757 INFO sqlalchemy.engine.Engine [cached since 10.99s ago] {'param_1': UUID('65de6fb3-bf0e-436a-99c0-42463c3a837a')}
2026-03-05 22:34:20,758 INFO sqlalchemy.engine.Engine SELECT post_likes.id AS post_likes_id, post_likes.post_id AS post_likes_post_id, post_likes.user_id AS post_likes_user_id, post_likes.created_at AS post_likes_created_at 
FROM post_likes 
WHERE %(param_1)s::UUID = post_likes.post_id
2026-03-05 22:34:20,758 INFO sqlalchemy.engine.Engine [cached since 10.99s ago] {'param_1': UUID('f556cfdd-3750-4509-af62-e5ff4eca61e4')}
2026-03-05 22:34:20,759 INFO sqlalchemy.engine.Engine SELECT post_likes.id AS post_likes_id, post_likes.post_id AS post_likes_post_id, post_likes.user_id AS post_likes_user_id, post_likes.created_at AS post_likes_created_at 
FROM post_likes 
WHERE %(param_1)s::UUID = post_likes.post_id
2026-03-05 22:34:20,759 INFO sqlalchemy.engine.Engine [cached since 10.99s ago] {'param_1': UUID('f66e5b73-9b08-4342-9be3-bf1229aa3ce4')}
2026-03-05 22:34:20,759 INFO sqlalchemy.engine.Engine SELECT post_likes.id AS post_likes_id, post_likes.post_id AS post_likes_post_id, post_likes.user_id AS post_likes_user_id, post_likes.created_at AS post_likes_created_at 
FROM post_likes 
WHERE %(param_1)s::UUID = post_likes.post_id
2026-03-05 22:34:20,759 INFO sqlalchemy.engine.Engine [cached since 10.99s ago] {'param_1': UUID('13cbdcf9-c8d7-43a6-8b7c-fd830ae38cf0')}
2026-03-05 22:34:20,760 INFO sqlalchemy.engine.Engine SELECT post_likes.id AS post_likes_id, post_likes.post_id AS post_likes_post_id, post_likes.user_id AS post_likes_user_id, post_likes.created_at AS post_likes_created_at 
FROM post_likes 
WHERE %(param_1)s::UUID = post_likes.post_id
2026-03-05 22:34:20,760 INFO sqlalchemy.engine.Engine [cached since 10.99s ago] {'param_1': UUID('bbe9581a-7d83-4eed-a8b7-a9a9264cc6eb')}
2026-03-05 22:34:20,760 INFO sqlalchemy.engine.Engine SELECT post_likes.id AS post_likes_id, post_likes.post_id AS post_likes_post_id, post_likes.user_id AS post_likes_user_id, post_likes.created_at AS post_likes_created_at 
FROM post_likes 
WHERE %(param_1)s::UUID = post_likes.post_id
2026-03-05 22:34:20,760 INFO sqlalchemy.engine.Engine [cached since 10.99s ago] {'param_1': UUID('dfb1c314-9d7e-4167-83b0-efb7eca6a666')}
2026-03-05 22:34:20,761 INFO sqlalchemy.engine.Engine SELECT post_likes.id AS post_likes_id, post_likes.post_id AS post_likes_post_id, post_likes.user_id AS post_likes_user_id, post_likes.created_at AS post_likes_created_at 
FROM post_likes 
WHERE %(param_1)s::UUID = post_likes.post_id
2026-03-05 22:34:20,761 INFO sqlalchemy.engine.Engine [cached since 10.99s ago] {'param_1': UUID('215fd7e5-4819-4f08-978d-cc8cf24f54fd')}
2026-03-05 22:34:20,761 INFO sqlalchemy.engine.Engine SELECT users.id AS users_id, users.email AS users_email, users.username AS users_username, users.name AS users_name, users.password_hash AS users_password_hash, users.graduation_year AS users_graduation_year, users.bio AS users_bio, users.location AS users_location, users."current_role" AS users_current_role, users.profile_image_url AS users_profile_image_url, users.phone AS users_phone, users.linkedin_url AS users_linkedin_url, users.github_url AS users_github_url, users.twitter_handle AS users_twitter_handle, users.following_count AS users_following_count, users.followers_count AS users_followers_count, users.post_count AS users_post_count, users.is_active AS users_is_active, users.is_verified AS users_is_verified, users.role AS users_role, users.created_at AS users_created_at, users.updated_at AS users_updated_at, users.last_login_at AS users_last_login_at 
FROM users 
WHERE users.id = %(pk_1)s::UUID
2026-03-05 22:34:20,761 INFO sqlalchemy.engine.Engine [cached since 10.96s ago] {'pk_1': UUID('de320988-89c2-422e-b678-50641b34c157')}
2026-03-05 22:34:20,762 INFO sqlalchemy.engine.Engine SELECT users.id AS users_id, users.email AS users_email, users.username AS users_username, users.name AS users_name, users.password_hash AS users_password_hash, users.graduation_year AS users_graduation_year, users.bio AS users_bio, users.location AS users_location, users."current_role" AS users_current_role, users.profile_image_url AS users_profile_image_url, users.phone AS users_phone, users.linkedin_url AS users_linkedin_url, users.github_url AS users_github_url, users.twitter_handle AS users_twitter_handle, users.following_count AS users_following_count, users.followers_count AS users_followers_count, users.post_count AS users_post_count, users.is_active AS users_is_active, users.is_verified AS users_is_verified, users.role AS users_role, users.created_at AS users_created_at, users.updated_at AS users_updated_at, users.last_login_at AS users_last_login_at 
FROM users 
WHERE users.id = %(pk_1)s::UUID
2026-03-05 22:34:20,762 INFO sqlalchemy.engine.Engine [cached since 10.96s ago] {'pk_1': UUID('b6254dbe-aae1-49be-8ff3-c89050e36bdd')}
2026-03-05 22:34:20,763 INFO sqlalchemy.engine.Engine SELECT users.id AS users_id, users.email AS users_email, users.username AS users_username, users.name AS users_name, users.password_hash AS users_password_hash, users.graduation_year AS users_graduation_year, users.bio AS users_bio, users.location AS users_location, users."current_role" AS users_current_role, users.profile_image_url AS users_profile_image_url, users.phone AS users_phone, users.linkedin_url AS users_linkedin_url, users.github_url AS users_github_url, users.twitter_handle AS users_twitter_handle, users.following_count AS users_following_count, users.followers_count AS users_followers_count, users.post_count AS users_post_count, users.is_active AS users_is_active, users.is_verified AS users_is_verified, users.role AS users_role, users.created_at AS users_created_at, users.updated_at AS users_updated_at, users.last_login_at AS users_last_login_at 
FROM users 
WHERE users.id = %(pk_1)s::UUID
2026-03-05 22:34:20,763 INFO sqlalchemy.engine.Engine [cached since 10.96s ago] {'pk_1': UUID('67c3d747-c055-43c6-b140-b531a06f8216')}
2026-03-05 22:34:20,763 INFO sqlalchemy.engine.Engine SELECT users.id AS users_id, users.email AS users_email, users.username AS users_username, users.name AS users_name, users.password_hash AS users_password_hash, users.graduation_year AS users_graduation_year, users.bio AS users_bio, users.location AS users_location, users."current_role" AS users_current_role, users.profile_image_url AS users_profile_image_url, users.phone AS users_phone, users.linkedin_url AS users_linkedin_url, users.github_url AS users_github_url, users.twitter_handle AS users_twitter_handle, users.following_count AS users_following_count, users.followers_count AS users_followers_count, users.post_count AS users_post_count, users.is_active AS users_is_active, users.is_verified AS users_is_verified, users.role AS users_role, users.created_at AS users_created_at, users.updated_at AS users_updated_at, users.last_login_at AS users_last_login_at 
FROM users 
WHERE users.id = %(pk_1)s::UUID
2026-03-05 22:34:20,763 INFO sqlalchemy.engine.Engine [cached since 10.96s ago] {'pk_1': UUID('3f3ee1f3-c4ca-4f0b-87ab-8234cf974028')}
2026-03-05 22:34:20,764 INFO sqlalchemy.engine.Engine SELECT users.id AS users_id, users.email AS users_email, users.username AS users_username, users.name AS users_name, users.password_hash AS users_password_hash, users.graduation_year AS users_graduation_year, users.bio AS users_bio, users.location AS users_location, users."current_role" AS users_current_role, users.profile_image_url AS users_profile_image_url, users.phone AS users_phone, users.linkedin_url AS users_linkedin_url, users.github_url AS users_github_url, users.twitter_handle AS users_twitter_handle, users.following_count AS users_following_count, users.followers_count AS users_followers_count, users.post_count AS users_post_count, users.is_active AS users_is_active, users.is_verified AS users_is_verified, users.role AS users_role, users.created_at AS users_created_at, users.updated_at AS users_updated_at, users.last_login_at AS users_last_login_at 
FROM users 
WHERE users.id = %(pk_1)s::UUID
2026-03-05 22:34:20,764 INFO sqlalchemy.engine.Engine [cached since 10.96s ago] {'pk_1': UUID('7c392ee0-f071-4277-a074-7c8ed282a2b7')}
2026-03-05 22:34:20,765 INFO sqlalchemy.engine.Engine SELECT users.id AS users_id, users.email AS users_email, users.username AS users_username, users.name AS users_name, users.password_hash AS users_password_hash, users.graduation_year AS users_graduation_year, users.bio AS users_bio, users.location AS users_location, users."current_role" AS users_current_role, users.profile_image_url AS users_profile_image_url, users.phone AS users_phone, users.linkedin_url AS users_linkedin_url, users.github_url AS users_github_url, users.twitter_handle AS users_twitter_handle, users.following_count AS users_following_count, users.followers_count AS users_followers_count, users.post_count AS users_post_count, users.is_active AS users_is_active, users.is_verified AS users_is_verified, users.role AS users_role, users.created_at AS users_created_at, users.updated_at AS users_updated_at, users.last_login_at AS users_last_login_at 
FROM users 
WHERE users.id = %(pk_1)s::UUID
2026-03-05 22:34:20,765 INFO sqlalchemy.engine.Engine [cached since 10.96s ago] {'pk_1': UUID('4c68130b-ef88-4056-abca-743c903a2ee9')}
2026-03-05 22:34:20,766 INFO sqlalchemy.engine.Engine SELECT users.id AS users_id, users.email AS users_email, users.username AS users_username, users.name AS users_name, users.password_hash AS users_password_hash, users.graduation_year AS users_graduation_year, users.bio AS users_bio, users.location AS users_location, users."current_role" AS users_current_role, users.profile_image_url AS users_profile_image_url, users.phone AS users_phone, users.linkedin_url AS users_linkedin_url, users.github_url AS users_github_url, users.twitter_handle AS users_twitter_handle, users.following_count AS users_following_count, users.followers_count AS users_followers_count, users.post_count AS users_post_count, users.is_active AS users_is_active, users.is_verified AS users_is_verified, users.role AS users_role, users.created_at AS users_created_at, users.updated_at AS users_updated_at, users.last_login_at AS users_last_login_at 
FROM users 
WHERE users.id = %(pk_1)s::UUID
2026-03-05 22:34:20,766 INFO sqlalchemy.engine.Engine [cached since 10.96s ago] {'pk_1': UUID('06622cd2-be07-4627-9a40-40a808ea6675')}
2026-03-05 22:34:20,767 INFO sqlalchemy.engine.Engine SELECT users.id AS users_id, users.email AS users_email, users.username AS users_username, users.name AS users_name, users.password_hash AS users_password_hash, users.graduation_year AS users_graduation_year, users.bio AS users_bio, users.location AS users_location, users."current_role" AS users_current_role, users.profile_image_url AS users_profile_image_url, users.phone AS users_phone, users.linkedin_url AS users_linkedin_url, users.github_url AS users_github_url, users.twitter_handle AS users_twitter_handle, users.following_count AS users_following_count, users.followers_count AS users_followers_count, users.post_count AS users_post_count, users.is_active AS users_is_active, users.is_verified AS users_is_verified, users.role AS users_role, users.created_at AS users_created_at, users.updated_at AS users_updated_at, users.last_login_at AS users_last_login_at 
FROM users 
WHERE users.id = %(pk_1)s::UUID
2026-03-05 22:34:20,767 INFO sqlalchemy.engine.Engine [cached since 10.96s ago] {'pk_1': UUID('9b5e1b44-fc62-463b-aa97-b27295eab70d')}
INFO:     127.0.0.1:56740 - "GET /api/posts/?skip=0&limit=100&days=7 HTTP/1.1" 200 OK
2026-03-05 22:34:20,769 INFO sqlalchemy.engine.Engine ROLLBACK
INFO:     127.0.0.1:56740 - "OPTIONS /api/posts/?skip=0&limit=100&days=30 HTTP/1.1" 200 OK
2026-03-05 22:34:22,703 INFO sqlalchemy.engine.Engine BEGIN (implicit)
2026-03-05 22:34:22,704 INFO sqlalchemy.engine.Engine SELECT users.id AS users_id, users.email AS users_email, users.username AS users_username, users.name AS users_name, users.password_hash AS users_password_hash, users.graduation_year AS users_graduation_year, users.bio AS users_bio, users.location AS users_location, users."current_role" AS users_current_role, users.profile_image_url AS users_profile_image_url, users.phone AS users_phone, users.linkedin_url AS users_linkedin_url, users.github_url AS users_github_url, users.twitter_handle AS users_twitter_handle, users.following_count AS users_following_count, users.followers_count AS users_followers_count, users.post_count AS users_post_count, users.is_active AS users_is_active, users.is_verified AS users_is_verified, users.role AS users_role, users.created_at AS users_created_at, users.updated_at AS users_updated_at, users.last_login_at AS users_last_login_at 
FROM users 
WHERE users.id = %(id_1)s::UUID 
 LIMIT %(param_1)s
2026-03-05 22:34:22,704 INFO sqlalchemy.engine.Engine [cached since 12.94s ago] {'id_1': '39bc41c3-4c14-4803-9916-1ac891e4a1d1', 'param_1': 1}
2026-03-05 22:34:22,705 INFO sqlalchemy.engine.Engine SELECT posts.id AS posts_id, posts.user_id AS posts_user_id, posts.content AS posts_content, posts.media_urls AS posts_media_urls, posts.tag AS posts_tag, posts.likes_count AS posts_likes_count, posts.comments_count AS posts_comments_count, posts.reposts_count AS posts_reposts_count, posts.is_public AS posts_is_public, posts.is_anonymous AS posts_is_anonymous, posts.created_at AS posts_created_at, posts.updated_at AS posts_updated_at 
FROM posts 
WHERE posts.is_public = true AND posts.created_at >= %(created_at_1)s ORDER BY posts.created_at DESC 
 LIMIT %(param_1)s OFFSET %(param_2)s
2026-03-05 22:34:22,705 INFO sqlalchemy.engine.Engine [cached since 3.524s ago] {'created_at_1': datetime.datetime(2026, 2, 4, 6, 34, 22, 705444), 'param_1': 100, 'param_2': 0}
2026-03-05 22:34:22,707 INFO sqlalchemy.engine.Engine SELECT post_likes.id AS post_likes_id, post_likes.post_id AS post_likes_post_id, post_likes.user_id AS post_likes_user_id, post_likes.created_at AS post_likes_created_at 
FROM post_likes 
WHERE %(param_1)s::UUID = post_likes.post_id
2026-03-05 22:34:22,707 INFO sqlalchemy.engine.Engine [cached since 12.94s ago] {'param_1': UUID('8f9eb428-d564-48bf-b4d9-6b6b261541df')}
2026-03-05 22:34:22,708 INFO sqlalchemy.engine.Engine SELECT post_likes.id AS post_likes_id, post_likes.post_id AS post_likes_post_id, post_likes.user_id AS post_likes_user_id, post_likes.created_at AS post_likes_created_at 
FROM post_likes 
WHERE %(param_1)s::UUID = post_likes.post_id
2026-03-05 22:34:22,709 INFO sqlalchemy.engine.Engine [cached since 12.94s ago] {'param_1': UUID('04471309-cb15-47f0-971d-76bb5af0f165')}
2026-03-05 22:34:22,710 INFO sqlalchemy.engine.Engine SELECT post_likes.id AS post_likes_id, post_likes.post_id AS post_likes_post_id, post_likes.user_id AS post_likes_user_id, post_likes.created_at AS post_likes_created_at 
FROM post_likes 
WHERE %(param_1)s::UUID = post_likes.post_id
2026-03-05 22:34:22,710 INFO sqlalchemy.engine.Engine [cached since 12.94s ago] {'param_1': UUID('73f268f4-6baf-41c2-a7be-dc7129ae9aea')}
2026-03-05 22:34:22,711 INFO sqlalchemy.engine.Engine SELECT post_likes.id AS post_likes_id, post_likes.post_id AS post_likes_post_id, post_likes.user_id AS post_likes_user_id, post_likes.created_at AS post_likes_created_at 
FROM post_likes 
WHERE %(param_1)s::UUID = post_likes.post_id
2026-03-05 22:34:22,712 INFO sqlalchemy.engine.Engine [cached since 12.94s ago] {'param_1': UUID('1cb9890a-3bf2-41f6-b61d-346569f9edc8')}
2026-03-05 22:34:22,713 INFO sqlalchemy.engine.Engine SELECT post_likes.id AS post_likes_id, post_likes.post_id AS post_likes_post_id, post_likes.user_id AS post_likes_user_id, post_likes.created_at AS post_likes_created_at 
FROM post_likes 
WHERE %(param_1)s::UUID = post_likes.post_id
2026-03-05 22:34:22,713 INFO sqlalchemy.engine.Engine [cached since 12.95s ago] {'param_1': UUID('8ea4f56d-4ff6-467d-94b9-d0b4476c6fce')}
2026-03-05 22:34:22,714 INFO sqlalchemy.engine.Engine SELECT post_likes.id AS post_likes_id, post_likes.post_id AS post_likes_post_id, post_likes.user_id AS post_likes_user_id, post_likes.created_at AS post_likes_created_at 
FROM post_likes 
WHERE %(param_1)s::UUID = post_likes.post_id
2026-03-05 22:34:22,714 INFO sqlalchemy.engine.Engine [cached since 12.95s ago] {'param_1': UUID('f2ff4b63-8444-4f12-a102-60938c3fa067')}
2026-03-05 22:34:22,715 INFO sqlalchemy.engine.Engine SELECT post_likes.id AS post_likes_id, post_likes.post_id AS post_likes_post_id, post_likes.user_id AS post_likes_user_id, post_likes.created_at AS post_likes_created_at 
FROM post_likes 
WHERE %(param_1)s::UUID = post_likes.post_id
2026-03-05 22:34:22,715 INFO sqlalchemy.engine.Engine [cached since 12.95s ago] {'param_1': UUID('afcdbf47-93c9-499b-b287-fc9e8db0ee38')}
2026-03-05 22:34:22,715 INFO sqlalchemy.engine.Engine SELECT post_likes.id AS post_likes_id, post_likes.post_id AS post_likes_post_id, post_likes.user_id AS post_likes_user_id, post_likes.created_at AS post_likes_created_at 
FROM post_likes 
WHERE %(param_1)s::UUID = post_likes.post_id
2026-03-05 22:34:22,715 INFO sqlalchemy.engine.Engine [cached since 12.95s ago] {'param_1': UUID('a14f4a96-55cc-49fc-9323-22fb9e27f218')}
2026-03-05 22:34:22,716 INFO sqlalchemy.engine.Engine SELECT post_likes.id AS post_likes_id, post_likes.post_id AS post_likes_post_id, post_likes.user_id AS post_likes_user_id, post_likes.created_at AS post_likes_created_at 
FROM post_likes 
WHERE %(param_1)s::UUID = post_likes.post_id
2026-03-05 22:34:22,716 INFO sqlalchemy.engine.Engine [cached since 12.95s ago] {'param_1': UUID('58abbaa1-4680-4f63-92e3-bc3b0d0552d4')}
2026-03-05 22:34:22,716 INFO sqlalchemy.engine.Engine SELECT post_likes.id AS post_likes_id, post_likes.post_id AS post_likes_post_id, post_likes.user_id AS post_likes_user_id, post_likes.created_at AS post_likes_created_at 
FROM post_likes 
WHERE %(param_1)s::UUID = post_likes.post_id
2026-03-05 22:34:22,716 INFO sqlalchemy.engine.Engine [cached since 12.95s ago] {'param_1': UUID('a54ea154-5211-452e-a551-d3aea68c1259')}
2026-03-05 22:34:22,717 INFO sqlalchemy.engine.Engine SELECT post_likes.id AS post_likes_id, post_likes.post_id AS post_likes_post_id, post_likes.user_id AS post_likes_user_id, post_likes.created_at AS post_likes_created_at 
FROM post_likes 
WHERE %(param_1)s::UUID = post_likes.post_id
2026-03-05 22:34:22,717 INFO sqlalchemy.engine.Engine [cached since 12.95s ago] {'param_1': UUID('d7bdd0e6-56cc-4a82-a80b-a1db7c7b511f')}
2026-03-05 22:34:22,718 INFO sqlalchemy.engine.Engine SELECT post_likes.id AS post_likes_id, post_likes.post_id AS post_likes_post_id, post_likes.user_id AS post_likes_user_id, post_likes.created_at AS post_likes_created_at 
FROM post_likes 
WHERE %(param_1)s::UUID = post_likes.post_id
2026-03-05 22:34:22,718 INFO sqlalchemy.engine.Engine [cached since 12.95s ago] {'param_1': UUID('c272fdcc-f35b-4337-8e6d-9383aaeec194')}
2026-03-05 22:34:22,718 INFO sqlalchemy.engine.Engine SELECT post_likes.id AS post_likes_id, post_likes.post_id AS post_likes_post_id, post_likes.user_id AS post_likes_user_id, post_likes.created_at AS post_likes_created_at 
FROM post_likes 
WHERE %(param_1)s::UUID = post_likes.post_id
2026-03-05 22:34:22,718 INFO sqlalchemy.engine.Engine [cached since 12.95s ago] {'param_1': UUID('00a8f5ff-e5c9-40c4-9d3d-a83681fbf0e4')}
2026-03-05 22:34:22,719 INFO sqlalchemy.engine.Engine SELECT post_likes.id AS post_likes_id, post_likes.post_id AS post_likes_post_id, post_likes.user_id AS post_likes_user_id, post_likes.created_at AS post_likes_created_at 
FROM post_likes 
WHERE %(param_1)s::UUID = post_likes.post_id
2026-03-05 22:34:22,719 INFO sqlalchemy.engine.Engine [cached since 12.95s ago] {'param_1': UUID('276e39a3-4ee1-4bbc-85f9-637e5cb9751b')}
2026-03-05 22:34:22,720 INFO sqlalchemy.engine.Engine SELECT post_likes.id AS post_likes_id, post_likes.post_id AS post_likes_post_id, post_likes.user_id AS post_likes_user_id, post_likes.created_at AS post_likes_created_at 
FROM post_likes 
WHERE %(param_1)s::UUID = post_likes.post_id
2026-03-05 22:34:22,720 INFO sqlalchemy.engine.Engine [cached since 12.95s ago] {'param_1': UUID('bed4d1a3-18b0-4d38-bc7a-189819a649eb')}
2026-03-05 22:34:22,720 INFO sqlalchemy.engine.Engine SELECT post_likes.id AS post_likes_id, post_likes.post_id AS post_likes_post_id, post_likes.user_id AS post_likes_user_id, post_likes.created_at AS post_likes_created_at 
FROM post_likes 
WHERE %(param_1)s::UUID = post_likes.post_id
2026-03-05 22:34:22,720 INFO sqlalchemy.engine.Engine [cached since 12.95s ago] {'param_1': UUID('2bcfef98-4ccf-4440-ab85-7484c368283f')}
2026-03-05 22:34:22,720 INFO sqlalchemy.engine.Engine SELECT post_likes.id AS post_likes_id, post_likes.post_id AS post_likes_post_id, post_likes.user_id AS post_likes_user_id, post_likes.created_at AS post_likes_created_at 
FROM post_likes 
WHERE %(param_1)s::UUID = post_likes.post_id
2026-03-05 22:34:22,720 INFO sqlalchemy.engine.Engine [cached since 12.95s ago] {'param_1': UUID('55a44323-55eb-4df1-aef5-43798d3a0893')}
2026-03-05 22:34:22,721 INFO sqlalchemy.engine.Engine SELECT post_likes.id AS post_likes_id, post_likes.post_id AS post_likes_post_id, post_likes.user_id AS post_likes_user_id, post_likes.created_at AS post_likes_created_at 
FROM post_likes 
WHERE %(param_1)s::UUID = post_likes.post_id
2026-03-05 22:34:22,721 INFO sqlalchemy.engine.Engine [cached since 12.95s ago] {'param_1': UUID('caa77e1b-50ba-4395-b180-744c84b21209')}
2026-03-05 22:34:22,721 INFO sqlalchemy.engine.Engine SELECT post_likes.id AS post_likes_id, post_likes.post_id AS post_likes_post_id, post_likes.user_id AS post_likes_user_id, post_likes.created_at AS post_likes_created_at 
FROM post_likes 
WHERE %(param_1)s::UUID = post_likes.post_id
2026-03-05 22:34:22,722 INFO sqlalchemy.engine.Engine [cached since 12.95s ago] {'param_1': UUID('ed0bae39-84ae-4f2e-a55f-565b8e8507f0')}
2026-03-05 22:34:22,722 INFO sqlalchemy.engine.Engine SELECT post_likes.id AS post_likes_id, post_likes.post_id AS post_likes_post_id, post_likes.user_id AS post_likes_user_id, post_likes.created_at AS post_likes_created_at 
FROM post_likes 
WHERE %(param_1)s::UUID = post_likes.post_id
2026-03-05 22:34:22,722 INFO sqlalchemy.engine.Engine [cached since 12.95s ago] {'param_1': UUID('36e96cd5-9ff3-48f8-9912-3e682e261dbe')}
2026-03-05 22:34:22,723 INFO sqlalchemy.engine.Engine SELECT post_likes.id AS post_likes_id, post_likes.post_id AS post_likes_post_id, post_likes.user_id AS post_likes_user_id, post_likes.created_at AS post_likes_created_at 
FROM post_likes 
WHERE %(param_1)s::UUID = post_likes.post_id
2026-03-05 22:34:22,723 INFO sqlalchemy.engine.Engine [cached since 12.96s ago] {'param_1': UUID('4661eb8b-561f-4682-8a46-fbf2e17a38d4')}
2026-03-05 22:34:22,723 INFO sqlalchemy.engine.Engine SELECT post_likes.id AS post_likes_id, post_likes.post_id AS post_likes_post_id, post_likes.user_id AS post_likes_user_id, post_likes.created_at AS post_likes_created_at 
FROM post_likes 
WHERE %(param_1)s::UUID = post_likes.post_id
2026-03-05 22:34:22,723 INFO sqlalchemy.engine.Engine [cached since 12.96s ago] {'param_1': UUID('65de6fb3-bf0e-436a-99c0-42463c3a837a')}
2026-03-05 22:34:22,724 INFO sqlalchemy.engine.Engine SELECT post_likes.id AS post_likes_id, post_likes.post_id AS post_likes_post_id, post_likes.user_id AS post_likes_user_id, post_likes.created_at AS post_likes_created_at 
FROM post_likes 
WHERE %(param_1)s::UUID = post_likes.post_id
2026-03-05 22:34:22,724 INFO sqlalchemy.engine.Engine [cached since 12.96s ago] {'param_1': UUID('f556cfdd-3750-4509-af62-e5ff4eca61e4')}
2026-03-05 22:34:22,724 INFO sqlalchemy.engine.Engine SELECT post_likes.id AS post_likes_id, post_likes.post_id AS post_likes_post_id, post_likes.user_id AS post_likes_user_id, post_likes.created_at AS post_likes_created_at 
FROM post_likes 
WHERE %(param_1)s::UUID = post_likes.post_id
2026-03-05 22:34:22,724 INFO sqlalchemy.engine.Engine [cached since 12.96s ago] {'param_1': UUID('f66e5b73-9b08-4342-9be3-bf1229aa3ce4')}
2026-03-05 22:34:22,725 INFO sqlalchemy.engine.Engine SELECT post_likes.id AS post_likes_id, post_likes.post_id AS post_likes_post_id, post_likes.user_id AS post_likes_user_id, post_likes.created_at AS post_likes_created_at 
FROM post_likes 
WHERE %(param_1)s::UUID = post_likes.post_id
2026-03-05 22:34:22,725 INFO sqlalchemy.engine.Engine [cached since 12.96s ago] {'param_1': UUID('13cbdcf9-c8d7-43a6-8b7c-fd830ae38cf0')}
2026-03-05 22:34:22,725 INFO sqlalchemy.engine.Engine SELECT post_likes.id AS post_likes_id, post_likes.post_id AS post_likes_post_id, post_likes.user_id AS post_likes_user_id, post_likes.created_at AS post_likes_created_at 
FROM post_likes 
WHERE %(param_1)s::UUID = post_likes.post_id
2026-03-05 22:34:22,725 INFO sqlalchemy.engine.Engine [cached since 12.96s ago] {'param_1': UUID('bbe9581a-7d83-4eed-a8b7-a9a9264cc6eb')}
2026-03-05 22:34:22,726 INFO sqlalchemy.engine.Engine SELECT post_likes.id AS post_likes_id, post_likes.post_id AS post_likes_post_id, post_likes.user_id AS post_likes_user_id, post_likes.created_at AS post_likes_created_at 
FROM post_likes 
WHERE %(param_1)s::UUID = post_likes.post_id
2026-03-05 22:34:22,726 INFO sqlalchemy.engine.Engine [cached since 12.96s ago] {'param_1': UUID('dfb1c314-9d7e-4167-83b0-efb7eca6a666')}
2026-03-05 22:34:22,726 INFO sqlalchemy.engine.Engine SELECT post_likes.id AS post_likes_id, post_likes.post_id AS post_likes_post_id, post_likes.user_id AS post_likes_user_id, post_likes.created_at AS post_likes_created_at 
FROM post_likes 
WHERE %(param_1)s::UUID = post_likes.post_id
2026-03-05 22:34:22,726 INFO sqlalchemy.engine.Engine [cached since 12.96s ago] {'param_1': UUID('215fd7e5-4819-4f08-978d-cc8cf24f54fd')}
2026-03-05 22:34:22,727 INFO sqlalchemy.engine.Engine SELECT post_likes.id AS post_likes_id, post_likes.post_id AS post_likes_post_id, post_likes.user_id AS post_likes_user_id, post_likes.created_at AS post_likes_created_at 
FROM post_likes 
WHERE %(param_1)s::UUID = post_likes.post_id
2026-03-05 22:34:22,727 INFO sqlalchemy.engine.Engine [cached since 12.96s ago] {'param_1': UUID('4e55cb12-ec46-4704-aef8-691785eb6593')}
2026-03-05 22:34:22,727 INFO sqlalchemy.engine.Engine SELECT post_likes.id AS post_likes_id, post_likes.post_id AS post_likes_post_id, post_likes.user_id AS post_likes_user_id, post_likes.created_at AS post_likes_created_at 
FROM post_likes 
WHERE %(param_1)s::UUID = post_likes.post_id
2026-03-05 22:34:22,727 INFO sqlalchemy.engine.Engine [cached since 12.96s ago] {'param_1': UUID('0bd41a46-1e84-4003-9ae5-fabef8352886')}
2026-03-05 22:34:22,728 INFO sqlalchemy.engine.Engine SELECT post_likes.id AS post_likes_id, post_likes.post_id AS post_likes_post_id, post_likes.user_id AS post_likes_user_id, post_likes.created_at AS post_likes_created_at 
FROM post_likes 
WHERE %(param_1)s::UUID = post_likes.post_id
2026-03-05 22:34:22,728 INFO sqlalchemy.engine.Engine [cached since 12.96s ago] {'param_1': UUID('ba4439a3-b4e8-48a7-9959-5d2d7a18e01f')}
2026-03-05 22:34:22,728 INFO sqlalchemy.engine.Engine SELECT users.id AS users_id, users.email AS users_email, users.username AS users_username, users.name AS users_name, users.password_hash AS users_password_hash, users.graduation_year AS users_graduation_year, users.bio AS users_bio, users.location AS users_location, users."current_role" AS users_current_role, users.profile_image_url AS users_profile_image_url, users.phone AS users_phone, users.linkedin_url AS users_linkedin_url, users.github_url AS users_github_url, users.twitter_handle AS users_twitter_handle, users.following_count AS users_following_count, users.followers_count AS users_followers_count, users.post_count AS users_post_count, users.is_active AS users_is_active, users.is_verified AS users_is_verified, users.role AS users_role, users.created_at AS users_created_at, users.updated_at AS users_updated_at, users.last_login_at AS users_last_login_at 
FROM users 
WHERE users.id = %(pk_1)s::UUID
2026-03-05 22:34:22,728 INFO sqlalchemy.engine.Engine [cached since 12.93s ago] {'pk_1': UUID('de320988-89c2-422e-b678-50641b34c157')}
2026-03-05 22:34:22,729 INFO sqlalchemy.engine.Engine SELECT users.id AS users_id, users.email AS users_email, users.username AS users_username, users.name AS users_name, users.password_hash AS users_password_hash, users.graduation_year AS users_graduation_year, users.bio AS users_bio, users.location AS users_location, users."current_role" AS users_current_role, users.profile_image_url AS users_profile_image_url, users.phone AS users_phone, users.linkedin_url AS users_linkedin_url, users.github_url AS users_github_url, users.twitter_handle AS users_twitter_handle, users.following_count AS users_following_count, users.followers_count AS users_followers_count, users.post_count AS users_post_count, users.is_active AS users_is_active, users.is_verified AS users_is_verified, users.role AS users_role, users.created_at AS users_created_at, users.updated_at AS users_updated_at, users.last_login_at AS users_last_login_at 
FROM users 
WHERE users.id = %(pk_1)s::UUID
2026-03-05 22:34:22,729 INFO sqlalchemy.engine.Engine [cached since 12.93s ago] {'pk_1': UUID('b6254dbe-aae1-49be-8ff3-c89050e36bdd')}
2026-03-05 22:34:22,729 INFO sqlalchemy.engine.Engine SELECT users.id AS users_id, users.email AS users_email, users.username AS users_username, users.name AS users_name, users.password_hash AS users_password_hash, users.graduation_year AS users_graduation_year, users.bio AS users_bio, users.location AS users_location, users."current_role" AS users_current_role, users.profile_image_url AS users_profile_image_url, users.phone AS users_phone, users.linkedin_url AS users_linkedin_url, users.github_url AS users_github_url, users.twitter_handle AS users_twitter_handle, users.following_count AS users_following_count, users.followers_count AS users_followers_count, users.post_count AS users_post_count, users.is_active AS users_is_active, users.is_verified AS users_is_verified, users.role AS users_role, users.created_at AS users_created_at, users.updated_at AS users_updated_at, users.last_login_at AS users_last_login_at 
FROM users 
WHERE users.id = %(pk_1)s::UUID
2026-03-05 22:34:22,729 INFO sqlalchemy.engine.Engine [cached since 12.93s ago] {'pk_1': UUID('67c3d747-c055-43c6-b140-b531a06f8216')}
2026-03-05 22:34:22,730 INFO sqlalchemy.engine.Engine SELECT users.id AS users_id, users.email AS users_email, users.username AS users_username, users.name AS users_name, users.password_hash AS users_password_hash, users.graduation_year AS users_graduation_year, users.bio AS users_bio, users.location AS users_location, users."current_role" AS users_current_role, users.profile_image_url AS users_profile_image_url, users.phone AS users_phone, users.linkedin_url AS users_linkedin_url, users.github_url AS users_github_url, users.twitter_handle AS users_twitter_handle, users.following_count AS users_following_count, users.followers_count AS users_followers_count, users.post_count AS users_post_count, users.is_active AS users_is_active, users.is_verified AS users_is_verified, users.role AS users_role, users.created_at AS users_created_at, users.updated_at AS users_updated_at, users.last_login_at AS users_last_login_at 
FROM users 
WHERE users.id = %(pk_1)s::UUID
2026-03-05 22:34:22,730 INFO sqlalchemy.engine.Engine [cached since 12.93s ago] {'pk_1': UUID('3f3ee1f3-c4ca-4f0b-87ab-8234cf974028')}
2026-03-05 22:34:22,731 INFO sqlalchemy.engine.Engine SELECT users.id AS users_id, users.email AS users_email, users.username AS users_username, users.name AS users_name, users.password_hash AS users_password_hash, users.graduation_year AS users_graduation_year, users.bio AS users_bio, users.location AS users_location, users."current_role" AS users_current_role, users.profile_image_url AS users_profile_image_url, users.phone AS users_phone, users.linkedin_url AS users_linkedin_url, users.github_url AS users_github_url, users.twitter_handle AS users_twitter_handle, users.following_count AS users_following_count, users.followers_count AS users_followers_count, users.post_count AS users_post_count, users.is_active AS users_is_active, users.is_verified AS users_is_verified, users.role AS users_role, users.created_at AS users_created_at, users.updated_at AS users_updated_at, users.last_login_at AS users_last_login_at 
FROM users 
WHERE users.id = %(pk_1)s::UUID
2026-03-05 22:34:22,731 INFO sqlalchemy.engine.Engine [cached since 12.93s ago] {'pk_1': UUID('7c392ee0-f071-4277-a074-7c8ed282a2b7')}
2026-03-05 22:34:22,731 INFO sqlalchemy.engine.Engine SELECT users.id AS users_id, users.email AS users_email, users.username AS users_username, users.name AS users_name, users.password_hash AS users_password_hash, users.graduation_year AS users_graduation_year, users.bio AS users_bio, users.location AS users_location, users."current_role" AS users_current_role, users.profile_image_url AS users_profile_image_url, users.phone AS users_phone, users.linkedin_url AS users_linkedin_url, users.github_url AS users_github_url, users.twitter_handle AS users_twitter_handle, users.following_count AS users_following_count, users.followers_count AS users_followers_count, users.post_count AS users_post_count, users.is_active AS users_is_active, users.is_verified AS users_is_verified, users.role AS users_role, users.created_at AS users_created_at, users.updated_at AS users_updated_at, users.last_login_at AS users_last_login_at 
FROM users 
WHERE users.id = %(pk_1)s::UUID
2026-03-05 22:34:22,731 INFO sqlalchemy.engine.Engine [cached since 12.93s ago] {'pk_1': UUID('4c68130b-ef88-4056-abca-743c903a2ee9')}
2026-03-05 22:34:22,732 INFO sqlalchemy.engine.Engine SELECT users.id AS users_id, users.email AS users_email, users.username AS users_username, users.name AS users_name, users.password_hash AS users_password_hash, users.graduation_year AS users_graduation_year, users.bio AS users_bio, users.location AS users_location, users."current_role" AS users_current_role, users.profile_image_url AS users_profile_image_url, users.phone AS users_phone, users.linkedin_url AS users_linkedin_url, users.github_url AS users_github_url, users.twitter_handle AS users_twitter_handle, users.following_count AS users_following_count, users.followers_count AS users_followers_count, users.post_count AS users_post_count, users.is_active AS users_is_active, users.is_verified AS users_is_verified, users.role AS users_role, users.created_at AS users_created_at, users.updated_at AS users_updated_at, users.last_login_at AS users_last_login_at 
FROM users 
WHERE users.id = %(pk_1)s::UUID
2026-03-05 22:34:22,732 INFO sqlalchemy.engine.Engine [cached since 12.93s ago] {'pk_1': UUID('06622cd2-be07-4627-9a40-40a808ea6675')}
2026-03-05 22:34:22,733 INFO sqlalchemy.engine.Engine SELECT users.id AS users_id, users.email AS users_email, users.username AS users_username, users.name AS users_name, users.password_hash AS users_password_hash, users.graduation_year AS users_graduation_year, users.bio AS users_bio, users.location AS users_location, users."current_role" AS users_current_role, users.profile_image_url AS users_profile_image_url, users.phone AS users_phone, users.linkedin_url AS users_linkedin_url, users.github_url AS users_github_url, users.twitter_handle AS users_twitter_handle, users.following_count AS users_following_count, users.followers_count AS users_followers_count, users.post_count AS users_post_count, users.is_active AS users_is_active, users.is_verified AS users_is_verified, users.role AS users_role, users.created_at AS users_created_at, users.updated_at AS users_updated_at, users.last_login_at AS users_last_login_at 
FROM users 
WHERE users.id = %(pk_1)s::UUID
2026-03-05 22:34:22,733 INFO sqlalchemy.engine.Engine [cached since 12.93s ago] {'pk_1': UUID('9b5e1b44-fc62-463b-aa97-b27295eab70d')}
INFO:     127.0.0.1:56740 - "GET /api/posts/?skip=0&limit=100&days=30 HTTP/1.1" 200 OK
2026-03-05 22:34:22,735 INFO sqlalchemy.engine.Engine ROLLBACK
INFO:     127.0.0.1:56740 - "OPTIONS /api/posts/?skip=0&limit=100&days=90 HTTP/1.1" 200 OK
2026-03-05 22:34:23,454 INFO sqlalchemy.engine.Engine BEGIN (implicit)
2026-03-05 22:34:23,455 INFO sqlalchemy.engine.Engine SELECT users.id AS users_id, users.email AS users_email, users.username AS users_username, users.name AS users_name, users.password_hash AS users_password_hash, users.graduation_year AS users_graduation_year, users.bio AS users_bio, users.location AS users_location, users."current_role" AS users_current_role, users.profile_image_url AS users_profile_image_url, users.phone AS users_phone, users.linkedin_url AS users_linkedin_url, users.github_url AS users_github_url, users.twitter_handle AS users_twitter_handle, users.following_count AS users_following_count, users.followers_count AS users_followers_count, users.post_count AS users_post_count, users.is_active AS users_is_active, users.is_verified AS users_is_verified, users.role AS users_role, users.created_at AS users_created_at, users.updated_at AS users_updated_at, users.last_login_at AS users_last_login_at 
FROM users 
WHERE users.id = %(id_1)s::UUID 
 LIMIT %(param_1)s
2026-03-05 22:34:23,455 INFO sqlalchemy.engine.Engine [cached since 13.69s ago] {'id_1': '39bc41c3-4c14-4803-9916-1ac891e4a1d1', 'param_1': 1}
2026-03-05 22:34:23,457 INFO sqlalchemy.engine.Engine SELECT posts.id AS posts_id, posts.user_id AS posts_user_id, posts.content AS posts_content, posts.media_urls AS posts_media_urls, posts.tag AS posts_tag, posts.likes_count AS posts_likes_count, posts.comments_count AS posts_comments_count, posts.reposts_count AS posts_reposts_count, posts.is_public AS posts_is_public, posts.is_anonymous AS posts_is_anonymous, posts.created_at AS posts_created_at, posts.updated_at AS posts_updated_at 
FROM posts 
WHERE posts.is_public = true AND posts.created_at >= %(created_at_1)s ORDER BY posts.created_at DESC 
 LIMIT %(param_1)s OFFSET %(param_2)s
2026-03-05 22:34:23,457 INFO sqlalchemy.engine.Engine [cached since 4.275s ago] {'created_at_1': datetime.datetime(2025, 12, 6, 6, 34, 23, 456884), 'param_1': 100, 'param_2': 0}
2026-03-05 22:34:23,459 INFO sqlalchemy.engine.Engine SELECT post_likes.id AS post_likes_id, post_likes.post_id AS post_likes_post_id, post_likes.user_id AS post_likes_user_id, post_likes.created_at AS post_likes_created_at 
FROM post_likes 
WHERE %(param_1)s::UUID = post_likes.post_id
2026-03-05 22:34:23,459 INFO sqlalchemy.engine.Engine [cached since 13.69s ago] {'param_1': UUID('8f9eb428-d564-48bf-b4d9-6b6b261541df')}
2026-03-05 22:34:23,461 INFO sqlalchemy.engine.Engine SELECT post_likes.id AS post_likes_id, post_likes.post_id AS post_likes_post_id, post_likes.user_id AS post_likes_user_id, post_likes.created_at AS post_likes_created_at 
FROM post_likes 
WHERE %(param_1)s::UUID = post_likes.post_id
2026-03-05 22:34:23,462 INFO sqlalchemy.engine.Engine [cached since 13.69s ago] {'param_1': UUID('04471309-cb15-47f0-971d-76bb5af0f165')}
2026-03-05 22:34:23,463 INFO sqlalchemy.engine.Engine SELECT post_likes.id AS post_likes_id, post_likes.post_id AS post_likes_post_id, post_likes.user_id AS post_likes_user_id, post_likes.created_at AS post_likes_created_at 
FROM post_likes 
WHERE %(param_1)s::UUID = post_likes.post_id
2026-03-05 22:34:23,463 INFO sqlalchemy.engine.Engine [cached since 13.7s ago] {'param_1': UUID('73f268f4-6baf-41c2-a7be-dc7129ae9aea')}
2026-03-05 22:34:23,464 INFO sqlalchemy.engine.Engine SELECT post_likes.id AS post_likes_id, post_likes.post_id AS post_likes_post_id, post_likes.user_id AS post_likes_user_id, post_likes.created_at AS post_likes_created_at 
FROM post_likes 
WHERE %(param_1)s::UUID = post_likes.post_id
2026-03-05 22:34:23,465 INFO sqlalchemy.engine.Engine [cached since 13.7s ago] {'param_1': UUID('1cb9890a-3bf2-41f6-b61d-346569f9edc8')}
2026-03-05 22:34:23,466 INFO sqlalchemy.engine.Engine SELECT post_likes.id AS post_likes_id, post_likes.post_id AS post_likes_post_id, post_likes.user_id AS post_likes_user_id, post_likes.created_at AS post_likes_created_at 
FROM post_likes 
WHERE %(param_1)s::UUID = post_likes.post_id
2026-03-05 22:34:23,466 INFO sqlalchemy.engine.Engine [cached since 13.7s ago] {'param_1': UUID('8ea4f56d-4ff6-467d-94b9-d0b4476c6fce')}
2026-03-05 22:34:23,467 INFO sqlalchemy.engine.Engine SELECT post_likes.id AS post_likes_id, post_likes.post_id AS post_likes_post_id, post_likes.user_id AS post_likes_user_id, post_likes.created_at AS post_likes_created_at 
FROM post_likes 
WHERE %(param_1)s::UUID = post_likes.post_id
2026-03-05 22:34:23,467 INFO sqlalchemy.engine.Engine [cached since 13.7s ago] {'param_1': UUID('f2ff4b63-8444-4f12-a102-60938c3fa067')}
2026-03-05 22:34:23,469 INFO sqlalchemy.engine.Engine SELECT post_likes.id AS post_likes_id, post_likes.post_id AS post_likes_post_id, post_likes.user_id AS post_likes_user_id, post_likes.created_at AS post_likes_created_at 
FROM post_likes 
WHERE %(param_1)s::UUID = post_likes.post_id
2026-03-05 22:34:23,469 INFO sqlalchemy.engine.Engine [cached since 13.7s ago] {'param_1': UUID('afcdbf47-93c9-499b-b287-fc9e8db0ee38')}
2026-03-05 22:34:23,470 INFO sqlalchemy.engine.Engine SELECT post_likes.id AS post_likes_id, post_likes.post_id AS post_likes_post_id, post_likes.user_id AS post_likes_user_id, post_likes.created_at AS post_likes_created_at 
FROM post_likes 
WHERE %(param_1)s::UUID = post_likes.post_id
2026-03-05 22:34:23,470 INFO sqlalchemy.engine.Engine [cached since 13.7s ago] {'param_1': UUID('a14f4a96-55cc-49fc-9323-22fb9e27f218')}
2026-03-05 22:34:23,471 INFO sqlalchemy.engine.Engine SELECT post_likes.id AS post_likes_id, post_likes.post_id AS post_likes_post_id, post_likes.user_id AS post_likes_user_id, post_likes.created_at AS post_likes_created_at 
FROM post_likes 
WHERE %(param_1)s::UUID = post_likes.post_id
2026-03-05 22:34:23,471 INFO sqlalchemy.engine.Engine [cached since 13.7s ago] {'param_1': UUID('58abbaa1-4680-4f63-92e3-bc3b0d0552d4')}
2026-03-05 22:34:23,472 INFO sqlalchemy.engine.Engine SELECT post_likes.id AS post_likes_id, post_likes.post_id AS post_likes_post_id, post_likes.user_id AS post_likes_user_id, post_likes.created_at AS post_likes_created_at 
FROM post_likes 
WHERE %(param_1)s::UUID = post_likes.post_id
2026-03-05 22:34:23,472 INFO sqlalchemy.engine.Engine [cached since 13.7s ago] {'param_1': UUID('a54ea154-5211-452e-a551-d3aea68c1259')}
2026-03-05 22:34:23,473 INFO sqlalchemy.engine.Engine SELECT post_likes.id AS post_likes_id, post_likes.post_id AS post_likes_post_id, post_likes.user_id AS post_likes_user_id, post_likes.created_at AS post_likes_created_at 
FROM post_likes 
WHERE %(param_1)s::UUID = post_likes.post_id
2026-03-05 22:34:23,473 INFO sqlalchemy.engine.Engine [cached since 13.71s ago] {'param_1': UUID('d7bdd0e6-56cc-4a82-a80b-a1db7c7b511f')}
2026-03-05 22:34:23,474 INFO sqlalchemy.engine.Engine SELECT post_likes.id AS post_likes_id, post_likes.post_id AS post_likes_post_id, post_likes.user_id AS post_likes_user_id, post_likes.created_at AS post_likes_created_at 
FROM post_likes 
WHERE %(param_1)s::UUID = post_likes.post_id
2026-03-05 22:34:23,474 INFO sqlalchemy.engine.Engine [cached since 13.71s ago] {'param_1': UUID('c272fdcc-f35b-4337-8e6d-9383aaeec194')}
2026-03-05 22:34:23,474 INFO sqlalchemy.engine.Engine SELECT post_likes.id AS post_likes_id, post_likes.post_id AS post_likes_post_id, post_likes.user_id AS post_likes_user_id, post_likes.created_at AS post_likes_created_at 
FROM post_likes 
WHERE %(param_1)s::UUID = post_likes.post_id
2026-03-05 22:34:23,474 INFO sqlalchemy.engine.Engine [cached since 13.71s ago] {'param_1': UUID('00a8f5ff-e5c9-40c4-9d3d-a83681fbf0e4')}
2026-03-05 22:34:23,475 INFO sqlalchemy.engine.Engine SELECT post_likes.id AS post_likes_id, post_likes.post_id AS post_likes_post_id, post_likes.user_id AS post_likes_user_id, post_likes.created_at AS post_likes_created_at 
FROM post_likes 
WHERE %(param_1)s::UUID = post_likes.post_id
2026-03-05 22:34:23,475 INFO sqlalchemy.engine.Engine [cached since 13.71s ago] {'param_1': UUID('276e39a3-4ee1-4bbc-85f9-637e5cb9751b')}
2026-03-05 22:34:23,477 INFO sqlalchemy.engine.Engine SELECT post_likes.id AS post_likes_id, post_likes.post_id AS post_likes_post_id, post_likes.user_id AS post_likes_user_id, post_likes.created_at AS post_likes_created_at 
FROM post_likes 
WHERE %(param_1)s::UUID = post_likes.post_id
2026-03-05 22:34:23,477 INFO sqlalchemy.engine.Engine [cached since 13.71s ago] {'param_1': UUID('bed4d1a3-18b0-4d38-bc7a-189819a649eb')}
2026-03-05 22:34:23,477 INFO sqlalchemy.engine.Engine SELECT post_likes.id AS post_likes_id, post_likes.post_id AS post_likes_post_id, post_likes.user_id AS post_likes_user_id, post_likes.created_at AS post_likes_created_at 
FROM post_likes 
WHERE %(param_1)s::UUID = post_likes.post_id
2026-03-05 22:34:23,477 INFO sqlalchemy.engine.Engine [cached since 13.71s ago] {'param_1': UUID('2bcfef98-4ccf-4440-ab85-7484c368283f')}
2026-03-05 22:34:23,478 INFO sqlalchemy.engine.Engine SELECT post_likes.id AS post_likes_id, post_likes.post_id AS post_likes_post_id, post_likes.user_id AS post_likes_user_id, post_likes.created_at AS post_likes_created_at 
FROM post_likes 
WHERE %(param_1)s::UUID = post_likes.post_id
2026-03-05 22:34:23,478 INFO sqlalchemy.engine.Engine [cached since 13.71s ago] {'param_1': UUID('55a44323-55eb-4df1-aef5-43798d3a0893')}
2026-03-05 22:34:23,478 INFO sqlalchemy.engine.Engine SELECT post_likes.id AS post_likes_id, post_likes.post_id AS post_likes_post_id, post_likes.user_id AS post_likes_user_id, post_likes.created_at AS post_likes_created_at 
FROM post_likes 
WHERE %(param_1)s::UUID = post_likes.post_id
2026-03-05 22:34:23,478 INFO sqlalchemy.engine.Engine [cached since 13.71s ago] {'param_1': UUID('caa77e1b-50ba-4395-b180-744c84b21209')}
2026-03-05 22:34:23,479 INFO sqlalchemy.engine.Engine SELECT post_likes.id AS post_likes_id, post_likes.post_id AS post_likes_post_id, post_likes.user_id AS post_likes_user_id, post_likes.created_at AS post_likes_created_at 
FROM post_likes 
WHERE %(param_1)s::UUID = post_likes.post_id
2026-03-05 22:34:23,479 INFO sqlalchemy.engine.Engine [cached since 13.71s ago] {'param_1': UUID('ed0bae39-84ae-4f2e-a55f-565b8e8507f0')}
2026-03-05 22:34:23,479 INFO sqlalchemy.engine.Engine SELECT post_likes.id AS post_likes_id, post_likes.post_id AS post_likes_post_id, post_likes.user_id AS post_likes_user_id, post_likes.created_at AS post_likes_created_at 
FROM post_likes 
WHERE %(param_1)s::UUID = post_likes.post_id
2026-03-05 22:34:23,479 INFO sqlalchemy.engine.Engine [cached since 13.71s ago] {'param_1': UUID('36e96cd5-9ff3-48f8-9912-3e682e261dbe')}
2026-03-05 22:34:23,480 INFO sqlalchemy.engine.Engine SELECT post_likes.id AS post_likes_id, post_likes.post_id AS post_likes_post_id, post_likes.user_id AS post_likes_user_id, post_likes.created_at AS post_likes_created_at 
FROM post_likes 
WHERE %(param_1)s::UUID = post_likes.post_id
2026-03-05 22:34:23,480 INFO sqlalchemy.engine.Engine [cached since 13.71s ago] {'param_1': UUID('4661eb8b-561f-4682-8a46-fbf2e17a38d4')}
2026-03-05 22:34:23,480 INFO sqlalchemy.engine.Engine SELECT post_likes.id AS post_likes_id, post_likes.post_id AS post_likes_post_id, post_likes.user_id AS post_likes_user_id, post_likes.created_at AS post_likes_created_at 
FROM post_likes 
WHERE %(param_1)s::UUID = post_likes.post_id
2026-03-05 22:34:23,480 INFO sqlalchemy.engine.Engine [cached since 13.71s ago] {'param_1': UUID('65de6fb3-bf0e-436a-99c0-42463c3a837a')}
2026-03-05 22:34:23,481 INFO sqlalchemy.engine.Engine SELECT post_likes.id AS post_likes_id, post_likes.post_id AS post_likes_post_id, post_likes.user_id AS post_likes_user_id, post_likes.created_at AS post_likes_created_at 
FROM post_likes 
WHERE %(param_1)s::UUID = post_likes.post_id
2026-03-05 22:34:23,481 INFO sqlalchemy.engine.Engine [cached since 13.71s ago] {'param_1': UUID('f556cfdd-3750-4509-af62-e5ff4eca61e4')}
2026-03-05 22:34:23,481 INFO sqlalchemy.engine.Engine SELECT post_likes.id AS post_likes_id, post_likes.post_id AS post_likes_post_id, post_likes.user_id AS post_likes_user_id, post_likes.created_at AS post_likes_created_at 
FROM post_likes 
WHERE %(param_1)s::UUID = post_likes.post_id
2026-03-05 22:34:23,481 INFO sqlalchemy.engine.Engine [cached since 13.71s ago] {'param_1': UUID('f66e5b73-9b08-4342-9be3-bf1229aa3ce4')}
2026-03-05 22:34:23,482 INFO sqlalchemy.engine.Engine SELECT post_likes.id AS post_likes_id, post_likes.post_id AS post_likes_post_id, post_likes.user_id AS post_likes_user_id, post_likes.created_at AS post_likes_created_at 
FROM post_likes 
WHERE %(param_1)s::UUID = post_likes.post_id
2026-03-05 22:34:23,482 INFO sqlalchemy.engine.Engine [cached since 13.71s ago] {'param_1': UUID('13cbdcf9-c8d7-43a6-8b7c-fd830ae38cf0')}
2026-03-05 22:34:23,482 INFO sqlalchemy.engine.Engine SELECT post_likes.id AS post_likes_id, post_likes.post_id AS post_likes_post_id, post_likes.user_id AS post_likes_user_id, post_likes.created_at AS post_likes_created_at 
FROM post_likes 
WHERE %(param_1)s::UUID = post_likes.post_id
2026-03-05 22:34:23,482 INFO sqlalchemy.engine.Engine [cached since 13.71s ago] {'param_1': UUID('bbe9581a-7d83-4eed-a8b7-a9a9264cc6eb')}
2026-03-05 22:34:23,483 INFO sqlalchemy.engine.Engine SELECT post_likes.id AS post_likes_id, post_likes.post_id AS post_likes_post_id, post_likes.user_id AS post_likes_user_id, post_likes.created_at AS post_likes_created_at 
FROM post_likes 
WHERE %(param_1)s::UUID = post_likes.post_id
2026-03-05 22:34:23,483 INFO sqlalchemy.engine.Engine [cached since 13.72s ago] {'param_1': UUID('dfb1c314-9d7e-4167-83b0-efb7eca6a666')}
2026-03-05 22:34:23,484 INFO sqlalchemy.engine.Engine SELECT post_likes.id AS post_likes_id, post_likes.post_id AS post_likes_post_id, post_likes.user_id AS post_likes_user_id, post_likes.created_at AS post_likes_created_at 
FROM post_likes 
WHERE %(param_1)s::UUID = post_likes.post_id
2026-03-05 22:34:23,484 INFO sqlalchemy.engine.Engine [cached since 13.72s ago] {'param_1': UUID('215fd7e5-4819-4f08-978d-cc8cf24f54fd')}
2026-03-05 22:34:23,484 INFO sqlalchemy.engine.Engine SELECT post_likes.id AS post_likes_id, post_likes.post_id AS post_likes_post_id, post_likes.user_id AS post_likes_user_id, post_likes.created_at AS post_likes_created_at 
FROM post_likes 
WHERE %(param_1)s::UUID = post_likes.post_id
2026-03-05 22:34:23,484 INFO sqlalchemy.engine.Engine [cached since 13.72s ago] {'param_1': UUID('4e55cb12-ec46-4704-aef8-691785eb6593')}
2026-03-05 22:34:23,484 INFO sqlalchemy.engine.Engine SELECT post_likes.id AS post_likes_id, post_likes.post_id AS post_likes_post_id, post_likes.user_id AS post_likes_user_id, post_likes.created_at AS post_likes_created_at 
FROM post_likes 
WHERE %(param_1)s::UUID = post_likes.post_id
2026-03-05 22:34:23,485 INFO sqlalchemy.engine.Engine [cached since 13.72s ago] {'param_1': UUID('0bd41a46-1e84-4003-9ae5-fabef8352886')}
2026-03-05 22:34:23,485 INFO sqlalchemy.engine.Engine SELECT post_likes.id AS post_likes_id, post_likes.post_id AS post_likes_post_id, post_likes.user_id AS post_likes_user_id, post_likes.created_at AS post_likes_created_at 
FROM post_likes 
WHERE %(param_1)s::UUID = post_likes.post_id
2026-03-05 22:34:23,485 INFO sqlalchemy.engine.Engine [cached since 13.72s ago] {'param_1': UUID('ba4439a3-b4e8-48a7-9959-5d2d7a18e01f')}
2026-03-05 22:34:23,486 INFO sqlalchemy.engine.Engine SELECT users.id AS users_id, users.email AS users_email, users.username AS users_username, users.name AS users_name, users.password_hash AS users_password_hash, users.graduation_year AS users_graduation_year, users.bio AS users_bio, users.location AS users_location, users."current_role" AS users_current_role, users.profile_image_url AS users_profile_image_url, users.phone AS users_phone, users.linkedin_url AS users_linkedin_url, users.github_url AS users_github_url, users.twitter_handle AS users_twitter_handle, users.following_count AS users_following_count, users.followers_count AS users_followers_count, users.post_count AS users_post_count, users.is_active AS users_is_active, users.is_verified AS users_is_verified, users.role AS users_role, users.created_at AS users_created_at, users.updated_at AS users_updated_at, users.last_login_at AS users_last_login_at 
FROM users 
WHERE users.id = %(pk_1)s::UUID
2026-03-05 22:34:23,486 INFO sqlalchemy.engine.Engine [cached since 13.68s ago] {'pk_1': UUID('de320988-89c2-422e-b678-50641b34c157')}
2026-03-05 22:34:23,486 INFO sqlalchemy.engine.Engine SELECT users.id AS users_id, users.email AS users_email, users.username AS users_username, users.name AS users_name, users.password_hash AS users_password_hash, users.graduation_year AS users_graduation_year, users.bio AS users_bio, users.location AS users_location, users."current_role" AS users_current_role, users.profile_image_url AS users_profile_image_url, users.phone AS users_phone, users.linkedin_url AS users_linkedin_url, users.github_url AS users_github_url, users.twitter_handle AS users_twitter_handle, users.following_count AS users_following_count, users.followers_count AS users_followers_count, users.post_count AS users_post_count, users.is_active AS users_is_active, users.is_verified AS users_is_verified, users.role AS users_role, users.created_at AS users_created_at, users.updated_at AS users_updated_at, users.last_login_at AS users_last_login_at 
FROM users 
WHERE users.id = %(pk_1)s::UUID
2026-03-05 22:34:23,486 INFO sqlalchemy.engine.Engine [cached since 13.68s ago] {'pk_1': UUID('b6254dbe-aae1-49be-8ff3-c89050e36bdd')}
2026-03-05 22:34:23,487 INFO sqlalchemy.engine.Engine SELECT users.id AS users_id, users.email AS users_email, users.username AS users_username, users.name AS users_name, users.password_hash AS users_password_hash, users.graduation_year AS users_graduation_year, users.bio AS users_bio, users.location AS users_location, users."current_role" AS users_current_role, users.profile_image_url AS users_profile_image_url, users.phone AS users_phone, users.linkedin_url AS users_linkedin_url, users.github_url AS users_github_url, users.twitter_handle AS users_twitter_handle, users.following_count AS users_following_count, users.followers_count AS users_followers_count, users.post_count AS users_post_count, users.is_active AS users_is_active, users.is_verified AS users_is_verified, users.role AS users_role, users.created_at AS users_created_at, users.updated_at AS users_updated_at, users.last_login_at AS users_last_login_at 
FROM users 
WHERE users.id = %(pk_1)s::UUID
2026-03-05 22:34:23,487 INFO sqlalchemy.engine.Engine [cached since 13.68s ago] {'pk_1': UUID('67c3d747-c055-43c6-b140-b531a06f8216')}
2026-03-05 22:34:23,488 INFO sqlalchemy.engine.Engine SELECT users.id AS users_id, users.email AS users_email, users.username AS users_username, users.name AS users_name, users.password_hash AS users_password_hash, users.graduation_year AS users_graduation_year, users.bio AS users_bio, users.location AS users_location, users."current_role" AS users_current_role, users.profile_image_url AS users_profile_image_url, users.phone AS users_phone, users.linkedin_url AS users_linkedin_url, users.github_url AS users_github_url, users.twitter_handle AS users_twitter_handle, users.following_count AS users_following_count, users.followers_count AS users_followers_count, users.post_count AS users_post_count, users.is_active AS users_is_active, users.is_verified AS users_is_verified, users.role AS users_role, users.created_at AS users_created_at, users.updated_at AS users_updated_at, users.last_login_at AS users_last_login_at 
FROM users 
WHERE users.id = %(pk_1)s::UUID
2026-03-05 22:34:23,488 INFO sqlalchemy.engine.Engine [cached since 13.69s ago] {'pk_1': UUID('3f3ee1f3-c4ca-4f0b-87ab-8234cf974028')}
2026-03-05 22:34:23,488 INFO sqlalchemy.engine.Engine SELECT users.id AS users_id, users.email AS users_email, users.username AS users_username, users.name AS users_name, users.password_hash AS users_password_hash, users.graduation_year AS users_graduation_year, users.bio AS users_bio, users.location AS users_location, users."current_role" AS users_current_role, users.profile_image_url AS users_profile_image_url, users.phone AS users_phone, users.linkedin_url AS users_linkedin_url, users.github_url AS users_github_url, users.twitter_handle AS users_twitter_handle, users.following_count AS users_following_count, users.followers_count AS users_followers_count, users.post_count AS users_post_count, users.is_active AS users_is_active, users.is_verified AS users_is_verified, users.role AS users_role, users.created_at AS users_created_at, users.updated_at AS users_updated_at, users.last_login_at AS users_last_login_at 
FROM users 
WHERE users.id = %(pk_1)s::UUID
2026-03-05 22:34:23,488 INFO sqlalchemy.engine.Engine [cached since 13.69s ago] {'pk_1': UUID('7c392ee0-f071-4277-a074-7c8ed282a2b7')}
2026-03-05 22:34:23,489 INFO sqlalchemy.engine.Engine SELECT users.id AS users_id, users.email AS users_email, users.username AS users_username, users.name AS users_name, users.password_hash AS users_password_hash, users.graduation_year AS users_graduation_year, users.bio AS users_bio, users.location AS users_location, users."current_role" AS users_current_role, users.profile_image_url AS users_profile_image_url, users.phone AS users_phone, users.linkedin_url AS users_linkedin_url, users.github_url AS users_github_url, users.twitter_handle AS users_twitter_handle, users.following_count AS users_following_count, users.followers_count AS users_followers_count, users.post_count AS users_post_count, users.is_active AS users_is_active, users.is_verified AS users_is_verified, users.role AS users_role, users.created_at AS users_created_at, users.updated_at AS users_updated_at, users.last_login_at AS users_last_login_at 
FROM users 
WHERE users.id = %(pk_1)s::UUID
2026-03-05 22:34:23,489 INFO sqlalchemy.engine.Engine [cached since 13.69s ago] {'pk_1': UUID('4c68130b-ef88-4056-abca-743c903a2ee9')}
2026-03-05 22:34:23,490 INFO sqlalchemy.engine.Engine SELECT users.id AS users_id, users.email AS users_email, users.username AS users_username, users.name AS users_name, users.password_hash AS users_password_hash, users.graduation_year AS users_graduation_year, users.bio AS users_bio, users.location AS users_location, users."current_role" AS users_current_role, users.profile_image_url AS users_profile_image_url, users.phone AS users_phone, users.linkedin_url AS users_linkedin_url, users.github_url AS users_github_url, users.twitter_handle AS users_twitter_handle, users.following_count AS users_following_count, users.followers_count AS users_followers_count, users.post_count AS users_post_count, users.is_active AS users_is_active, users.is_verified AS users_is_verified, users.role AS users_role, users.created_at AS users_created_at, users.updated_at AS users_updated_at, users.last_login_at AS users_last_login_at 
FROM users 
WHERE users.id = %(pk_1)s::UUID
2026-03-05 22:34:23,490 INFO sqlalchemy.engine.Engine [cached since 13.69s ago] {'pk_1': UUID('06622cd2-be07-4627-9a40-40a808ea6675')}
2026-03-05 22:34:23,491 INFO sqlalchemy.engine.Engine SELECT users.id AS users_id, users.email AS users_email, users.username AS users_username, users.name AS users_name, users.password_hash AS users_password_hash, users.graduation_year AS users_graduation_year, users.bio AS users_bio, users.location AS users_location, users."current_role" AS users_current_role, users.profile_image_url AS users_profile_image_url, users.phone AS users_phone, users.linkedin_url AS users_linkedin_url, users.github_url AS users_github_url, users.twitter_handle AS users_twitter_handle, users.following_count AS users_following_count, users.followers_count AS users_followers_count, users.post_count AS users_post_count, users.is_active AS users_is_active, users.is_verified AS users_is_verified, users.role AS users_role, users.created_at AS users_created_at, users.updated_at AS users_updated_at, users.last_login_at AS users_last_login_at 
FROM users 
WHERE users.id = %(pk_1)s::UUID
2026-03-05 22:34:23,491 INFO sqlalchemy.engine.Engine [cached since 13.69s ago] {'pk_1': UUID('9b5e1b44-fc62-463b-aa97-b27295eab70d')}
INFO:     127.0.0.1:56746 - "GET /api/posts/?skip=0&limit=100&days=90 HTTP/1.1" 200 OK
2026-03-05 22:34:23,493 INFO sqlalchemy.engine.Engine ROLLBACK
2026-03-05 22:34:24,657 INFO sqlalchemy.engine.Engine BEGIN (implicit)
2026-03-05 22:34:24,658 INFO sqlalchemy.engine.Engine SELECT users.id AS users_id, users.email AS users_email, users.username AS users_username, users.name AS users_name, users.password_hash AS users_password_hash, users.graduation_year AS users_graduation_year, users.bio AS users_bio, users.location AS users_location, users."current_role" AS users_current_role, users.profile_image_url AS users_profile_image_url, users.phone AS users_phone, users.linkedin_url AS users_linkedin_url, users.github_url AS users_github_url, users.twitter_handle AS users_twitter_handle, users.following_count AS users_following_count, users.followers_count AS users_followers_count, users.post_count AS users_post_count, users.is_active AS users_is_active, users.is_verified AS users_is_verified, users.role AS users_role, users.created_at AS users_created_at, users.updated_at AS users_updated_at, users.last_login_at AS users_last_login_at 
FROM users 
WHERE users.id = %(id_1)s::UUID 
 LIMIT %(param_1)s
2026-03-05 22:34:24,658 INFO sqlalchemy.engine.Engine [cached since 14.9s ago] {'id_1': '39bc41c3-4c14-4803-9916-1ac891e4a1d1', 'param_1': 1}
2026-03-05 22:34:24,660 INFO sqlalchemy.engine.Engine SELECT posts.id AS posts_id, posts.user_id AS posts_user_id, posts.content AS posts_content, posts.media_urls AS posts_media_urls, posts.tag AS posts_tag, posts.likes_count AS posts_likes_count, posts.comments_count AS posts_comments_count, posts.reposts_count AS posts_reposts_count, posts.is_public AS posts_is_public, posts.is_anonymous AS posts_is_anonymous, posts.created_at AS posts_created_at, posts.updated_at AS posts_updated_at 
FROM posts 
WHERE posts.is_public = true ORDER BY posts.created_at DESC 
 LIMIT %(param_1)s OFFSET %(param_2)s
2026-03-05 22:34:24,660 INFO sqlalchemy.engine.Engine [cached since 14.89s ago] {'param_1': 100, 'param_2': 0}
2026-03-05 22:34:24,661 INFO sqlalchemy.engine.Engine SELECT post_likes.id AS post_likes_id, post_likes.post_id AS post_likes_post_id, post_likes.user_id AS post_likes_user_id, post_likes.created_at AS post_likes_created_at 
FROM post_likes 
WHERE %(param_1)s::UUID = post_likes.post_id
2026-03-05 22:34:24,661 INFO sqlalchemy.engine.Engine [cached since 14.89s ago] {'param_1': UUID('8f9eb428-d564-48bf-b4d9-6b6b261541df')}
2026-03-05 22:34:24,662 INFO sqlalchemy.engine.Engine SELECT post_likes.id AS post_likes_id, post_likes.post_id AS post_likes_post_id, post_likes.user_id AS post_likes_user_id, post_likes.created_at AS post_likes_created_at 
FROM post_likes 
WHERE %(param_1)s::UUID = post_likes.post_id
2026-03-05 22:34:24,662 INFO sqlalchemy.engine.Engine [cached since 14.89s ago] {'param_1': UUID('04471309-cb15-47f0-971d-76bb5af0f165')}
2026-03-05 22:34:24,664 INFO sqlalchemy.engine.Engine SELECT post_likes.id AS post_likes_id, post_likes.post_id AS post_likes_post_id, post_likes.user_id AS post_likes_user_id, post_likes.created_at AS post_likes_created_at 
FROM post_likes 
WHERE %(param_1)s::UUID = post_likes.post_id
2026-03-05 22:34:24,664 INFO sqlalchemy.engine.Engine [cached since 14.9s ago] {'param_1': UUID('73f268f4-6baf-41c2-a7be-dc7129ae9aea')}
2026-03-05 22:34:24,666 INFO sqlalchemy.engine.Engine SELECT post_likes.id AS post_likes_id, post_likes.post_id AS post_likes_post_id, post_likes.user_id AS post_likes_user_id, post_likes.created_at AS post_likes_created_at 
FROM post_likes 
WHERE %(param_1)s::UUID = post_likes.post_id
2026-03-05 22:34:24,666 INFO sqlalchemy.engine.Engine [cached since 14.9s ago] {'param_1': UUID('1cb9890a-3bf2-41f6-b61d-346569f9edc8')}
2026-03-05 22:34:24,667 INFO sqlalchemy.engine.Engine SELECT post_likes.id AS post_likes_id, post_likes.post_id AS post_likes_post_id, post_likes.user_id AS post_likes_user_id, post_likes.created_at AS post_likes_created_at 
FROM post_likes 
WHERE %(param_1)s::UUID = post_likes.post_id
2026-03-05 22:34:24,668 INFO sqlalchemy.engine.Engine [cached since 14.9s ago] {'param_1': UUID('8ea4f56d-4ff6-467d-94b9-d0b4476c6fce')}
2026-03-05 22:34:24,669 INFO sqlalchemy.engine.Engine SELECT post_likes.id AS post_likes_id, post_likes.post_id AS post_likes_post_id, post_likes.user_id AS post_likes_user_id, post_likes.created_at AS post_likes_created_at 
FROM post_likes 
WHERE %(param_1)s::UUID = post_likes.post_id
2026-03-05 22:34:24,669 INFO sqlalchemy.engine.Engine [cached since 14.9s ago] {'param_1': UUID('f2ff4b63-8444-4f12-a102-60938c3fa067')}
2026-03-05 22:34:24,670 INFO sqlalchemy.engine.Engine SELECT post_likes.id AS post_likes_id, post_likes.post_id AS post_likes_post_id, post_likes.user_id AS post_likes_user_id, post_likes.created_at AS post_likes_created_at 
FROM post_likes 
WHERE %(param_1)s::UUID = post_likes.post_id
2026-03-05 22:34:24,670 INFO sqlalchemy.engine.Engine [cached since 14.9s ago] {'param_1': UUID('afcdbf47-93c9-499b-b287-fc9e8db0ee38')}
2026-03-05 22:34:24,670 INFO sqlalchemy.engine.Engine SELECT post_likes.id AS post_likes_id, post_likes.post_id AS post_likes_post_id, post_likes.user_id AS post_likes_user_id, post_likes.created_at AS post_likes_created_at 
FROM post_likes 
WHERE %(param_1)s::UUID = post_likes.post_id
2026-03-05 22:34:24,670 INFO sqlalchemy.engine.Engine [cached since 14.9s ago] {'param_1': UUID('a14f4a96-55cc-49fc-9323-22fb9e27f218')}
2026-03-05 22:34:24,672 INFO sqlalchemy.engine.Engine SELECT post_likes.id AS post_likes_id, post_likes.post_id AS post_likes_post_id, post_likes.user_id AS post_likes_user_id, post_likes.created_at AS post_likes_created_at 
FROM post_likes 
WHERE %(param_1)s::UUID = post_likes.post_id
2026-03-05 22:34:24,672 INFO sqlalchemy.engine.Engine [cached since 14.9s ago] {'param_1': UUID('58abbaa1-4680-4f63-92e3-bc3b0d0552d4')}
2026-03-05 22:34:24,672 INFO sqlalchemy.engine.Engine SELECT post_likes.id AS post_likes_id, post_likes.post_id AS post_likes_post_id, post_likes.user_id AS post_likes_user_id, post_likes.created_at AS post_likes_created_at 
FROM post_likes 
WHERE %(param_1)s::UUID = post_likes.post_id
2026-03-05 22:34:24,672 INFO sqlalchemy.engine.Engine [cached since 14.9s ago] {'param_1': UUID('a54ea154-5211-452e-a551-d3aea68c1259')}
2026-03-05 22:34:24,673 INFO sqlalchemy.engine.Engine SELECT post_likes.id AS post_likes_id, post_likes.post_id AS post_likes_post_id, post_likes.user_id AS post_likes_user_id, post_likes.created_at AS post_likes_created_at 
FROM post_likes 
WHERE %(param_1)s::UUID = post_likes.post_id
2026-03-05 22:34:24,673 INFO sqlalchemy.engine.Engine [cached since 14.91s ago] {'param_1': UUID('d7bdd0e6-56cc-4a82-a80b-a1db7c7b511f')}
2026-03-05 22:34:24,674 INFO sqlalchemy.engine.Engine SELECT post_likes.id AS post_likes_id, post_likes.post_id AS post_likes_post_id, post_likes.user_id AS post_likes_user_id, post_likes.created_at AS post_likes_created_at 
FROM post_likes 
WHERE %(param_1)s::UUID = post_likes.post_id
2026-03-05 22:34:24,674 INFO sqlalchemy.engine.Engine [cached since 14.91s ago] {'param_1': UUID('c272fdcc-f35b-4337-8e6d-9383aaeec194')}
2026-03-05 22:34:24,675 INFO sqlalchemy.engine.Engine SELECT post_likes.id AS post_likes_id, post_likes.post_id AS post_likes_post_id, post_likes.user_id AS post_likes_user_id, post_likes.created_at AS post_likes_created_at 
FROM post_likes 
WHERE %(param_1)s::UUID = post_likes.post_id
2026-03-05 22:34:24,675 INFO sqlalchemy.engine.Engine [cached since 14.91s ago] {'param_1': UUID('00a8f5ff-e5c9-40c4-9d3d-a83681fbf0e4')}
2026-03-05 22:34:24,675 INFO sqlalchemy.engine.Engine SELECT post_likes.id AS post_likes_id, post_likes.post_id AS post_likes_post_id, post_likes.user_id AS post_likes_user_id, post_likes.created_at AS post_likes_created_at 
FROM post_likes 
WHERE %(param_1)s::UUID = post_likes.post_id
2026-03-05 22:34:24,675 INFO sqlalchemy.engine.Engine [cached since 14.91s ago] {'param_1': UUID('276e39a3-4ee1-4bbc-85f9-637e5cb9751b')}
2026-03-05 22:34:24,676 INFO sqlalchemy.engine.Engine SELECT post_likes.id AS post_likes_id, post_likes.post_id AS post_likes_post_id, post_likes.user_id AS post_likes_user_id, post_likes.created_at AS post_likes_created_at 
FROM post_likes 
WHERE %(param_1)s::UUID = post_likes.post_id
2026-03-05 22:34:24,676 INFO sqlalchemy.engine.Engine [cached since 14.91s ago] {'param_1': UUID('bed4d1a3-18b0-4d38-bc7a-189819a649eb')}
2026-03-05 22:34:24,676 INFO sqlalchemy.engine.Engine SELECT post_likes.id AS post_likes_id, post_likes.post_id AS post_likes_post_id, post_likes.user_id AS post_likes_user_id, post_likes.created_at AS post_likes_created_at 
FROM post_likes 
WHERE %(param_1)s::UUID = post_likes.post_id
2026-03-05 22:34:24,676 INFO sqlalchemy.engine.Engine [cached since 14.91s ago] {'param_1': UUID('2bcfef98-4ccf-4440-ab85-7484c368283f')}
2026-03-05 22:34:24,676 INFO sqlalchemy.engine.Engine SELECT post_likes.id AS post_likes_id, post_likes.post_id AS post_likes_post_id, post_likes.user_id AS post_likes_user_id, post_likes.created_at AS post_likes_created_at 
FROM post_likes 
WHERE %(param_1)s::UUID = post_likes.post_id
2026-03-05 22:34:24,676 INFO sqlalchemy.engine.Engine [cached since 14.91s ago] {'param_1': UUID('55a44323-55eb-4df1-aef5-43798d3a0893')}
2026-03-05 22:34:24,677 INFO sqlalchemy.engine.Engine SELECT post_likes.id AS post_likes_id, post_likes.post_id AS post_likes_post_id, post_likes.user_id AS post_likes_user_id, post_likes.created_at AS post_likes_created_at 
FROM post_likes 
WHERE %(param_1)s::UUID = post_likes.post_id
2026-03-05 22:34:24,677 INFO sqlalchemy.engine.Engine [cached since 14.91s ago] {'param_1': UUID('caa77e1b-50ba-4395-b180-744c84b21209')}
2026-03-05 22:34:24,677 INFO sqlalchemy.engine.Engine SELECT post_likes.id AS post_likes_id, post_likes.post_id AS post_likes_post_id, post_likes.user_id AS post_likes_user_id, post_likes.created_at AS post_likes_created_at 
FROM post_likes 
WHERE %(param_1)s::UUID = post_likes.post_id
2026-03-05 22:34:24,677 INFO sqlalchemy.engine.Engine [cached since 14.91s ago] {'param_1': UUID('ed0bae39-84ae-4f2e-a55f-565b8e8507f0')}
2026-03-05 22:34:24,678 INFO sqlalchemy.engine.Engine SELECT post_likes.id AS post_likes_id, post_likes.post_id AS post_likes_post_id, post_likes.user_id AS post_likes_user_id, post_likes.created_at AS post_likes_created_at 
FROM post_likes 
WHERE %(param_1)s::UUID = post_likes.post_id
2026-03-05 22:34:24,678 INFO sqlalchemy.engine.Engine [cached since 14.91s ago] {'param_1': UUID('36e96cd5-9ff3-48f8-9912-3e682e261dbe')}
2026-03-05 22:34:24,678 INFO sqlalchemy.engine.Engine SELECT post_likes.id AS post_likes_id, post_likes.post_id AS post_likes_post_id, post_likes.user_id AS post_likes_user_id, post_likes.created_at AS post_likes_created_at 
FROM post_likes 
WHERE %(param_1)s::UUID = post_likes.post_id
2026-03-05 22:34:24,678 INFO sqlalchemy.engine.Engine [cached since 14.91s ago] {'param_1': UUID('4661eb8b-561f-4682-8a46-fbf2e17a38d4')}
2026-03-05 22:34:24,679 INFO sqlalchemy.engine.Engine SELECT post_likes.id AS post_likes_id, post_likes.post_id AS post_likes_post_id, post_likes.user_id AS post_likes_user_id, post_likes.created_at AS post_likes_created_at 
FROM post_likes 
WHERE %(param_1)s::UUID = post_likes.post_id
2026-03-05 22:34:24,679 INFO sqlalchemy.engine.Engine [cached since 14.91s ago] {'param_1': UUID('65de6fb3-bf0e-436a-99c0-42463c3a837a')}
2026-03-05 22:34:24,679 INFO sqlalchemy.engine.Engine SELECT post_likes.id AS post_likes_id, post_likes.post_id AS post_likes_post_id, post_likes.user_id AS post_likes_user_id, post_likes.created_at AS post_likes_created_at 
FROM post_likes 
WHERE %(param_1)s::UUID = post_likes.post_id
2026-03-05 22:34:24,679 INFO sqlalchemy.engine.Engine [cached since 14.91s ago] {'param_1': UUID('f556cfdd-3750-4509-af62-e5ff4eca61e4')}
2026-03-05 22:34:24,680 INFO sqlalchemy.engine.Engine SELECT post_likes.id AS post_likes_id, post_likes.post_id AS post_likes_post_id, post_likes.user_id AS post_likes_user_id, post_likes.created_at AS post_likes_created_at 
FROM post_likes 
WHERE %(param_1)s::UUID = post_likes.post_id
2026-03-05 22:34:24,680 INFO sqlalchemy.engine.Engine [cached since 14.91s ago] {'param_1': UUID('f66e5b73-9b08-4342-9be3-bf1229aa3ce4')}
2026-03-05 22:34:24,680 INFO sqlalchemy.engine.Engine SELECT post_likes.id AS post_likes_id, post_likes.post_id AS post_likes_post_id, post_likes.user_id AS post_likes_user_id, post_likes.created_at AS post_likes_created_at 
FROM post_likes 
WHERE %(param_1)s::UUID = post_likes.post_id
2026-03-05 22:34:24,680 INFO sqlalchemy.engine.Engine [cached since 14.91s ago] {'param_1': UUID('13cbdcf9-c8d7-43a6-8b7c-fd830ae38cf0')}
2026-03-05 22:34:24,681 INFO sqlalchemy.engine.Engine SELECT post_likes.id AS post_likes_id, post_likes.post_id AS post_likes_post_id, post_likes.user_id AS post_likes_user_id, post_likes.created_at AS post_likes_created_at 
FROM post_likes 
WHERE %(param_1)s::UUID = post_likes.post_id
2026-03-05 22:34:24,681 INFO sqlalchemy.engine.Engine [cached since 14.91s ago] {'param_1': UUID('bbe9581a-7d83-4eed-a8b7-a9a9264cc6eb')}
2026-03-05 22:34:24,681 INFO sqlalchemy.engine.Engine SELECT post_likes.id AS post_likes_id, post_likes.post_id AS post_likes_post_id, post_likes.user_id AS post_likes_user_id, post_likes.created_at AS post_likes_created_at 
FROM post_likes 
WHERE %(param_1)s::UUID = post_likes.post_id
2026-03-05 22:34:24,681 INFO sqlalchemy.engine.Engine [cached since 14.91s ago] {'param_1': UUID('dfb1c314-9d7e-4167-83b0-efb7eca6a666')}
2026-03-05 22:34:24,681 INFO sqlalchemy.engine.Engine SELECT post_likes.id AS post_likes_id, post_likes.post_id AS post_likes_post_id, post_likes.user_id AS post_likes_user_id, post_likes.created_at AS post_likes_created_at 
FROM post_likes 
WHERE %(param_1)s::UUID = post_likes.post_id
2026-03-05 22:34:24,681 INFO sqlalchemy.engine.Engine [cached since 14.91s ago] {'param_1': UUID('215fd7e5-4819-4f08-978d-cc8cf24f54fd')}
2026-03-05 22:34:24,682 INFO sqlalchemy.engine.Engine SELECT post_likes.id AS post_likes_id, post_likes.post_id AS post_likes_post_id, post_likes.user_id AS post_likes_user_id, post_likes.created_at AS post_likes_created_at 
FROM post_likes 
WHERE %(param_1)s::UUID = post_likes.post_id
2026-03-05 22:34:24,682 INFO sqlalchemy.engine.Engine [cached since 14.91s ago] {'param_1': UUID('4e55cb12-ec46-4704-aef8-691785eb6593')}
2026-03-05 22:34:24,682 INFO sqlalchemy.engine.Engine SELECT post_likes.id AS post_likes_id, post_likes.post_id AS post_likes_post_id, post_likes.user_id AS post_likes_user_id, post_likes.created_at AS post_likes_created_at 
FROM post_likes 
WHERE %(param_1)s::UUID = post_likes.post_id
2026-03-05 22:34:24,682 INFO sqlalchemy.engine.Engine [cached since 14.91s ago] {'param_1': UUID('0bd41a46-1e84-4003-9ae5-fabef8352886')}
2026-03-05 22:34:24,683 INFO sqlalchemy.engine.Engine SELECT post_likes.id AS post_likes_id, post_likes.post_id AS post_likes_post_id, post_likes.user_id AS post_likes_user_id, post_likes.created_at AS post_likes_created_at 
FROM post_likes 
WHERE %(param_1)s::UUID = post_likes.post_id
2026-03-05 22:34:24,683 INFO sqlalchemy.engine.Engine [cached since 14.92s ago] {'param_1': UUID('ba4439a3-b4e8-48a7-9959-5d2d7a18e01f')}
2026-03-05 22:34:24,684 INFO sqlalchemy.engine.Engine SELECT users.id AS users_id, users.email AS users_email, users.username AS users_username, users.name AS users_name, users.password_hash AS users_password_hash, users.graduation_year AS users_graduation_year, users.bio AS users_bio, users.location AS users_location, users."current_role" AS users_current_role, users.profile_image_url AS users_profile_image_url, users.phone AS users_phone, users.linkedin_url AS users_linkedin_url, users.github_url AS users_github_url, users.twitter_handle AS users_twitter_handle, users.following_count AS users_following_count, users.followers_count AS users_followers_count, users.post_count AS users_post_count, users.is_active AS users_is_active, users.is_verified AS users_is_verified, users.role AS users_role, users.created_at AS users_created_at, users.updated_at AS users_updated_at, users.last_login_at AS users_last_login_at 
FROM users 
WHERE users.id = %(pk_1)s::UUID
2026-03-05 22:34:24,684 INFO sqlalchemy.engine.Engine [cached since 14.88s ago] {'pk_1': UUID('de320988-89c2-422e-b678-50641b34c157')}
2026-03-05 22:34:24,684 INFO sqlalchemy.engine.Engine SELECT users.id AS users_id, users.email AS users_email, users.username AS users_username, users.name AS users_name, users.password_hash AS users_password_hash, users.graduation_year AS users_graduation_year, users.bio AS users_bio, users.location AS users_location, users."current_role" AS users_current_role, users.profile_image_url AS users_profile_image_url, users.phone AS users_phone, users.linkedin_url AS users_linkedin_url, users.github_url AS users_github_url, users.twitter_handle AS users_twitter_handle, users.following_count AS users_following_count, users.followers_count AS users_followers_count, users.post_count AS users_post_count, users.is_active AS users_is_active, users.is_verified AS users_is_verified, users.role AS users_role, users.created_at AS users_created_at, users.updated_at AS users_updated_at, users.last_login_at AS users_last_login_at 
FROM users 
WHERE users.id = %(pk_1)s::UUID
2026-03-05 22:34:24,684 INFO sqlalchemy.engine.Engine [cached since 14.88s ago] {'pk_1': UUID('b6254dbe-aae1-49be-8ff3-c89050e36bdd')}
2026-03-05 22:34:24,685 INFO sqlalchemy.engine.Engine SELECT users.id AS users_id, users.email AS users_email, users.username AS users_username, users.name AS users_name, users.password_hash AS users_password_hash, users.graduation_year AS users_graduation_year, users.bio AS users_bio, users.location AS users_location, users."current_role" AS users_current_role, users.profile_image_url AS users_profile_image_url, users.phone AS users_phone, users.linkedin_url AS users_linkedin_url, users.github_url AS users_github_url, users.twitter_handle AS users_twitter_handle, users.following_count AS users_following_count, users.followers_count AS users_followers_count, users.post_count AS users_post_count, users.is_active AS users_is_active, users.is_verified AS users_is_verified, users.role AS users_role, users.created_at AS users_created_at, users.updated_at AS users_updated_at, users.last_login_at AS users_last_login_at 
FROM users 
WHERE users.id = %(pk_1)s::UUID
2026-03-05 22:34:24,685 INFO sqlalchemy.engine.Engine [cached since 14.88s ago] {'pk_1': UUID('67c3d747-c055-43c6-b140-b531a06f8216')}
2026-03-05 22:34:24,686 INFO sqlalchemy.engine.Engine SELECT users.id AS users_id, users.email AS users_email, users.username AS users_username, users.name AS users_name, users.password_hash AS users_password_hash, users.graduation_year AS users_graduation_year, users.bio AS users_bio, users.location AS users_location, users."current_role" AS users_current_role, users.profile_image_url AS users_profile_image_url, users.phone AS users_phone, users.linkedin_url AS users_linkedin_url, users.github_url AS users_github_url, users.twitter_handle AS users_twitter_handle, users.following_count AS users_following_count, users.followers_count AS users_followers_count, users.post_count AS users_post_count, users.is_active AS users_is_active, users.is_verified AS users_is_verified, users.role AS users_role, users.created_at AS users_created_at, users.updated_at AS users_updated_at, users.last_login_at AS users_last_login_at 
FROM users 
WHERE users.id = %(pk_1)s::UUID
2026-03-05 22:34:24,686 INFO sqlalchemy.engine.Engine [cached since 14.88s ago] {'pk_1': UUID('3f3ee1f3-c4ca-4f0b-87ab-8234cf974028')}
2026-03-05 22:34:24,686 INFO sqlalchemy.engine.Engine SELECT users.id AS users_id, users.email AS users_email, users.username AS users_username, users.name AS users_name, users.password_hash AS users_password_hash, users.graduation_year AS users_graduation_year, users.bio AS users_bio, users.location AS users_location, users."current_role" AS users_current_role, users.profile_image_url AS users_profile_image_url, users.phone AS users_phone, users.linkedin_url AS users_linkedin_url, users.github_url AS users_github_url, users.twitter_handle AS users_twitter_handle, users.following_count AS users_following_count, users.followers_count AS users_followers_count, users.post_count AS users_post_count, users.is_active AS users_is_active, users.is_verified AS users_is_verified, users.role AS users_role, users.created_at AS users_created_at, users.updated_at AS users_updated_at, users.last_login_at AS users_last_login_at 
FROM users 
WHERE users.id = %(pk_1)s::UUID
2026-03-05 22:34:24,686 INFO sqlalchemy.engine.Engine [cached since 14.88s ago] {'pk_1': UUID('7c392ee0-f071-4277-a074-7c8ed282a2b7')}
2026-03-05 22:34:24,687 INFO sqlalchemy.engine.Engine SELECT users.id AS users_id, users.email AS users_email, users.username AS users_username, users.name AS users_name, users.password_hash AS users_password_hash, users.graduation_year AS users_graduation_year, users.bio AS users_bio, users.location AS users_location, users."current_role" AS users_current_role, users.profile_image_url AS users_profile_image_url, users.phone AS users_phone, users.linkedin_url AS users_linkedin_url, users.github_url AS users_github_url, users.twitter_handle AS users_twitter_handle, users.following_count AS users_following_count, users.followers_count AS users_followers_count, users.post_count AS users_post_count, users.is_active AS users_is_active, users.is_verified AS users_is_verified, users.role AS users_role, users.created_at AS users_created_at, users.updated_at AS users_updated_at, users.last_login_at AS users_last_login_at 
FROM users 
WHERE users.id = %(pk_1)s::UUID
2026-03-05 22:34:24,687 INFO sqlalchemy.engine.Engine [cached since 14.88s ago] {'pk_1': UUID('4c68130b-ef88-4056-abca-743c903a2ee9')}
2026-03-05 22:34:24,688 INFO sqlalchemy.engine.Engine SELECT users.id AS users_id, users.email AS users_email, users.username AS users_username, users.name AS users_name, users.password_hash AS users_password_hash, users.graduation_year AS users_graduation_year, users.bio AS users_bio, users.location AS users_location, users."current_role" AS users_current_role, users.profile_image_url AS users_profile_image_url, users.phone AS users_phone, users.linkedin_url AS users_linkedin_url, users.github_url AS users_github_url, users.twitter_handle AS users_twitter_handle, users.following_count AS users_following_count, users.followers_count AS users_followers_count, users.post_count AS users_post_count, users.is_active AS users_is_active, users.is_verified AS users_is_verified, users.role AS users_role, users.created_at AS users_created_at, users.updated_at AS users_updated_at, users.last_login_at AS users_last_login_at 
FROM users 
WHERE users.id = %(pk_1)s::UUID
2026-03-05 22:34:24,688 INFO sqlalchemy.engine.Engine [cached since 14.89s ago] {'pk_1': UUID('06622cd2-be07-4627-9a40-40a808ea6675')}
2026-03-05 22:34:24,689 INFO sqlalchemy.engine.Engine SELECT users.id AS users_id, users.email AS users_email, users.username AS users_username, users.name AS users_name, users.password_hash AS users_password_hash, users.graduation_year AS users_graduation_year, users.bio AS users_bio, users.location AS users_location, users."current_role" AS users_current_role, users.profile_image_url AS users_profile_image_url, users.phone AS users_phone, users.linkedin_url AS users_linkedin_url, users.github_url AS users_github_url, users.twitter_handle AS users_twitter_handle, users.following_count AS users_following_count, users.followers_count AS users_followers_count, users.post_count AS users_post_count, users.is_active AS users_is_active, users.is_verified AS users_is_verified, users.role AS users_role, users.created_at AS users_created_at, users.updated_at AS users_updated_at, users.last_login_at AS users_last_login_at 
FROM users 
WHERE users.id = %(pk_1)s::UUID
2026-03-05 22:34:24,689 INFO sqlalchemy.engine.Engine [cached since 14.89s ago] {'pk_1': UUID('9b5e1b44-fc62-463b-aa97-b27295eab70d')}
INFO:     127.0.0.1:56746 - "GET /api/posts/?skip=0&limit=100 HTTP/1.1" 200 OK
2026-03-05 22:34:24,691 INFO sqlalchemy.engine.Engine ROLLBACK
INFO:     127.0.0.1:56746 - "OPTIONS /api/forms/ HTTP/1.1" 200 OK
INFO:     127.0.0.1:56740 - "OPTIONS /api/forms/ HTTP/1.1" 200 OK
2026-03-05 22:34:27,029 INFO sqlalchemy.engine.Engine BEGIN (implicit)
2026-03-05 22:34:27,029 INFO sqlalchemy.engine.Engine SELECT users.id AS users_id, users.email AS users_email, users.username AS users_username, users.name AS users_name, users.password_hash AS users_password_hash, users.graduation_year AS users_graduation_year, users.bio AS users_bio, users.location AS users_location, users."current_role" AS users_current_role, users.profile_image_url AS users_profile_image_url, users.phone AS users_phone, users.linkedin_url AS users_linkedin_url, users.github_url AS users_github_url, users.twitter_handle AS users_twitter_handle, users.following_count AS users_following_count, users.followers_count AS users_followers_count, users.post_count AS users_post_count, users.is_active AS users_is_active, users.is_verified AS users_is_verified, users.role AS users_role, users.created_at AS users_created_at, users.updated_at AS users_updated_at, users.last_login_at AS users_last_login_at 
FROM users 
WHERE users.id = %(id_1)s::UUID 
 LIMIT %(param_1)s
2026-03-05 22:34:27,029 INFO sqlalchemy.engine.Engine [cached since 17.27s ago] {'id_1': '39bc41c3-4c14-4803-9916-1ac891e4a1d1', 'param_1': 1}
2026-03-05 22:34:27,033 INFO sqlalchemy.engine.Engine SELECT forms.id AS forms_id, forms.owner_id AS forms_owner_id, forms.title AS forms_title, forms.description AS forms_description, forms.allow_public_submissions AS forms_allow_public_submissions, forms.created_at AS forms_created_at, forms.updated_at AS forms_updated_at 
FROM forms 
WHERE forms.owner_id = %(owner_id_1)s::UUID ORDER BY forms.created_at DESC
2026-03-05 22:34:27,033 INFO sqlalchemy.engine.Engine [generated in 0.00016s] {'owner_id_1': UUID('39bc41c3-4c14-4803-9916-1ac891e4a1d1')}
2026-03-05 22:34:27,035 INFO sqlalchemy.engine.Engine SELECT form_responses.id AS form_responses_id, form_responses.form_id AS form_responses_form_id, form_responses.user_id AS form_responses_user_id, form_responses.data AS form_responses_data, form_responses.submitted_at AS form_responses_submitted_at 
FROM form_responses 
WHERE %(param_1)s::UUID = form_responses.form_id
2026-03-05 22:34:27,035 INFO sqlalchemy.engine.Engine [generated in 0.00016s] {'param_1': UUID('222acb45-5fdb-49fb-859b-97aa8495efa9')}
2026-03-05 22:34:27,038 INFO sqlalchemy.engine.Engine SELECT form_fields.id AS form_fields_id, form_fields.form_id AS form_fields_form_id, form_fields.label AS form_fields_label, form_fields.type AS form_fields_type, form_fields.required AS form_fields_required, form_fields.options AS form_fields_options, form_fields."order" AS form_fields_order 
FROM form_fields 
WHERE %(param_1)s::UUID = form_fields.form_id ORDER BY form_fields."order"
2026-03-05 22:34:27,038 INFO sqlalchemy.engine.Engine [generated in 0.00035s] {'param_1': UUID('222acb45-5fdb-49fb-859b-97aa8495efa9')}
INFO:     127.0.0.1:56746 - "GET /api/forms/ HTTP/1.1" 200 OK
2026-03-05 22:34:27,041 INFO sqlalchemy.engine.Engine ROLLBACK
INFO:     127.0.0.1:56740 - "OPTIONS /api/forms/responses/recent?limit=5 HTTP/1.1" 200 OK
2026-03-05 22:34:27,043 INFO sqlalchemy.engine.Engine BEGIN (implicit)
2026-03-05 22:34:27,043 INFO sqlalchemy.engine.Engine SELECT users.id AS users_id, users.email AS users_email, users.username AS users_username, users.name AS users_name, users.password_hash AS users_password_hash, users.graduation_year AS users_graduation_year, users.bio AS users_bio, users.location AS users_location, users."current_role" AS users_current_role, users.profile_image_url AS users_profile_image_url, users.phone AS users_phone, users.linkedin_url AS users_linkedin_url, users.github_url AS users_github_url, users.twitter_handle AS users_twitter_handle, users.following_count AS users_following_count, users.followers_count AS users_followers_count, users.post_count AS users_post_count, users.is_active AS users_is_active, users.is_verified AS users_is_verified, users.role AS users_role, users.created_at AS users_created_at, users.updated_at AS users_updated_at, users.last_login_at AS users_last_login_at 
FROM users 
WHERE users.id = %(id_1)s::UUID 
 LIMIT %(param_1)s
2026-03-05 22:34:27,044 INFO sqlalchemy.engine.Engine [cached since 17.28s ago] {'id_1': '39bc41c3-4c14-4803-9916-1ac891e4a1d1', 'param_1': 1}
2026-03-05 22:34:27,045 INFO sqlalchemy.engine.Engine SELECT forms.id AS forms_id, forms.owner_id AS forms_owner_id, forms.title AS forms_title, forms.description AS forms_description, forms.allow_public_submissions AS forms_allow_public_submissions, forms.created_at AS forms_created_at, forms.updated_at AS forms_updated_at 
FROM forms 
WHERE forms.owner_id = %(owner_id_1)s::UUID ORDER BY forms.created_at DESC
2026-03-05 22:34:27,045 INFO sqlalchemy.engine.Engine [cached since 0.01256s ago] {'owner_id_1': UUID('39bc41c3-4c14-4803-9916-1ac891e4a1d1')}
2026-03-05 22:34:27,046 INFO sqlalchemy.engine.Engine SELECT form_responses.id AS form_responses_id, form_responses.form_id AS form_responses_form_id, form_responses.user_id AS form_responses_user_id, form_responses.data AS form_responses_data, form_responses.submitted_at AS form_responses_submitted_at 
FROM form_responses 
WHERE %(param_1)s::UUID = form_responses.form_id
2026-03-05 22:34:27,046 INFO sqlalchemy.engine.Engine [cached since 0.01078s ago] {'param_1': UUID('222acb45-5fdb-49fb-859b-97aa8495efa9')}
2026-03-05 22:34:27,047 INFO sqlalchemy.engine.Engine SELECT form_fields.id AS form_fields_id, form_fields.form_id AS form_fields_form_id, form_fields.label AS form_fields_label, form_fields.type AS form_fields_type, form_fields.required AS form_fields_required, form_fields.options AS form_fields_options, form_fields."order" AS form_fields_order 
FROM form_fields 
WHERE %(param_1)s::UUID = form_fields.form_id ORDER BY form_fields."order"
2026-03-05 22:34:27,047 INFO sqlalchemy.engine.Engine [cached since 0.008756s ago] {'param_1': UUID('222acb45-5fdb-49fb-859b-97aa8495efa9')}
INFO:     127.0.0.1:56746 - "GET /api/forms/ HTTP/1.1" 200 OK
2026-03-05 22:34:27,047 INFO sqlalchemy.engine.Engine ROLLBACK
2026-03-05 22:34:27,049 INFO sqlalchemy.engine.Engine BEGIN (implicit)
2026-03-05 22:34:27,049 INFO sqlalchemy.engine.Engine SELECT users.id AS users_id, users.email AS users_email, users.username AS users_username, users.name AS users_name, users.password_hash AS users_password_hash, users.graduation_year AS users_graduation_year, users.bio AS users_bio, users.location AS users_location, users."current_role" AS users_current_role, users.profile_image_url AS users_profile_image_url, users.phone AS users_phone, users.linkedin_url AS users_linkedin_url, users.github_url AS users_github_url, users.twitter_handle AS users_twitter_handle, users.following_count AS users_following_count, users.followers_count AS users_followers_count, users.post_count AS users_post_count, users.is_active AS users_is_active, users.is_verified AS users_is_verified, users.role AS users_role, users.created_at AS users_created_at, users.updated_at AS users_updated_at, users.last_login_at AS users_last_login_at 
FROM users 
WHERE users.id = %(id_1)s::UUID 
 LIMIT %(param_1)s
2026-03-05 22:34:27,049 INFO sqlalchemy.engine.Engine [cached since 17.29s ago] {'id_1': '39bc41c3-4c14-4803-9916-1ac891e4a1d1', 'param_1': 1}
2026-03-05 22:34:27,053 INFO sqlalchemy.engine.Engine SELECT form_responses.id AS form_responses_id, form_responses.form_id AS form_responses_form_id, form_responses.user_id AS form_responses_user_id, form_responses.data AS form_responses_data, form_responses.submitted_at AS form_responses_submitted_at 
FROM form_responses JOIN forms ON form_responses.form_id = forms.id 
WHERE forms.owner_id = %(owner_id_1)s::UUID ORDER BY form_responses.submitted_at DESC 
 LIMIT %(param_1)s
2026-03-05 22:34:27,053 INFO sqlalchemy.engine.Engine [generated in 0.00016s] {'owner_id_1': UUID('39bc41c3-4c14-4803-9916-1ac891e4a1d1'), 'param_1': 5}
INFO:     127.0.0.1:56749 - "GET /api/forms/responses/recent?limit=5 HTTP/1.1" 200 OK
2026-03-05 22:34:27,056 INFO sqlalchemy.engine.Engine ROLLBACK
2026-03-05 22:34:27,057 INFO sqlalchemy.engine.Engine BEGIN (implicit)
2026-03-05 22:34:27,057 INFO sqlalchemy.engine.Engine SELECT users.id AS users_id, users.email AS users_email, users.username AS users_username, users.name AS users_name, users.password_hash AS users_password_hash, users.graduation_year AS users_graduation_year, users.bio AS users_bio, users.location AS users_location, users."current_role" AS users_current_role, users.profile_image_url AS users_profile_image_url, users.phone AS users_phone, users.linkedin_url AS users_linkedin_url, users.github_url AS users_github_url, users.twitter_handle AS users_twitter_handle, users.following_count AS users_following_count, users.followers_count AS users_followers_count, users.post_count AS users_post_count, users.is_active AS users_is_active, users.is_verified AS users_is_verified, users.role AS users_role, users.created_at AS users_created_at, users.updated_at AS users_updated_at, users.last_login_at AS users_last_login_at 
FROM users 
WHERE users.id = %(id_1)s::UUID 
 LIMIT %(param_1)s
2026-03-05 22:34:27,057 INFO sqlalchemy.engine.Engine [cached since 17.3s ago] {'id_1': '39bc41c3-4c14-4803-9916-1ac891e4a1d1', 'param_1': 1}
2026-03-05 22:34:27,058 INFO sqlalchemy.engine.Engine SELECT form_responses.id AS form_responses_id, form_responses.form_id AS form_responses_form_id, form_responses.user_id AS form_responses_user_id, form_responses.data AS form_responses_data, form_responses.submitted_at AS form_responses_submitted_at 
FROM form_responses JOIN forms ON form_responses.form_id = forms.id 
WHERE forms.owner_id = %(owner_id_1)s::UUID ORDER BY form_responses.submitted_at DESC 
 LIMIT %(param_1)s
2026-03-05 22:34:27,058 INFO sqlalchemy.engine.Engine [cached since 0.005264s ago] {'owner_id_1': UUID('39bc41c3-4c14-4803-9916-1ac891e4a1d1'), 'param_1': 5}
INFO:     127.0.0.1:56749 - "GET /api/forms/responses/recent?limit=5 HTTP/1.1" 200 OK
2026-03-05 22:34:27,059 INFO sqlalchemy.engine.Engine ROLLBACK
INFO:     127.0.0.1:56749 - "OPTIONS /api/users/?skip=0&limit=100 HTTP/1.1" 200 OK
INFO:     127.0.0.1:56746 - "OPTIONS /api/users/?skip=0&limit=100 HTTP/1.1" 200 OK
INFO:     127.0.0.1:56740 - "OPTIONS /api/users/?skip=0&limit=100 HTTP/1.1" 200 OK
INFO:     127.0.0.1:56752 - "OPTIONS /api/users/?skip=0&limit=100 HTTP/1.1" 200 OK
2026-03-05 22:34:29,494 INFO sqlalchemy.engine.Engine BEGIN (implicit)
2026-03-05 22:34:29,494 INFO sqlalchemy.engine.Engine SELECT users.id AS users_id, users.email AS users_email, users.username AS users_username, users.name AS users_name, users.password_hash AS users_password_hash, users.graduation_year AS users_graduation_year, users.bio AS users_bio, users.location AS users_location, users."current_role" AS users_current_role, users.profile_image_url AS users_profile_image_url, users.phone AS users_phone, users.linkedin_url AS users_linkedin_url, users.github_url AS users_github_url, users.twitter_handle AS users_twitter_handle, users.following_count AS users_following_count, users.followers_count AS users_followers_count, users.post_count AS users_post_count, users.is_active AS users_is_active, users.is_verified AS users_is_verified, users.role AS users_role, users.created_at AS users_created_at, users.updated_at AS users_updated_at, users.last_login_at AS users_last_login_at 
FROM users 
WHERE users.id = %(id_1)s::UUID 
 LIMIT %(param_1)s
2026-03-05 22:34:29,494 INFO sqlalchemy.engine.Engine [cached since 19.73s ago] {'id_1': '39bc41c3-4c14-4803-9916-1ac891e4a1d1', 'param_1': 1}
2026-03-05 22:34:29,497 INFO sqlalchemy.engine.Engine SELECT users.id AS users_id, users.email AS users_email, users.username AS users_username, users.name AS users_name, users.password_hash AS users_password_hash, users.graduation_year AS users_graduation_year, users.bio AS users_bio, users.location AS users_location, users."current_role" AS users_current_role, users.profile_image_url AS users_profile_image_url, users.phone AS users_phone, users.linkedin_url AS users_linkedin_url, users.github_url AS users_github_url, users.twitter_handle AS users_twitter_handle, users.following_count AS users_following_count, users.followers_count AS users_followers_count, users.post_count AS users_post_count, users.is_active AS users_is_active, users.is_verified AS users_is_verified, users.role AS users_role, users.created_at AS users_created_at, users.updated_at AS users_updated_at, users.last_login_at AS users_last_login_at 
FROM users 
 LIMIT %(param_1)s OFFSET %(param_2)s
2026-03-05 22:34:29,497 INFO sqlalchemy.engine.Engine [generated in 0.00029s] {'param_1': 100, 'param_2': 0}
INFO:     127.0.0.1:56749 - "GET /api/users/?skip=0&limit=100 HTTP/1.1" 200 OK
2026-03-05 22:34:29,500 INFO sqlalchemy.engine.Engine ROLLBACK
2026-03-05 22:34:29,502 INFO sqlalchemy.engine.Engine BEGIN (implicit)
2026-03-05 22:34:29,502 INFO sqlalchemy.engine.Engine SELECT users.id AS users_id, users.email AS users_email, users.username AS users_username, users.name AS users_name, users.password_hash AS users_password_hash, users.graduation_year AS users_graduation_year, users.bio AS users_bio, users.location AS users_location, users."current_role" AS users_current_role, users.profile_image_url AS users_profile_image_url, users.phone AS users_phone, users.linkedin_url AS users_linkedin_url, users.github_url AS users_github_url, users.twitter_handle AS users_twitter_handle, users.following_count AS users_following_count, users.followers_count AS users_followers_count, users.post_count AS users_post_count, users.is_active AS users_is_active, users.is_verified AS users_is_verified, users.role AS users_role, users.created_at AS users_created_at, users.updated_at AS users_updated_at, users.last_login_at AS users_last_login_at 
FROM users 
WHERE users.id = %(id_1)s::UUID 
 LIMIT %(param_1)s
2026-03-05 22:34:29,502 INFO sqlalchemy.engine.Engine [cached since 19.74s ago] {'id_1': '39bc41c3-4c14-4803-9916-1ac891e4a1d1', 'param_1': 1}
2026-03-05 22:34:29,503 INFO sqlalchemy.engine.Engine SELECT users.id AS users_id, users.email AS users_email, users.username AS users_username, users.name AS users_name, users.password_hash AS users_password_hash, users.graduation_year AS users_graduation_year, users.bio AS users_bio, users.location AS users_location, users."current_role" AS users_current_role, users.profile_image_url AS users_profile_image_url, users.phone AS users_phone, users.linkedin_url AS users_linkedin_url, users.github_url AS users_github_url, users.twitter_handle AS users_twitter_handle, users.following_count AS users_following_count, users.followers_count AS users_followers_count, users.post_count AS users_post_count, users.is_active AS users_is_active, users.is_verified AS users_is_verified, users.role AS users_role, users.created_at AS users_created_at, users.updated_at AS users_updated_at, users.last_login_at AS users_last_login_at 
FROM users 
 LIMIT %(param_1)s OFFSET %(param_2)s
2026-03-05 22:34:29,503 INFO sqlalchemy.engine.Engine [cached since 0.006622s ago] {'param_1': 100, 'param_2': 0}
INFO:     127.0.0.1:56752 - "GET /api/users/?skip=0&limit=100 HTTP/1.1" 200 OK
2026-03-05 22:34:29,505 INFO sqlalchemy.engine.Engine ROLLBACK
2026-03-05 22:34:29,506 INFO sqlalchemy.engine.Engine BEGIN (implicit)
2026-03-05 22:34:29,507 INFO sqlalchemy.engine.Engine SELECT users.id AS users_id, users.email AS users_email, users.username AS users_username, users.name AS users_name, users.password_hash AS users_password_hash, users.graduation_year AS users_graduation_year, users.bio AS users_bio, users.location AS users_location, users."current_role" AS users_current_role, users.profile_image_url AS users_profile_image_url, users.phone AS users_phone, users.linkedin_url AS users_linkedin_url, users.github_url AS users_github_url, users.twitter_handle AS users_twitter_handle, users.following_count AS users_following_count, users.followers_count AS users_followers_count, users.post_count AS users_post_count, users.is_active AS users_is_active, users.is_verified AS users_is_verified, users.role AS users_role, users.created_at AS users_created_at, users.updated_at AS users_updated_at, users.last_login_at AS users_last_login_at 
FROM users 
WHERE users.id = %(id_1)s::UUID 
 LIMIT %(param_1)s
2026-03-05 22:34:29,507 INFO sqlalchemy.engine.Engine [cached since 19.74s ago] {'id_1': '39bc41c3-4c14-4803-9916-1ac891e4a1d1', 'param_1': 1}
2026-03-05 22:34:29,508 INFO sqlalchemy.engine.Engine SELECT users.id AS users_id, users.email AS users_email, users.username AS users_username, users.name AS users_name, users.password_hash AS users_password_hash, users.graduation_year AS users_graduation_year, users.bio AS users_bio, users.location AS users_location, users."current_role" AS users_current_role, users.profile_image_url AS users_profile_image_url, users.phone AS users_phone, users.linkedin_url AS users_linkedin_url, users.github_url AS users_github_url, users.twitter_handle AS users_twitter_handle, users.following_count AS users_following_count, users.followers_count AS users_followers_count, users.post_count AS users_post_count, users.is_active AS users_is_active, users.is_verified AS users_is_verified, users.role AS users_role, users.created_at AS users_created_at, users.updated_at AS users_updated_at, users.last_login_at AS users_last_login_at 
FROM users 
 LIMIT %(param_1)s OFFSET %(param_2)s
2026-03-05 22:34:29,508 INFO sqlalchemy.engine.Engine [cached since 0.011s ago] {'param_1': 100, 'param_2': 0}
INFO:     127.0.0.1:56749 - "GET /api/users/?skip=0&limit=100 HTTP/1.1" 200 OK
2026-03-05 22:34:29,509 INFO sqlalchemy.engine.Engine ROLLBACK
2026-03-05 22:34:29,510 INFO sqlalchemy.engine.Engine BEGIN (implicit)
2026-03-05 22:34:29,510 INFO sqlalchemy.engine.Engine SELECT users.id AS users_id, users.email AS users_email, users.username AS users_username, users.name AS users_name, users.password_hash AS users_password_hash, users.graduation_year AS users_graduation_year, users.bio AS users_bio, users.location AS users_location, users."current_role" AS users_current_role, users.profile_image_url AS users_profile_image_url, users.phone AS users_phone, users.linkedin_url AS users_linkedin_url, users.github_url AS users_github_url, users.twitter_handle AS users_twitter_handle, users.following_count AS users_following_count, users.followers_count AS users_followers_count, users.post_count AS users_post_count, users.is_active AS users_is_active, users.is_verified AS users_is_verified, users.role AS users_role, users.created_at AS users_created_at, users.updated_at AS users_updated_at, users.last_login_at AS users_last_login_at 
FROM users 
WHERE users.id = %(id_1)s::UUID 
 LIMIT %(param_1)s
2026-03-05 22:34:29,510 INFO sqlalchemy.engine.Engine [cached since 19.75s ago] {'id_1': '39bc41c3-4c14-4803-9916-1ac891e4a1d1', 'param_1': 1}
2026-03-05 22:34:29,511 INFO sqlalchemy.engine.Engine SELECT users.id AS users_id, users.email AS users_email, users.username AS users_username, users.name AS users_name, users.password_hash AS users_password_hash, users.graduation_year AS users_graduation_year, users.bio AS users_bio, users.location AS users_location, users."current_role" AS users_current_role, users.profile_image_url AS users_profile_image_url, users.phone AS users_phone, users.linkedin_url AS users_linkedin_url, users.github_url AS users_github_url, users.twitter_handle AS users_twitter_handle, users.following_count AS users_following_count, users.followers_count AS users_followers_count, users.post_count AS users_post_count, users.is_active AS users_is_active, users.is_verified AS users_is_verified, users.role AS users_role, users.created_at AS users_created_at, users.updated_at AS users_updated_at, users.last_login_at AS users_last_login_at 
FROM users 
 LIMIT %(param_1)s OFFSET %(param_2)s
2026-03-05 22:34:29,511 INFO sqlalchemy.engine.Engine [cached since 0.01478s ago] {'param_1': 100, 'param_2': 0}
INFO:     127.0.0.1:56752 - "GET /api/users/?skip=0&limit=100 HTTP/1.1" 200 OK
2026-03-05 22:34:29,513 INFO sqlalchemy.engine.Engine ROLLBACK
INFO:     127.0.0.1:56752 - "OPTIONS /api/connections/status/de320988-89c2-422e-b678-50641b34c157 HTTP/1.1" 200 OK
INFO:     127.0.0.1:56749 - "OPTIONS /api/connections/status/4c68130b-ef88-4056-abca-743c903a2ee9 HTTP/1.1" 200 OK
INFO:     127.0.0.1:56740 - "OPTIONS /api/connections/status/06622cd2-be07-4627-9a40-40a808ea6675 HTTP/1.1" 200 OK
INFO:     127.0.0.1:56746 - "OPTIONS /api/connections/status/330f89c4-630c-472f-8486-fb2714ce3963 HTTP/1.1" 200 OK
INFO:     127.0.0.1:56754 - "OPTIONS /api/connections/status/fbe1ba09-d6ec-4268-9ff9-8790f2164820 HTTP/1.1" 200 OK
INFO:     127.0.0.1:56752 - "OPTIONS /api/connections/status/9b5e1b44-fc62-463b-aa97-b27295eab70d HTTP/1.1" 200 OK
INFO:     127.0.0.1:56756 - "OPTIONS /api/connections/status/3f3ee1f3-c4ca-4f0b-87ab-8234cf974028 HTTP/1.1" 200 OK
INFO:     127.0.0.1:56749 - "OPTIONS /api/connections/status/7c392ee0-f071-4277-a074-7c8ed282a2b7 HTTP/1.1" 200 OK
INFO:     127.0.0.1:56746 - "OPTIONS /api/connections/status/b6254dbe-aae1-49be-8ff3-c89050e36bdd HTTP/1.1" 200 OK
INFO:     127.0.0.1:56746 - "OPTIONS /api/connections/status/67c3d747-c055-43c6-b140-b531a06f8216 HTTP/1.1" 200 OK
2026-03-05 22:34:29,524 INFO sqlalchemy.engine.Engine BEGIN (implicit)
2026-03-05 22:34:29,524 INFO sqlalchemy.engine.Engine SELECT users.id AS users_id, users.email AS users_email, users.username AS users_username, users.name AS users_name, users.password_hash AS users_password_hash, users.graduation_year AS users_graduation_year, users.bio AS users_bio, users.location AS users_location, users."current_role" AS users_current_role, users.profile_image_url AS users_profile_image_url, users.phone AS users_phone, users.linkedin_url AS users_linkedin_url, users.github_url AS users_github_url, users.twitter_handle AS users_twitter_handle, users.following_count AS users_following_count, users.followers_count AS users_followers_count, users.post_count AS users_post_count, users.is_active AS users_is_active, users.is_verified AS users_is_verified, users.role AS users_role, users.created_at AS users_created_at, users.updated_at AS users_updated_at, users.last_login_at AS users_last_login_at 
FROM users 
WHERE users.id = %(id_1)s::UUID 
 LIMIT %(param_1)s
2026-03-05 22:34:29,524 INFO sqlalchemy.engine.Engine BEGIN (implicit)
2026-03-05 22:34:29,524 INFO sqlalchemy.engine.Engine [cached since 19.76s ago] {'id_1': '39bc41c3-4c14-4803-9916-1ac891e4a1d1', 'param_1': 1}
2026-03-05 22:34:29,525 INFO sqlalchemy.engine.Engine SELECT users.id AS users_id, users.email AS users_email, users.username AS users_username, users.name AS users_name, users.password_hash AS users_password_hash, users.graduation_year AS users_graduation_year, users.bio AS users_bio, users.location AS users_location, users."current_role" AS users_current_role, users.profile_image_url AS users_profile_image_url, users.phone AS users_phone, users.linkedin_url AS users_linkedin_url, users.github_url AS users_github_url, users.twitter_handle AS users_twitter_handle, users.following_count AS users_following_count, users.followers_count AS users_followers_count, users.post_count AS users_post_count, users.is_active AS users_is_active, users.is_verified AS users_is_verified, users.role AS users_role, users.created_at AS users_created_at, users.updated_at AS users_updated_at, users.last_login_at AS users_last_login_at 
FROM users 
WHERE users.id = %(id_1)s::UUID 
 LIMIT %(param_1)s
2026-03-05 22:34:29,525 INFO sqlalchemy.engine.Engine [cached since 19.76s ago] {'id_1': '39bc41c3-4c14-4803-9916-1ac891e4a1d1', 'param_1': 1}
2026-03-05 22:34:29,526 INFO sqlalchemy.engine.Engine SELECT users.id AS users_id, users.email AS users_email, users.username AS users_username, users.name AS users_name, users.password_hash AS users_password_hash, users.graduation_year AS users_graduation_year, users.bio AS users_bio, users.location AS users_location, users."current_role" AS users_current_role, users.profile_image_url AS users_profile_image_url, users.phone AS users_phone, users.linkedin_url AS users_linkedin_url, users.github_url AS users_github_url, users.twitter_handle AS users_twitter_handle, users.following_count AS users_following_count, users.followers_count AS users_followers_count, users.post_count AS users_post_count, users.is_active AS users_is_active, users.is_verified AS users_is_verified, users.role AS users_role, users.created_at AS users_created_at, users.updated_at AS users_updated_at, users.last_login_at AS users_last_login_at 
FROM users 
WHERE users.id = %(id_1)s::UUID 
 LIMIT %(param_1)s
2026-03-05 22:34:29,526 INFO sqlalchemy.engine.Engine [cached since 19.76s ago] {'id_1': UUID('de320988-89c2-422e-b678-50641b34c157'), 'param_1': 1}
2026-03-05 22:34:29,527 INFO sqlalchemy.engine.Engine SELECT user_connections.follower_id AS user_connections_follower_id, user_connections.following_id AS user_connections_following_id, user_connections.created_at AS user_connections_created_at 
FROM user_connections 
WHERE user_connections.follower_id = %(follower_id_1)s::UUID AND user_connections.following_id = %(following_id_1)s::UUID 
 LIMIT %(param_1)s
2026-03-05 22:34:29,527 INFO sqlalchemy.engine.Engine [generated in 0.00007s] {'follower_id_1': UUID('39bc41c3-4c14-4803-9916-1ac891e4a1d1'), 'following_id_1': UUID('de320988-89c2-422e-b678-50641b34c157'), 'param_1': 1}
2026-03-05 22:34:29,527 INFO sqlalchemy.engine.Engine BEGIN (implicit)
2026-03-05 22:34:29,528 INFO sqlalchemy.engine.Engine SELECT users.id AS users_id, users.email AS users_email, users.username AS users_username, users.name AS users_name, users.password_hash AS users_password_hash, users.graduation_year AS users_graduation_year, users.bio AS users_bio, users.location AS users_location, users."current_role" AS users_current_role, users.profile_image_url AS users_profile_image_url, users.phone AS users_phone, users.linkedin_url AS users_linkedin_url, users.github_url AS users_github_url, users.twitter_handle AS users_twitter_handle, users.following_count AS users_following_count, users.followers_count AS users_followers_count, users.post_count AS users_post_count, users.is_active AS users_is_active, users.is_verified AS users_is_verified, users.role AS users_role, users.created_at AS users_created_at, users.updated_at AS users_updated_at, users.last_login_at AS users_last_login_at 
FROM users 
WHERE users.id = %(id_1)s::UUID 
 LIMIT %(param_1)s
2026-03-05 22:34:29,528 INFO sqlalchemy.engine.Engine [cached since 19.77s ago] {'id_1': '39bc41c3-4c14-4803-9916-1ac891e4a1d1', 'param_1': 1}
2026-03-05 22:34:29,528 INFO sqlalchemy.engine.Engine BEGIN (implicit)
2026-03-05 22:34:29,528 INFO sqlalchemy.engine.Engine SELECT users.id AS users_id, users.email AS users_email, users.username AS users_username, users.name AS users_name, users.password_hash AS users_password_hash, users.graduation_year AS users_graduation_year, users.bio AS users_bio, users.location AS users_location, users."current_role" AS users_current_role, users.profile_image_url AS users_profile_image_url, users.phone AS users_phone, users.linkedin_url AS users_linkedin_url, users.github_url AS users_github_url, users.twitter_handle AS users_twitter_handle, users.following_count AS users_following_count, users.followers_count AS users_followers_count, users.post_count AS users_post_count, users.is_active AS users_is_active, users.is_verified AS users_is_verified, users.role AS users_role, users.created_at AS users_created_at, users.updated_at AS users_updated_at, users.last_login_at AS users_last_login_at 
FROM users 
WHERE users.id = %(id_1)s::UUID 
 LIMIT %(param_1)s
2026-03-05 22:34:29,528 INFO sqlalchemy.engine.Engine [cached since 19.77s ago] {'id_1': '39bc41c3-4c14-4803-9916-1ac891e4a1d1', 'param_1': 1}
2026-03-05 22:34:29,528 INFO sqlalchemy.engine.Engine SELECT user_connections.follower_id AS user_connections_follower_id, user_connections.following_id AS user_connections_following_id, user_connections.created_at AS user_connections_created_at 
FROM user_connections 
WHERE user_connections.follower_id = %(follower_id_1)s::UUID AND user_connections.following_id = %(following_id_1)s::UUID 
 LIMIT %(param_1)s
2026-03-05 22:34:29,528 INFO sqlalchemy.engine.Engine [cached since 0.00114s ago] {'follower_id_1': UUID('de320988-89c2-422e-b678-50641b34c157'), 'following_id_1': UUID('39bc41c3-4c14-4803-9916-1ac891e4a1d1'), 'param_1': 1}
2026-03-05 22:34:29,529 INFO sqlalchemy.engine.Engine BEGIN (implicit)
2026-03-05 22:34:29,529 INFO sqlalchemy.engine.Engine SELECT users.id AS users_id, users.email AS users_email, users.username AS users_username, users.name AS users_name, users.password_hash AS users_password_hash, users.graduation_year AS users_graduation_year, users.bio AS users_bio, users.location AS users_location, users."current_role" AS users_current_role, users.profile_image_url AS users_profile_image_url, users.phone AS users_phone, users.linkedin_url AS users_linkedin_url, users.github_url AS users_github_url, users.twitter_handle AS users_twitter_handle, users.following_count AS users_following_count, users.followers_count AS users_followers_count, users.post_count AS users_post_count, users.is_active AS users_is_active, users.is_verified AS users_is_verified, users.role AS users_role, users.created_at AS users_created_at, users.updated_at AS users_updated_at, users.last_login_at AS users_last_login_at 
FROM users 
WHERE users.id = %(id_1)s::UUID 
 LIMIT %(param_1)s
2026-03-05 22:34:29,529 INFO sqlalchemy.engine.Engine [cached since 19.77s ago] {'id_1': '39bc41c3-4c14-4803-9916-1ac891e4a1d1', 'param_1': 1}
INFO:     127.0.0.1:56740 - "GET /api/connections/status/de320988-89c2-422e-b678-50641b34c157 HTTP/1.1" 200 OK
2026-03-05 22:34:29,529 INFO sqlalchemy.engine.Engine ROLLBACK
2026-03-05 22:34:29,530 INFO sqlalchemy.engine.Engine BEGIN (implicit)
2026-03-05 22:34:29,530 INFO sqlalchemy.engine.Engine SELECT users.id AS users_id, users.email AS users_email, users.username AS users_username, users.name AS users_name, users.password_hash AS users_password_hash, users.graduation_year AS users_graduation_year, users.bio AS users_bio, users.location AS users_location, users."current_role" AS users_current_role, users.profile_image_url AS users_profile_image_url, users.phone AS users_phone, users.linkedin_url AS users_linkedin_url, users.github_url AS users_github_url, users.twitter_handle AS users_twitter_handle, users.following_count AS users_following_count, users.followers_count AS users_followers_count, users.post_count AS users_post_count, users.is_active AS users_is_active, users.is_verified AS users_is_verified, users.role AS users_role, users.created_at AS users_created_at, users.updated_at AS users_updated_at, users.last_login_at AS users_last_login_at 
FROM users 
WHERE users.id = %(id_1)s::UUID 
 LIMIT %(param_1)s
2026-03-05 22:34:29,530 INFO sqlalchemy.engine.Engine SELECT users.id AS users_id, users.email AS users_email, users.username AS users_username, users.name AS users_name, users.password_hash AS users_password_hash, users.graduation_year AS users_graduation_year, users.bio AS users_bio, users.location AS users_location, users."current_role" AS users_current_role, users.profile_image_url AS users_profile_image_url, users.phone AS users_phone, users.linkedin_url AS users_linkedin_url, users.github_url AS users_github_url, users.twitter_handle AS users_twitter_handle, users.following_count AS users_following_count, users.followers_count AS users_followers_count, users.post_count AS users_post_count, users.is_active AS users_is_active, users.is_verified AS users_is_verified, users.role AS users_role, users.created_at AS users_created_at, users.updated_at AS users_updated_at, users.last_login_at AS users_last_login_at 
FROM users 
WHERE users.id = %(id_1)s::UUID 
 LIMIT %(param_1)s
2026-03-05 22:34:29,530 INFO sqlalchemy.engine.Engine [cached since 19.77s ago] {'id_1': UUID('4c68130b-ef88-4056-abca-743c903a2ee9'), 'param_1': 1}
2026-03-05 22:34:29,530 INFO sqlalchemy.engine.Engine [cached since 19.77s ago] {'id_1': '39bc41c3-4c14-4803-9916-1ac891e4a1d1', 'param_1': 1}
2026-03-05 22:34:29,531 INFO sqlalchemy.engine.Engine SELECT user_connections.follower_id AS user_connections_follower_id, user_connections.following_id AS user_connections_following_id, user_connections.created_at AS user_connections_created_at 
FROM user_connections 
WHERE user_connections.follower_id = %(follower_id_1)s::UUID AND user_connections.following_id = %(following_id_1)s::UUID 
 LIMIT %(param_1)s
2026-03-05 22:34:29,531 INFO sqlalchemy.engine.Engine [cached since 0.003707s ago] {'follower_id_1': UUID('39bc41c3-4c14-4803-9916-1ac891e4a1d1'), 'following_id_1': UUID('4c68130b-ef88-4056-abca-743c903a2ee9'), 'param_1': 1}
2026-03-05 22:34:29,532 INFO sqlalchemy.engine.Engine SELECT user_connections.follower_id AS user_connections_follower_id, user_connections.following_id AS user_connections_following_id, user_connections.created_at AS user_connections_created_at 
FROM user_connections 
WHERE user_connections.follower_id = %(follower_id_1)s::UUID AND user_connections.following_id = %(following_id_1)s::UUID 
 LIMIT %(param_1)s
2026-03-05 22:34:29,532 INFO sqlalchemy.engine.Engine [cached since 0.004551s ago] {'follower_id_1': UUID('4c68130b-ef88-4056-abca-743c903a2ee9'), 'following_id_1': UUID('39bc41c3-4c14-4803-9916-1ac891e4a1d1'), 'param_1': 1}
INFO:     127.0.0.1:56754 - "GET /api/connections/status/4c68130b-ef88-4056-abca-743c903a2ee9 HTTP/1.1" 200 OK
2026-03-05 22:34:29,533 INFO sqlalchemy.engine.Engine ROLLBACK
INFO:     127.0.0.1:56754 - "OPTIONS /api/connections/status/7c392ee0-f071-4277-a074-7c8ed282a2b7 HTTP/1.1" 200 OK
2026-03-05 22:34:29,534 INFO sqlalchemy.engine.Engine SELECT users.id AS users_id, users.email AS users_email, users.username AS users_username, users.name AS users_name, users.password_hash AS users_password_hash, users.graduation_year AS users_graduation_year, users.bio AS users_bio, users.location AS users_location, users."current_role" AS users_current_role, users.profile_image_url AS users_profile_image_url, users.phone AS users_phone, users.linkedin_url AS users_linkedin_url, users.github_url AS users_github_url, users.twitter_handle AS users_twitter_handle, users.following_count AS users_following_count, users.followers_count AS users_followers_count, users.post_count AS users_post_count, users.is_active AS users_is_active, users.is_verified AS users_is_verified, users.role AS users_role, users.created_at AS users_created_at, users.updated_at AS users_updated_at, users.last_login_at AS users_last_login_at 
FROM users 
WHERE users.id = %(id_1)s::UUID 
 LIMIT %(param_1)s
2026-03-05 22:34:29,534 INFO sqlalchemy.engine.Engine [cached since 19.77s ago] {'id_1': UUID('330f89c4-630c-472f-8486-fb2714ce3963'), 'param_1': 1}
2026-03-05 22:34:29,534 INFO sqlalchemy.engine.Engine SELECT user_connections.follower_id AS user_connections_follower_id, user_connections.following_id AS user_connections_following_id, user_connections.created_at AS user_connections_created_at 
FROM user_connections 
WHERE user_connections.follower_id = %(follower_id_1)s::UUID AND user_connections.following_id = %(following_id_1)s::UUID 
 LIMIT %(param_1)s
2026-03-05 22:34:29,535 INFO sqlalchemy.engine.Engine [cached since 0.007268s ago] {'follower_id_1': UUID('39bc41c3-4c14-4803-9916-1ac891e4a1d1'), 'following_id_1': UUID('330f89c4-630c-472f-8486-fb2714ce3963'), 'param_1': 1}
2026-03-05 22:34:29,535 INFO sqlalchemy.engine.Engine SELECT user_connections.follower_id AS user_connections_follower_id, user_connections.following_id AS user_connections_following_id, user_connections.created_at AS user_connections_created_at 
FROM user_connections 
WHERE user_connections.follower_id = %(follower_id_1)s::UUID AND user_connections.following_id = %(following_id_1)s::UUID 
 LIMIT %(param_1)s
2026-03-05 22:34:29,535 INFO sqlalchemy.engine.Engine [cached since 0.008198s ago] {'follower_id_1': UUID('330f89c4-630c-472f-8486-fb2714ce3963'), 'following_id_1': UUID('39bc41c3-4c14-4803-9916-1ac891e4a1d1'), 'param_1': 1}
INFO:     127.0.0.1:56756 - "GET /api/connections/status/330f89c4-630c-472f-8486-fb2714ce3963 HTTP/1.1" 200 OK
2026-03-05 22:34:29,536 INFO sqlalchemy.engine.Engine SELECT users.id AS users_id, users.email AS users_email, users.username AS users_username, users.name AS users_name, users.password_hash AS users_password_hash, users.graduation_year AS users_graduation_year, users.bio AS users_bio, users.location AS users_location, users."current_role" AS users_current_role, users.profile_image_url AS users_profile_image_url, users.phone AS users_phone, users.linkedin_url AS users_linkedin_url, users.github_url AS users_github_url, users.twitter_handle AS users_twitter_handle, users.following_count AS users_following_count, users.followers_count AS users_followers_count, users.post_count AS users_post_count, users.is_active AS users_is_active, users.is_verified AS users_is_verified, users.role AS users_role, users.created_at AS users_created_at, users.updated_at AS users_updated_at, users.last_login_at AS users_last_login_at 
FROM users 
WHERE users.id = %(id_1)s::UUID 
 LIMIT %(param_1)s
2026-03-05 22:34:29,536 INFO sqlalchemy.engine.Engine [cached since 19.77s ago] {'id_1': UUID('06622cd2-be07-4627-9a40-40a808ea6675'), 'param_1': 1}
2026-03-05 22:34:29,537 INFO sqlalchemy.engine.Engine SELECT user_connections.follower_id AS user_connections_follower_id, user_connections.following_id AS user_connections_following_id, user_connections.created_at AS user_connections_created_at 
FROM user_connections 
WHERE user_connections.follower_id = %(follower_id_1)s::UUID AND user_connections.following_id = %(following_id_1)s::UUID 
 LIMIT %(param_1)s
2026-03-05 22:34:29,537 INFO sqlalchemy.engine.Engine [cached since 0.009554s ago] {'follower_id_1': UUID('39bc41c3-4c14-4803-9916-1ac891e4a1d1'), 'following_id_1': UUID('06622cd2-be07-4627-9a40-40a808ea6675'), 'param_1': 1}
2026-03-05 22:34:29,538 INFO sqlalchemy.engine.Engine SELECT user_connections.follower_id AS user_connections_follower_id, user_connections.following_id AS user_connections_following_id, user_connections.created_at AS user_connections_created_at 
FROM user_connections 
WHERE user_connections.follower_id = %(follower_id_1)s::UUID AND user_connections.following_id = %(following_id_1)s::UUID 
 LIMIT %(param_1)s
2026-03-05 22:34:29,538 INFO sqlalchemy.engine.Engine [cached since 0.01028s ago] {'follower_id_1': UUID('06622cd2-be07-4627-9a40-40a808ea6675'), 'following_id_1': UUID('39bc41c3-4c14-4803-9916-1ac891e4a1d1'), 'param_1': 1}
INFO:     127.0.0.1:56752 - "GET /api/connections/status/06622cd2-be07-4627-9a40-40a808ea6675 HTTP/1.1" 200 OK
2026-03-05 22:34:29,538 INFO sqlalchemy.engine.Engine SELECT users.id AS users_id, users.email AS users_email, users.username AS users_username, users.name AS users_name, users.password_hash AS users_password_hash, users.graduation_year AS users_graduation_year, users.bio AS users_bio, users.location AS users_location, users."current_role" AS users_current_role, users.profile_image_url AS users_profile_image_url, users.phone AS users_phone, users.linkedin_url AS users_linkedin_url, users.github_url AS users_github_url, users.twitter_handle AS users_twitter_handle, users.following_count AS users_following_count, users.followers_count AS users_followers_count, users.post_count AS users_post_count, users.is_active AS users_is_active, users.is_verified AS users_is_verified, users.role AS users_role, users.created_at AS users_created_at, users.updated_at AS users_updated_at, users.last_login_at AS users_last_login_at 
FROM users 
WHERE users.id = %(id_1)s::UUID 
 LIMIT %(param_1)s
2026-03-05 22:34:29,539 INFO sqlalchemy.engine.Engine [cached since 19.78s ago] {'id_1': UUID('fbe1ba09-d6ec-4268-9ff9-8790f2164820'), 'param_1': 1}
2026-03-05 22:34:29,539 INFO sqlalchemy.engine.Engine BEGIN (implicit)
2026-03-05 22:34:29,539 INFO sqlalchemy.engine.Engine SELECT users.id AS users_id, users.email AS users_email, users.username AS users_username, users.name AS users_name, users.password_hash AS users_password_hash, users.graduation_year AS users_graduation_year, users.bio AS users_bio, users.location AS users_location, users."current_role" AS users_current_role, users.profile_image_url AS users_profile_image_url, users.phone AS users_phone, users.linkedin_url AS users_linkedin_url, users.github_url AS users_github_url, users.twitter_handle AS users_twitter_handle, users.following_count AS users_following_count, users.followers_count AS users_followers_count, users.post_count AS users_post_count, users.is_active AS users_is_active, users.is_verified AS users_is_verified, users.role AS users_role, users.created_at AS users_created_at, users.updated_at AS users_updated_at, users.last_login_at AS users_last_login_at 
FROM users 
WHERE users.id = %(id_1)s::UUID 
 LIMIT %(param_1)s
2026-03-05 22:34:29,539 INFO sqlalchemy.engine.Engine [cached since 19.78s ago] {'id_1': '39bc41c3-4c14-4803-9916-1ac891e4a1d1', 'param_1': 1}
2026-03-05 22:34:29,539 INFO sqlalchemy.engine.Engine SELECT user_connections.follower_id AS user_connections_follower_id, user_connections.following_id AS user_connections_following_id, user_connections.created_at AS user_connections_created_at 
FROM user_connections 
WHERE user_connections.follower_id = %(follower_id_1)s::UUID AND user_connections.following_id = %(following_id_1)s::UUID 
 LIMIT %(param_1)s
2026-03-05 22:34:29,539 INFO sqlalchemy.engine.Engine [cached since 0.01192s ago] {'follower_id_1': UUID('39bc41c3-4c14-4803-9916-1ac891e4a1d1'), 'following_id_1': UUID('fbe1ba09-d6ec-4268-9ff9-8790f2164820'), 'param_1': 1}
2026-03-05 22:34:29,540 INFO sqlalchemy.engine.Engine SELECT user_connections.follower_id AS user_connections_follower_id, user_connections.following_id AS user_connections_following_id, user_connections.created_at AS user_connections_created_at 
FROM user_connections 
WHERE user_connections.follower_id = %(follower_id_1)s::UUID AND user_connections.following_id = %(following_id_1)s::UUID 
 LIMIT %(param_1)s
2026-03-05 22:34:29,540 INFO sqlalchemy.engine.Engine [cached since 0.01279s ago] {'follower_id_1': UUID('fbe1ba09-d6ec-4268-9ff9-8790f2164820'), 'following_id_1': UUID('39bc41c3-4c14-4803-9916-1ac891e4a1d1'), 'param_1': 1}
INFO:     127.0.0.1:56749 - "GET /api/connections/status/fbe1ba09-d6ec-4268-9ff9-8790f2164820 HTTP/1.1" 200 OK
2026-03-05 22:34:29,541 INFO sqlalchemy.engine.Engine SELECT users.id AS users_id, users.email AS users_email, users.username AS users_username, users.name AS users_name, users.password_hash AS users_password_hash, users.graduation_year AS users_graduation_year, users.bio AS users_bio, users.location AS users_location, users."current_role" AS users_current_role, users.profile_image_url AS users_profile_image_url, users.phone AS users_phone, users.linkedin_url AS users_linkedin_url, users.github_url AS users_github_url, users.twitter_handle AS users_twitter_handle, users.following_count AS users_following_count, users.followers_count AS users_followers_count, users.post_count AS users_post_count, users.is_active AS users_is_active, users.is_verified AS users_is_verified, users.role AS users_role, users.created_at AS users_created_at, users.updated_at AS users_updated_at, users.last_login_at AS users_last_login_at 
FROM users 
WHERE users.id = %(id_1)s::UUID 
 LIMIT %(param_1)s
2026-03-05 22:34:29,541 INFO sqlalchemy.engine.Engine [cached since 19.78s ago] {'id_1': UUID('9b5e1b44-fc62-463b-aa97-b27295eab70d'), 'param_1': 1}
2026-03-05 22:34:29,541 INFO sqlalchemy.engine.Engine SELECT user_connections.follower_id AS user_connections_follower_id, user_connections.following_id AS user_connections_following_id, user_connections.created_at AS user_connections_created_at 
FROM user_connections 
WHERE user_connections.follower_id = %(follower_id_1)s::UUID AND user_connections.following_id = %(following_id_1)s::UUID 
 LIMIT %(param_1)s
2026-03-05 22:34:29,541 INFO sqlalchemy.engine.Engine [cached since 0.01393s ago] {'follower_id_1': UUID('39bc41c3-4c14-4803-9916-1ac891e4a1d1'), 'following_id_1': UUID('9b5e1b44-fc62-463b-aa97-b27295eab70d'), 'param_1': 1}
2026-03-05 22:34:29,542 INFO sqlalchemy.engine.Engine SELECT user_connections.follower_id AS user_connections_follower_id, user_connections.following_id AS user_connections_following_id, user_connections.created_at AS user_connections_created_at 
FROM user_connections 
WHERE user_connections.follower_id = %(follower_id_1)s::UUID AND user_connections.following_id = %(following_id_1)s::UUID 
 LIMIT %(param_1)s
2026-03-05 22:34:29,542 INFO sqlalchemy.engine.Engine [cached since 0.01444s ago] {'follower_id_1': UUID('9b5e1b44-fc62-463b-aa97-b27295eab70d'), 'following_id_1': UUID('39bc41c3-4c14-4803-9916-1ac891e4a1d1'), 'param_1': 1}
INFO:     127.0.0.1:56746 - "GET /api/connections/status/9b5e1b44-fc62-463b-aa97-b27295eab70d HTTP/1.1" 200 OK
INFO:     127.0.0.1:56754 - "OPTIONS /api/connections/status/b6254dbe-aae1-49be-8ff3-c89050e36bdd HTTP/1.1" 200 OK
INFO:     127.0.0.1:56756 - "OPTIONS /api/connections/status/67c3d747-c055-43c6-b140-b531a06f8216 HTTP/1.1" 200 OK
2026-03-05 22:34:29,543 INFO sqlalchemy.engine.Engine ROLLBACK
2026-03-05 22:34:29,543 INFO sqlalchemy.engine.Engine ROLLBACK
2026-03-05 22:34:29,543 INFO sqlalchemy.engine.Engine ROLLBACK
2026-03-05 22:34:29,543 INFO sqlalchemy.engine.Engine ROLLBACK
2026-03-05 22:34:29,544 INFO sqlalchemy.engine.Engine SELECT users.id AS users_id, users.email AS users_email, users.username AS users_username, users.name AS users_name, users.password_hash AS users_password_hash, users.graduation_year AS users_graduation_year, users.bio AS users_bio, users.location AS users_location, users."current_role" AS users_current_role, users.profile_image_url AS users_profile_image_url, users.phone AS users_phone, users.linkedin_url AS users_linkedin_url, users.github_url AS users_github_url, users.twitter_handle AS users_twitter_handle, users.following_count AS users_following_count, users.followers_count AS users_followers_count, users.post_count AS users_post_count, users.is_active AS users_is_active, users.is_verified AS users_is_verified, users.role AS users_role, users.created_at AS users_created_at, users.updated_at AS users_updated_at, users.last_login_at AS users_last_login_at 
FROM users 
WHERE users.id = %(id_1)s::UUID 
 LIMIT %(param_1)s
2026-03-05 22:34:29,544 INFO sqlalchemy.engine.Engine [cached since 19.78s ago] {'id_1': UUID('3f3ee1f3-c4ca-4f0b-87ab-8234cf974028'), 'param_1': 1}
2026-03-05 22:34:29,545 INFO sqlalchemy.engine.Engine SELECT user_connections.follower_id AS user_connections_follower_id, user_connections.following_id AS user_connections_following_id, user_connections.created_at AS user_connections_created_at 
FROM user_connections 
WHERE user_connections.follower_id = %(follower_id_1)s::UUID AND user_connections.following_id = %(following_id_1)s::UUID 
 LIMIT %(param_1)s
2026-03-05 22:34:29,545 INFO sqlalchemy.engine.Engine BEGIN (implicit)
2026-03-05 22:34:29,545 INFO sqlalchemy.engine.Engine [cached since 0.0179s ago] {'follower_id_1': UUID('39bc41c3-4c14-4803-9916-1ac891e4a1d1'), 'following_id_1': UUID('3f3ee1f3-c4ca-4f0b-87ab-8234cf974028'), 'param_1': 1}
2026-03-05 22:34:29,545 INFO sqlalchemy.engine.Engine SELECT users.id AS users_id, users.email AS users_email, users.username AS users_username, users.name AS users_name, users.password_hash AS users_password_hash, users.graduation_year AS users_graduation_year, users.bio AS users_bio, users.location AS users_location, users."current_role" AS users_current_role, users.profile_image_url AS users_profile_image_url, users.phone AS users_phone, users.linkedin_url AS users_linkedin_url, users.github_url AS users_github_url, users.twitter_handle AS users_twitter_handle, users.following_count AS users_following_count, users.followers_count AS users_followers_count, users.post_count AS users_post_count, users.is_active AS users_is_active, users.is_verified AS users_is_verified, users.role AS users_role, users.created_at AS users_created_at, users.updated_at AS users_updated_at, users.last_login_at AS users_last_login_at 
FROM users 
WHERE users.id = %(id_1)s::UUID 
 LIMIT %(param_1)s
2026-03-05 22:34:29,545 INFO sqlalchemy.engine.Engine [cached since 19.78s ago] {'id_1': '39bc41c3-4c14-4803-9916-1ac891e4a1d1', 'param_1': 1}
2026-03-05 22:34:29,546 INFO sqlalchemy.engine.Engine SELECT user_connections.follower_id AS user_connections_follower_id, user_connections.following_id AS user_connections_following_id, user_connections.created_at AS user_connections_created_at 
FROM user_connections 
WHERE user_connections.follower_id = %(follower_id_1)s::UUID AND user_connections.following_id = %(following_id_1)s::UUID 
 LIMIT %(param_1)s
2026-03-05 22:34:29,546 INFO sqlalchemy.engine.Engine [cached since 0.01847s ago] {'follower_id_1': UUID('3f3ee1f3-c4ca-4f0b-87ab-8234cf974028'), 'following_id_1': UUID('39bc41c3-4c14-4803-9916-1ac891e4a1d1'), 'param_1': 1}
INFO:     127.0.0.1:56740 - "GET /api/connections/status/3f3ee1f3-c4ca-4f0b-87ab-8234cf974028 HTTP/1.1" 200 OK
2026-03-05 22:34:29,547 INFO sqlalchemy.engine.Engine ROLLBACK
2026-03-05 22:34:29,548 INFO sqlalchemy.engine.Engine BEGIN (implicit)
2026-03-05 22:34:29,549 INFO sqlalchemy.engine.Engine BEGIN (implicit)
2026-03-05 22:34:29,549 INFO sqlalchemy.engine.Engine SELECT users.id AS users_id, users.email AS users_email, users.username AS users_username, users.name AS users_name, users.password_hash AS users_password_hash, users.graduation_year AS users_graduation_year, users.bio AS users_bio, users.location AS users_location, users."current_role" AS users_current_role, users.profile_image_url AS users_profile_image_url, users.phone AS users_phone, users.linkedin_url AS users_linkedin_url, users.github_url AS users_github_url, users.twitter_handle AS users_twitter_handle, users.following_count AS users_following_count, users.followers_count AS users_followers_count, users.post_count AS users_post_count, users.is_active AS users_is_active, users.is_verified AS users_is_verified, users.role AS users_role, users.created_at AS users_created_at, users.updated_at AS users_updated_at, users.last_login_at AS users_last_login_at 
FROM users 
WHERE users.id = %(id_1)s::UUID 
 LIMIT %(param_1)s
2026-03-05 22:34:29,549 INFO sqlalchemy.engine.Engine BEGIN (implicit)
2026-03-05 22:34:29,549 INFO sqlalchemy.engine.Engine SELECT users.id AS users_id, users.email AS users_email, users.username AS users_username, users.name AS users_name, users.password_hash AS users_password_hash, users.graduation_year AS users_graduation_year, users.bio AS users_bio, users.location AS users_location, users."current_role" AS users_current_role, users.profile_image_url AS users_profile_image_url, users.phone AS users_phone, users.linkedin_url AS users_linkedin_url, users.github_url AS users_github_url, users.twitter_handle AS users_twitter_handle, users.following_count AS users_following_count, users.followers_count AS users_followers_count, users.post_count AS users_post_count, users.is_active AS users_is_active, users.is_verified AS users_is_verified, users.role AS users_role, users.created_at AS users_created_at, users.updated_at AS users_updated_at, users.last_login_at AS users_last_login_at 
FROM users 
WHERE users.id = %(id_1)s::UUID 
 LIMIT %(param_1)s
2026-03-05 22:34:29,549 INFO sqlalchemy.engine.Engine BEGIN (implicit)
2026-03-05 22:34:29,549 INFO sqlalchemy.engine.Engine SELECT users.id AS users_id, users.email AS users_email, users.username AS users_username, users.name AS users_name, users.password_hash AS users_password_hash, users.graduation_year AS users_graduation_year, users.bio AS users_bio, users.location AS users_location, users."current_role" AS users_current_role, users.profile_image_url AS users_profile_image_url, users.phone AS users_phone, users.linkedin_url AS users_linkedin_url, users.github_url AS users_github_url, users.twitter_handle AS users_twitter_handle, users.following_count AS users_following_count, users.followers_count AS users_followers_count, users.post_count AS users_post_count, users.is_active AS users_is_active, users.is_verified AS users_is_verified, users.role AS users_role, users.created_at AS users_created_at, users.updated_at AS users_updated_at, users.last_login_at AS users_last_login_at 
FROM users 
WHERE users.id = %(id_1)s::UUID 
 LIMIT %(param_1)s
2026-03-05 22:34:29,549 INFO sqlalchemy.engine.Engine [cached since 19.79s ago] {'id_1': '39bc41c3-4c14-4803-9916-1ac891e4a1d1', 'param_1': 1}
2026-03-05 22:34:29,549 INFO sqlalchemy.engine.Engine BEGIN (implicit)
2026-03-05 22:34:29,549 INFO sqlalchemy.engine.Engine SELECT users.id AS users_id, users.email AS users_email, users.username AS users_username, users.name AS users_name, users.password_hash AS users_password_hash, users.graduation_year AS users_graduation_year, users.bio AS users_bio, users.location AS users_location, users."current_role" AS users_current_role, users.profile_image_url AS users_profile_image_url, users.phone AS users_phone, users.linkedin_url AS users_linkedin_url, users.github_url AS users_github_url, users.twitter_handle AS users_twitter_handle, users.following_count AS users_following_count, users.followers_count AS users_followers_count, users.post_count AS users_post_count, users.is_active AS users_is_active, users.is_verified AS users_is_verified, users.role AS users_role, users.created_at AS users_created_at, users.updated_at AS users_updated_at, users.last_login_at AS users_last_login_at 
FROM users 
WHERE users.id = %(id_1)s::UUID 
 LIMIT %(param_1)s
2026-03-05 22:34:29,550 INFO sqlalchemy.engine.Engine [cached since 19.79s ago] {'id_1': UUID('7c392ee0-f071-4277-a074-7c8ed282a2b7'), 'param_1': 1}
2026-03-05 22:34:29,550 INFO sqlalchemy.engine.Engine SELECT users.id AS users_id, users.email AS users_email, users.username AS users_username, users.name AS users_name, users.password_hash AS users_password_hash, users.graduation_year AS users_graduation_year, users.bio AS users_bio, users.location AS users_location, users."current_role" AS users_current_role, users.profile_image_url AS users_profile_image_url, users.phone AS users_phone, users.linkedin_url AS users_linkedin_url, users.github_url AS users_github_url, users.twitter_handle AS users_twitter_handle, users.following_count AS users_following_count, users.followers_count AS users_followers_count, users.post_count AS users_post_count, users.is_active AS users_is_active, users.is_verified AS users_is_verified, users.role AS users_role, users.created_at AS users_created_at, users.updated_at AS users_updated_at, users.last_login_at AS users_last_login_at 
FROM users 
WHERE users.id = %(id_1)s::UUID 
 LIMIT %(param_1)s
2026-03-05 22:34:29,550 INFO sqlalchemy.engine.Engine [cached since 19.79s ago] {'id_1': '39bc41c3-4c14-4803-9916-1ac891e4a1d1', 'param_1': 1}
2026-03-05 22:34:29,550 INFO sqlalchemy.engine.Engine SELECT users.id AS users_id, users.email AS users_email, users.username AS users_username, users.name AS users_name, users.password_hash AS users_password_hash, users.graduation_year AS users_graduation_year, users.bio AS users_bio, users.location AS users_location, users."current_role" AS users_current_role, users.profile_image_url AS users_profile_image_url, users.phone AS users_phone, users.linkedin_url AS users_linkedin_url, users.github_url AS users_github_url, users.twitter_handle AS users_twitter_handle, users.following_count AS users_following_count, users.followers_count AS users_followers_count, users.post_count AS users_post_count, users.is_active AS users_is_active, users.is_verified AS users_is_verified, users.role AS users_role, users.created_at AS users_created_at, users.updated_at AS users_updated_at, users.last_login_at AS users_last_login_at 
FROM users 
WHERE users.id = %(id_1)s::UUID 
 LIMIT %(param_1)s
2026-03-05 22:34:29,550 INFO sqlalchemy.engine.Engine [cached since 19.79s ago] {'id_1': '39bc41c3-4c14-4803-9916-1ac891e4a1d1', 'param_1': 1}
2026-03-05 22:34:29,550 INFO sqlalchemy.engine.Engine [cached since 19.79s ago] {'id_1': '39bc41c3-4c14-4803-9916-1ac891e4a1d1', 'param_1': 1}
2026-03-05 22:34:29,550 INFO sqlalchemy.engine.Engine [cached since 19.79s ago] {'id_1': '39bc41c3-4c14-4803-9916-1ac891e4a1d1', 'param_1': 1}
2026-03-05 22:34:29,551 INFO sqlalchemy.engine.Engine SELECT user_connections.follower_id AS user_connections_follower_id, user_connections.following_id AS user_connections_following_id, user_connections.created_at AS user_connections_created_at 
FROM user_connections 
WHERE user_connections.follower_id = %(follower_id_1)s::UUID AND user_connections.following_id = %(following_id_1)s::UUID 
 LIMIT %(param_1)s
2026-03-05 22:34:29,551 INFO sqlalchemy.engine.Engine [cached since 0.02347s ago] {'follower_id_1': UUID('39bc41c3-4c14-4803-9916-1ac891e4a1d1'), 'following_id_1': UUID('7c392ee0-f071-4277-a074-7c8ed282a2b7'), 'param_1': 1}
2026-03-05 22:34:29,551 INFO sqlalchemy.engine.Engine SELECT user_connections.follower_id AS user_connections_follower_id, user_connections.following_id AS user_connections_following_id, user_connections.created_at AS user_connections_created_at 
FROM user_connections 
WHERE user_connections.follower_id = %(follower_id_1)s::UUID AND user_connections.following_id = %(following_id_1)s::UUID 
 LIMIT %(param_1)s
2026-03-05 22:34:29,551 INFO sqlalchemy.engine.Engine [cached since 0.024s ago] {'follower_id_1': UUID('7c392ee0-f071-4277-a074-7c8ed282a2b7'), 'following_id_1': UUID('39bc41c3-4c14-4803-9916-1ac891e4a1d1'), 'param_1': 1}
INFO:     127.0.0.1:56752 - "GET /api/connections/status/7c392ee0-f071-4277-a074-7c8ed282a2b7 HTTP/1.1" 200 OK
2026-03-05 22:34:29,552 INFO sqlalchemy.engine.Engine ROLLBACK
2026-03-05 22:34:29,552 INFO sqlalchemy.engine.Engine SELECT users.id AS users_id, users.email AS users_email, users.username AS users_username, users.name AS users_name, users.password_hash AS users_password_hash, users.graduation_year AS users_graduation_year, users.bio AS users_bio, users.location AS users_location, users."current_role" AS users_current_role, users.profile_image_url AS users_profile_image_url, users.phone AS users_phone, users.linkedin_url AS users_linkedin_url, users.github_url AS users_github_url, users.twitter_handle AS users_twitter_handle, users.following_count AS users_following_count, users.followers_count AS users_followers_count, users.post_count AS users_post_count, users.is_active AS users_is_active, users.is_verified AS users_is_verified, users.role AS users_role, users.created_at AS users_created_at, users.updated_at AS users_updated_at, users.last_login_at AS users_last_login_at 
FROM users 
WHERE users.id = %(id_1)s::UUID 
 LIMIT %(param_1)s
2026-03-05 22:34:29,552 INFO sqlalchemy.engine.Engine [cached since 19.79s ago] {'id_1': UUID('de320988-89c2-422e-b678-50641b34c157'), 'param_1': 1}
2026-03-05 22:34:29,553 INFO sqlalchemy.engine.Engine SELECT user_connections.follower_id AS user_connections_follower_id, user_connections.following_id AS user_connections_following_id, user_connections.created_at AS user_connections_created_at 
FROM user_connections 
WHERE user_connections.follower_id = %(follower_id_1)s::UUID AND user_connections.following_id = %(following_id_1)s::UUID 
 LIMIT %(param_1)s
2026-03-05 22:34:29,553 INFO sqlalchemy.engine.Engine [cached since 0.02575s ago] {'follower_id_1': UUID('39bc41c3-4c14-4803-9916-1ac891e4a1d1'), 'following_id_1': UUID('de320988-89c2-422e-b678-50641b34c157'), 'param_1': 1}
2026-03-05 22:34:29,553 INFO sqlalchemy.engine.Engine SELECT user_connections.follower_id AS user_connections_follower_id, user_connections.following_id AS user_connections_following_id, user_connections.created_at AS user_connections_created_at 
FROM user_connections 
WHERE user_connections.follower_id = %(follower_id_1)s::UUID AND user_connections.following_id = %(following_id_1)s::UUID 
 LIMIT %(param_1)s
2026-03-05 22:34:29,553 INFO sqlalchemy.engine.Engine [cached since 0.02619s ago] {'follower_id_1': UUID('de320988-89c2-422e-b678-50641b34c157'), 'following_id_1': UUID('39bc41c3-4c14-4803-9916-1ac891e4a1d1'), 'param_1': 1}
INFO:     127.0.0.1:56754 - "GET /api/connections/status/de320988-89c2-422e-b678-50641b34c157 HTTP/1.1" 200 OK
2026-03-05 22:34:29,554 INFO sqlalchemy.engine.Engine SELECT users.id AS users_id, users.email AS users_email, users.username AS users_username, users.name AS users_name, users.password_hash AS users_password_hash, users.graduation_year AS users_graduation_year, users.bio AS users_bio, users.location AS users_location, users."current_role" AS users_current_role, users.profile_image_url AS users_profile_image_url, users.phone AS users_phone, users.linkedin_url AS users_linkedin_url, users.github_url AS users_github_url, users.twitter_handle AS users_twitter_handle, users.following_count AS users_following_count, users.followers_count AS users_followers_count, users.post_count AS users_post_count, users.is_active AS users_is_active, users.is_verified AS users_is_verified, users.role AS users_role, users.created_at AS users_created_at, users.updated_at AS users_updated_at, users.last_login_at AS users_last_login_at 
FROM users 
WHERE users.id = %(id_1)s::UUID 
 LIMIT %(param_1)s
2026-03-05 22:34:29,554 INFO sqlalchemy.engine.Engine [cached since 19.79s ago] {'id_1': UUID('4c68130b-ef88-4056-abca-743c903a2ee9'), 'param_1': 1}
2026-03-05 22:34:29,554 INFO sqlalchemy.engine.Engine SELECT user_connections.follower_id AS user_connections_follower_id, user_connections.following_id AS user_connections_following_id, user_connections.created_at AS user_connections_created_at 
FROM user_connections 
WHERE user_connections.follower_id = %(follower_id_1)s::UUID AND user_connections.following_id = %(following_id_1)s::UUID 
 LIMIT %(param_1)s
2026-03-05 22:34:29,554 INFO sqlalchemy.engine.Engine [cached since 0.02718s ago] {'follower_id_1': UUID('39bc41c3-4c14-4803-9916-1ac891e4a1d1'), 'following_id_1': UUID('4c68130b-ef88-4056-abca-743c903a2ee9'), 'param_1': 1}
2026-03-05 22:34:29,555 INFO sqlalchemy.engine.Engine SELECT user_connections.follower_id AS user_connections_follower_id, user_connections.following_id AS user_connections_following_id, user_connections.created_at AS user_connections_created_at 
FROM user_connections 
WHERE user_connections.follower_id = %(follower_id_1)s::UUID AND user_connections.following_id = %(following_id_1)s::UUID 
 LIMIT %(param_1)s
2026-03-05 22:34:29,555 INFO sqlalchemy.engine.Engine [cached since 0.02757s ago] {'follower_id_1': UUID('4c68130b-ef88-4056-abca-743c903a2ee9'), 'following_id_1': UUID('39bc41c3-4c14-4803-9916-1ac891e4a1d1'), 'param_1': 1}
INFO:     127.0.0.1:56756 - "GET /api/connections/status/4c68130b-ef88-4056-abca-743c903a2ee9 HTTP/1.1" 200 OK
2026-03-05 22:34:29,555 INFO sqlalchemy.engine.Engine SELECT users.id AS users_id, users.email AS users_email, users.username AS users_username, users.name AS users_name, users.password_hash AS users_password_hash, users.graduation_year AS users_graduation_year, users.bio AS users_bio, users.location AS users_location, users."current_role" AS users_current_role, users.profile_image_url AS users_profile_image_url, users.phone AS users_phone, users.linkedin_url AS users_linkedin_url, users.github_url AS users_github_url, users.twitter_handle AS users_twitter_handle, users.following_count AS users_following_count, users.followers_count AS users_followers_count, users.post_count AS users_post_count, users.is_active AS users_is_active, users.is_verified AS users_is_verified, users.role AS users_role, users.created_at AS users_created_at, users.updated_at AS users_updated_at, users.last_login_at AS users_last_login_at 
FROM users 
WHERE users.id = %(id_1)s::UUID 
 LIMIT %(param_1)s
2026-03-05 22:34:29,555 INFO sqlalchemy.engine.Engine [cached since 19.79s ago] {'id_1': UUID('67c3d747-c055-43c6-b140-b531a06f8216'), 'param_1': 1}
2026-03-05 22:34:29,556 INFO sqlalchemy.engine.Engine SELECT user_connections.follower_id AS user_connections_follower_id, user_connections.following_id AS user_connections_following_id, user_connections.created_at AS user_connections_created_at 
FROM user_connections 
WHERE user_connections.follower_id = %(follower_id_1)s::UUID AND user_connections.following_id = %(following_id_1)s::UUID 
 LIMIT %(param_1)s
2026-03-05 22:34:29,556 INFO sqlalchemy.engine.Engine [cached since 0.02871s ago] {'follower_id_1': UUID('39bc41c3-4c14-4803-9916-1ac891e4a1d1'), 'following_id_1': UUID('67c3d747-c055-43c6-b140-b531a06f8216'), 'param_1': 1}
2026-03-05 22:34:29,556 INFO sqlalchemy.engine.Engine SELECT user_connections.follower_id AS user_connections_follower_id, user_connections.following_id AS user_connections_following_id, user_connections.created_at AS user_connections_created_at 
FROM user_connections 
WHERE user_connections.follower_id = %(follower_id_1)s::UUID AND user_connections.following_id = %(following_id_1)s::UUID 
 LIMIT %(param_1)s
2026-03-05 22:34:29,556 INFO sqlalchemy.engine.Engine [cached since 0.02915s ago] {'follower_id_1': UUID('67c3d747-c055-43c6-b140-b531a06f8216'), 'following_id_1': UUID('39bc41c3-4c14-4803-9916-1ac891e4a1d1'), 'param_1': 1}
INFO:     127.0.0.1:56746 - "GET /api/connections/status/67c3d747-c055-43c6-b140-b531a06f8216 HTTP/1.1" 200 OK
2026-03-05 22:34:29,557 INFO sqlalchemy.engine.Engine SELECT users.id AS users_id, users.email AS users_email, users.username AS users_username, users.name AS users_name, users.password_hash AS users_password_hash, users.graduation_year AS users_graduation_year, users.bio AS users_bio, users.location AS users_location, users."current_role" AS users_current_role, users.profile_image_url AS users_profile_image_url, users.phone AS users_phone, users.linkedin_url AS users_linkedin_url, users.github_url AS users_github_url, users.twitter_handle AS users_twitter_handle, users.following_count AS users_following_count, users.followers_count AS users_followers_count, users.post_count AS users_post_count, users.is_active AS users_is_active, users.is_verified AS users_is_verified, users.role AS users_role, users.created_at AS users_created_at, users.updated_at AS users_updated_at, users.last_login_at AS users_last_login_at 
FROM users 
WHERE users.id = %(id_1)s::UUID 
 LIMIT %(param_1)s
2026-03-05 22:34:29,557 INFO sqlalchemy.engine.Engine [cached since 19.8s ago] {'id_1': UUID('b6254dbe-aae1-49be-8ff3-c89050e36bdd'), 'param_1': 1}
2026-03-05 22:34:29,558 INFO sqlalchemy.engine.Engine SELECT user_connections.follower_id AS user_connections_follower_id, user_connections.following_id AS user_connections_following_id, user_connections.created_at AS user_connections_created_at 
FROM user_connections 
WHERE user_connections.follower_id = %(follower_id_1)s::UUID AND user_connections.following_id = %(following_id_1)s::UUID 
 LIMIT %(param_1)s
2026-03-05 22:34:29,558 INFO sqlalchemy.engine.Engine [cached since 0.03078s ago] {'follower_id_1': UUID('39bc41c3-4c14-4803-9916-1ac891e4a1d1'), 'following_id_1': UUID('b6254dbe-aae1-49be-8ff3-c89050e36bdd'), 'param_1': 1}
2026-03-05 22:34:29,559 INFO sqlalchemy.engine.Engine SELECT user_connections.follower_id AS user_connections_follower_id, user_connections.following_id AS user_connections_following_id, user_connections.created_at AS user_connections_created_at 
FROM user_connections 
WHERE user_connections.follower_id = %(follower_id_1)s::UUID AND user_connections.following_id = %(following_id_1)s::UUID 
 LIMIT %(param_1)s
2026-03-05 22:34:29,559 INFO sqlalchemy.engine.Engine [cached since 0.03144s ago] {'follower_id_1': UUID('b6254dbe-aae1-49be-8ff3-c89050e36bdd'), 'following_id_1': UUID('39bc41c3-4c14-4803-9916-1ac891e4a1d1'), 'param_1': 1}
INFO:     127.0.0.1:56749 - "GET /api/connections/status/b6254dbe-aae1-49be-8ff3-c89050e36bdd HTTP/1.1" 200 OK
2026-03-05 22:34:29,559 INFO sqlalchemy.engine.Engine SELECT users.id AS users_id, users.email AS users_email, users.username AS users_username, users.name AS users_name, users.password_hash AS users_password_hash, users.graduation_year AS users_graduation_year, users.bio AS users_bio, users.location AS users_location, users."current_role" AS users_current_role, users.profile_image_url AS users_profile_image_url, users.phone AS users_phone, users.linkedin_url AS users_linkedin_url, users.github_url AS users_github_url, users.twitter_handle AS users_twitter_handle, users.following_count AS users_following_count, users.followers_count AS users_followers_count, users.post_count AS users_post_count, users.is_active AS users_is_active, users.is_verified AS users_is_verified, users.role AS users_role, users.created_at AS users_created_at, users.updated_at AS users_updated_at, users.last_login_at AS users_last_login_at 
FROM users 
WHERE users.id = %(id_1)s::UUID 
 LIMIT %(param_1)s
2026-03-05 22:34:29,559 INFO sqlalchemy.engine.Engine [cached since 19.8s ago] {'id_1': UUID('06622cd2-be07-4627-9a40-40a808ea6675'), 'param_1': 1}
2026-03-05 22:34:29,560 INFO sqlalchemy.engine.Engine SELECT user_connections.follower_id AS user_connections_follower_id, user_connections.following_id AS user_connections_following_id, user_connections.created_at AS user_connections_created_at 
FROM user_connections 
WHERE user_connections.follower_id = %(follower_id_1)s::UUID AND user_connections.following_id = %(following_id_1)s::UUID 
 LIMIT %(param_1)s
2026-03-05 22:34:29,560 INFO sqlalchemy.engine.Engine [cached since 0.03267s ago] {'follower_id_1': UUID('39bc41c3-4c14-4803-9916-1ac891e4a1d1'), 'following_id_1': UUID('06622cd2-be07-4627-9a40-40a808ea6675'), 'param_1': 1}
2026-03-05 22:34:29,560 INFO sqlalchemy.engine.Engine SELECT user_connections.follower_id AS user_connections_follower_id, user_connections.following_id AS user_connections_following_id, user_connections.created_at AS user_connections_created_at 
FROM user_connections 
WHERE user_connections.follower_id = %(follower_id_1)s::UUID AND user_connections.following_id = %(following_id_1)s::UUID 
 LIMIT %(param_1)s
2026-03-05 22:34:29,560 INFO sqlalchemy.engine.Engine [cached since 0.03314s ago] {'follower_id_1': UUID('06622cd2-be07-4627-9a40-40a808ea6675'), 'following_id_1': UUID('39bc41c3-4c14-4803-9916-1ac891e4a1d1'), 'param_1': 1}
INFO:     127.0.0.1:56740 - "GET /api/connections/status/06622cd2-be07-4627-9a40-40a808ea6675 HTTP/1.1" 200 OK
2026-03-05 22:34:29,561 INFO sqlalchemy.engine.Engine ROLLBACK
2026-03-05 22:34:29,561 INFO sqlalchemy.engine.Engine ROLLBACK
2026-03-05 22:34:29,561 INFO sqlalchemy.engine.Engine ROLLBACK
2026-03-05 22:34:29,562 INFO sqlalchemy.engine.Engine ROLLBACK
2026-03-05 22:34:29,562 INFO sqlalchemy.engine.Engine ROLLBACK
2026-03-05 22:34:29,563 INFO sqlalchemy.engine.Engine BEGIN (implicit)
2026-03-05 22:34:29,563 INFO sqlalchemy.engine.Engine SELECT users.id AS users_id, users.email AS users_email, users.username AS users_username, users.name AS users_name, users.password_hash AS users_password_hash, users.graduation_year AS users_graduation_year, users.bio AS users_bio, users.location AS users_location, users."current_role" AS users_current_role, users.profile_image_url AS users_profile_image_url, users.phone AS users_phone, users.linkedin_url AS users_linkedin_url, users.github_url AS users_github_url, users.twitter_handle AS users_twitter_handle, users.following_count AS users_following_count, users.followers_count AS users_followers_count, users.post_count AS users_post_count, users.is_active AS users_is_active, users.is_verified AS users_is_verified, users.role AS users_role, users.created_at AS users_created_at, users.updated_at AS users_updated_at, users.last_login_at AS users_last_login_at 
FROM users 
WHERE users.id = %(id_1)s::UUID 
 LIMIT %(param_1)s
2026-03-05 22:34:29,564 INFO sqlalchemy.engine.Engine [cached since 19.8s ago] {'id_1': '39bc41c3-4c14-4803-9916-1ac891e4a1d1', 'param_1': 1}
2026-03-05 22:34:29,565 INFO sqlalchemy.engine.Engine BEGIN (implicit)
2026-03-05 22:34:29,565 INFO sqlalchemy.engine.Engine BEGIN (implicit)
2026-03-05 22:34:29,565 INFO sqlalchemy.engine.Engine SELECT users.id AS users_id, users.email AS users_email, users.username AS users_username, users.name AS users_name, users.password_hash AS users_password_hash, users.graduation_year AS users_graduation_year, users.bio AS users_bio, users.location AS users_location, users."current_role" AS users_current_role, users.profile_image_url AS users_profile_image_url, users.phone AS users_phone, users.linkedin_url AS users_linkedin_url, users.github_url AS users_github_url, users.twitter_handle AS users_twitter_handle, users.following_count AS users_following_count, users.followers_count AS users_followers_count, users.post_count AS users_post_count, users.is_active AS users_is_active, users.is_verified AS users_is_verified, users.role AS users_role, users.created_at AS users_created_at, users.updated_at AS users_updated_at, users.last_login_at AS users_last_login_at 
FROM users 
WHERE users.id = %(id_1)s::UUID 
 LIMIT %(param_1)s
2026-03-05 22:34:29,565 INFO sqlalchemy.engine.Engine BEGIN (implicit)
2026-03-05 22:34:29,566 INFO sqlalchemy.engine.Engine SELECT users.id AS users_id, users.email AS users_email, users.username AS users_username, users.name AS users_name, users.password_hash AS users_password_hash, users.graduation_year AS users_graduation_year, users.bio AS users_bio, users.location AS users_location, users."current_role" AS users_current_role, users.profile_image_url AS users_profile_image_url, users.phone AS users_phone, users.linkedin_url AS users_linkedin_url, users.github_url AS users_github_url, users.twitter_handle AS users_twitter_handle, users.following_count AS users_following_count, users.followers_count AS users_followers_count, users.post_count AS users_post_count, users.is_active AS users_is_active, users.is_verified AS users_is_verified, users.role AS users_role, users.created_at AS users_created_at, users.updated_at AS users_updated_at, users.last_login_at AS users_last_login_at 
FROM users 
WHERE users.id = %(id_1)s::UUID 
 LIMIT %(param_1)s
2026-03-05 22:34:29,566 INFO sqlalchemy.engine.Engine BEGIN (implicit)
2026-03-05 22:34:29,566 INFO sqlalchemy.engine.Engine BEGIN (implicit)
2026-03-05 22:34:29,566 INFO sqlalchemy.engine.Engine [cached since 19.8s ago] {'id_1': '39bc41c3-4c14-4803-9916-1ac891e4a1d1', 'param_1': 1}
2026-03-05 22:34:29,566 INFO sqlalchemy.engine.Engine SELECT users.id AS users_id, users.email AS users_email, users.username AS users_username, users.name AS users_name, users.password_hash AS users_password_hash, users.graduation_year AS users_graduation_year, users.bio AS users_bio, users.location AS users_location, users."current_role" AS users_current_role, users.profile_image_url AS users_profile_image_url, users.phone AS users_phone, users.linkedin_url AS users_linkedin_url, users.github_url AS users_github_url, users.twitter_handle AS users_twitter_handle, users.following_count AS users_following_count, users.followers_count AS users_followers_count, users.post_count AS users_post_count, users.is_active AS users_is_active, users.is_verified AS users_is_verified, users.role AS users_role, users.created_at AS users_created_at, users.updated_at AS users_updated_at, users.last_login_at AS users_last_login_at 
FROM users 
WHERE users.id = %(id_1)s::UUID 
 LIMIT %(param_1)s
2026-03-05 22:34:29,566 INFO sqlalchemy.engine.Engine SELECT users.id AS users_id, users.email AS users_email, users.username AS users_username, users.name AS users_name, users.password_hash AS users_password_hash, users.graduation_year AS users_graduation_year, users.bio AS users_bio, users.location AS users_location, users."current_role" AS users_current_role, users.profile_image_url AS users_profile_image_url, users.phone AS users_phone, users.linkedin_url AS users_linkedin_url, users.github_url AS users_github_url, users.twitter_handle AS users_twitter_handle, users.following_count AS users_following_count, users.followers_count AS users_followers_count, users.post_count AS users_post_count, users.is_active AS users_is_active, users.is_verified AS users_is_verified, users.role AS users_role, users.created_at AS users_created_at, users.updated_at AS users_updated_at, users.last_login_at AS users_last_login_at 
FROM users 
WHERE users.id = %(id_1)s::UUID 
 LIMIT %(param_1)s
2026-03-05 22:34:29,566 INFO sqlalchemy.engine.Engine [cached since 19.8s ago] {'id_1': '39bc41c3-4c14-4803-9916-1ac891e4a1d1', 'param_1': 1}
2026-03-05 22:34:29,566 INFO sqlalchemy.engine.Engine SELECT users.id AS users_id, users.email AS users_email, users.username AS users_username, users.name AS users_name, users.password_hash AS users_password_hash, users.graduation_year AS users_graduation_year, users.bio AS users_bio, users.location AS users_location, users."current_role" AS users_current_role, users.profile_image_url AS users_profile_image_url, users.phone AS users_phone, users.linkedin_url AS users_linkedin_url, users.github_url AS users_github_url, users.twitter_handle AS users_twitter_handle, users.following_count AS users_following_count, users.followers_count AS users_followers_count, users.post_count AS users_post_count, users.is_active AS users_is_active, users.is_verified AS users_is_verified, users.role AS users_role, users.created_at AS users_created_at, users.updated_at AS users_updated_at, users.last_login_at AS users_last_login_at 
FROM users 
WHERE users.id = %(id_1)s::UUID 
 LIMIT %(param_1)s
2026-03-05 22:34:29,566 INFO sqlalchemy.engine.Engine SELECT users.id AS users_id, users.email AS users_email, users.username AS users_username, users.name AS users_name, users.password_hash AS users_password_hash, users.graduation_year AS users_graduation_year, users.bio AS users_bio, users.location AS users_location, users."current_role" AS users_current_role, users.profile_image_url AS users_profile_image_url, users.phone AS users_phone, users.linkedin_url AS users_linkedin_url, users.github_url AS users_github_url, users.twitter_handle AS users_twitter_handle, users.following_count AS users_following_count, users.followers_count AS users_followers_count, users.post_count AS users_post_count, users.is_active AS users_is_active, users.is_verified AS users_is_verified, users.role AS users_role, users.created_at AS users_created_at, users.updated_at AS users_updated_at, users.last_login_at AS users_last_login_at 
FROM users 
WHERE users.id = %(id_1)s::UUID 
 LIMIT %(param_1)s
2026-03-05 22:34:29,566 INFO sqlalchemy.engine.Engine [cached since 19.8s ago] {'id_1': '39bc41c3-4c14-4803-9916-1ac891e4a1d1', 'param_1': 1}
2026-03-05 22:34:29,566 INFO sqlalchemy.engine.Engine [cached since 19.8s ago] {'id_1': UUID('330f89c4-630c-472f-8486-fb2714ce3963'), 'param_1': 1}
2026-03-05 22:34:29,566 INFO sqlalchemy.engine.Engine [cached since 19.8s ago] {'id_1': '39bc41c3-4c14-4803-9916-1ac891e4a1d1', 'param_1': 1}
2026-03-05 22:34:29,566 INFO sqlalchemy.engine.Engine [cached since 19.8s ago] {'id_1': '39bc41c3-4c14-4803-9916-1ac891e4a1d1', 'param_1': 1}
2026-03-05 22:34:29,567 INFO sqlalchemy.engine.Engine SELECT user_connections.follower_id AS user_connections_follower_id, user_connections.following_id AS user_connections_following_id, user_connections.created_at AS user_connections_created_at 
FROM user_connections 
WHERE user_connections.follower_id = %(follower_id_1)s::UUID AND user_connections.following_id = %(following_id_1)s::UUID 
 LIMIT %(param_1)s
2026-03-05 22:34:29,567 INFO sqlalchemy.engine.Engine [cached since 0.04005s ago] {'follower_id_1': UUID('39bc41c3-4c14-4803-9916-1ac891e4a1d1'), 'following_id_1': UUID('330f89c4-630c-472f-8486-fb2714ce3963'), 'param_1': 1}
2026-03-05 22:34:29,568 INFO sqlalchemy.engine.Engine SELECT user_connections.follower_id AS user_connections_follower_id, user_connections.following_id AS user_connections_following_id, user_connections.created_at AS user_connections_created_at 
FROM user_connections 
WHERE user_connections.follower_id = %(follower_id_1)s::UUID AND user_connections.following_id = %(following_id_1)s::UUID 
 LIMIT %(param_1)s
2026-03-05 22:34:29,568 INFO sqlalchemy.engine.Engine [cached since 0.04061s ago] {'follower_id_1': UUID('330f89c4-630c-472f-8486-fb2714ce3963'), 'following_id_1': UUID('39bc41c3-4c14-4803-9916-1ac891e4a1d1'), 'param_1': 1}
INFO:     127.0.0.1:56752 - "GET /api/connections/status/330f89c4-630c-472f-8486-fb2714ce3963 HTTP/1.1" 200 OK
2026-03-05 22:34:29,569 INFO sqlalchemy.engine.Engine ROLLBACK
2026-03-05 22:34:29,569 INFO sqlalchemy.engine.Engine SELECT users.id AS users_id, users.email AS users_email, users.username AS users_username, users.name AS users_name, users.password_hash AS users_password_hash, users.graduation_year AS users_graduation_year, users.bio AS users_bio, users.location AS users_location, users."current_role" AS users_current_role, users.profile_image_url AS users_profile_image_url, users.phone AS users_phone, users.linkedin_url AS users_linkedin_url, users.github_url AS users_github_url, users.twitter_handle AS users_twitter_handle, users.following_count AS users_following_count, users.followers_count AS users_followers_count, users.post_count AS users_post_count, users.is_active AS users_is_active, users.is_verified AS users_is_verified, users.role AS users_role, users.created_at AS users_created_at, users.updated_at AS users_updated_at, users.last_login_at AS users_last_login_at 
FROM users 
WHERE users.id = %(id_1)s::UUID 
 LIMIT %(param_1)s
2026-03-05 22:34:29,569 INFO sqlalchemy.engine.Engine [cached since 19.81s ago] {'id_1': UUID('9b5e1b44-fc62-463b-aa97-b27295eab70d'), 'param_1': 1}
2026-03-05 22:34:29,570 INFO sqlalchemy.engine.Engine SELECT user_connections.follower_id AS user_connections_follower_id, user_connections.following_id AS user_connections_following_id, user_connections.created_at AS user_connections_created_at 
FROM user_connections 
WHERE user_connections.follower_id = %(follower_id_1)s::UUID AND user_connections.following_id = %(following_id_1)s::UUID 
 LIMIT %(param_1)s
2026-03-05 22:34:29,570 INFO sqlalchemy.engine.Engine [cached since 0.04248s ago] {'follower_id_1': UUID('39bc41c3-4c14-4803-9916-1ac891e4a1d1'), 'following_id_1': UUID('9b5e1b44-fc62-463b-aa97-b27295eab70d'), 'param_1': 1}
2026-03-05 22:34:29,570 INFO sqlalchemy.engine.Engine SELECT user_connections.follower_id AS user_connections_follower_id, user_connections.following_id AS user_connections_following_id, user_connections.created_at AS user_connections_created_at 
FROM user_connections 
WHERE user_connections.follower_id = %(follower_id_1)s::UUID AND user_connections.following_id = %(following_id_1)s::UUID 
 LIMIT %(param_1)s
2026-03-05 22:34:29,570 INFO sqlalchemy.engine.Engine [cached since 0.0429s ago] {'follower_id_1': UUID('9b5e1b44-fc62-463b-aa97-b27295eab70d'), 'following_id_1': UUID('39bc41c3-4c14-4803-9916-1ac891e4a1d1'), 'param_1': 1}
INFO:     127.0.0.1:56754 - "GET /api/connections/status/9b5e1b44-fc62-463b-aa97-b27295eab70d HTTP/1.1" 200 OK
2026-03-05 22:34:29,571 INFO sqlalchemy.engine.Engine SELECT users.id AS users_id, users.email AS users_email, users.username AS users_username, users.name AS users_name, users.password_hash AS users_password_hash, users.graduation_year AS users_graduation_year, users.bio AS users_bio, users.location AS users_location, users."current_role" AS users_current_role, users.profile_image_url AS users_profile_image_url, users.phone AS users_phone, users.linkedin_url AS users_linkedin_url, users.github_url AS users_github_url, users.twitter_handle AS users_twitter_handle, users.following_count AS users_following_count, users.followers_count AS users_followers_count, users.post_count AS users_post_count, users.is_active AS users_is_active, users.is_verified AS users_is_verified, users.role AS users_role, users.created_at AS users_created_at, users.updated_at AS users_updated_at, users.last_login_at AS users_last_login_at 
FROM users 
WHERE users.id = %(id_1)s::UUID 
 LIMIT %(param_1)s
2026-03-05 22:34:29,571 INFO sqlalchemy.engine.Engine [cached since 19.81s ago] {'id_1': UUID('fbe1ba09-d6ec-4268-9ff9-8790f2164820'), 'param_1': 1}
2026-03-05 22:34:29,571 INFO sqlalchemy.engine.Engine SELECT user_connections.follower_id AS user_connections_follower_id, user_connections.following_id AS user_connections_following_id, user_connections.created_at AS user_connections_created_at 
FROM user_connections 
WHERE user_connections.follower_id = %(follower_id_1)s::UUID AND user_connections.following_id = %(following_id_1)s::UUID 
 LIMIT %(param_1)s
2026-03-05 22:34:29,571 INFO sqlalchemy.engine.Engine [cached since 0.04407s ago] {'follower_id_1': UUID('39bc41c3-4c14-4803-9916-1ac891e4a1d1'), 'following_id_1': UUID('fbe1ba09-d6ec-4268-9ff9-8790f2164820'), 'param_1': 1}
2026-03-05 22:34:29,572 INFO sqlalchemy.engine.Engine SELECT user_connections.follower_id AS user_connections_follower_id, user_connections.following_id AS user_connections_following_id, user_connections.created_at AS user_connections_created_at 
FROM user_connections 
WHERE user_connections.follower_id = %(follower_id_1)s::UUID AND user_connections.following_id = %(following_id_1)s::UUID 
 LIMIT %(param_1)s
2026-03-05 22:34:29,572 INFO sqlalchemy.engine.Engine [cached since 0.04451s ago] {'follower_id_1': UUID('fbe1ba09-d6ec-4268-9ff9-8790f2164820'), 'following_id_1': UUID('39bc41c3-4c14-4803-9916-1ac891e4a1d1'), 'param_1': 1}
INFO:     127.0.0.1:56746 - "GET /api/connections/status/fbe1ba09-d6ec-4268-9ff9-8790f2164820 HTTP/1.1" 200 OK
2026-03-05 22:34:29,572 INFO sqlalchemy.engine.Engine SELECT users.id AS users_id, users.email AS users_email, users.username AS users_username, users.name AS users_name, users.password_hash AS users_password_hash, users.graduation_year AS users_graduation_year, users.bio AS users_bio, users.location AS users_location, users."current_role" AS users_current_role, users.profile_image_url AS users_profile_image_url, users.phone AS users_phone, users.linkedin_url AS users_linkedin_url, users.github_url AS users_github_url, users.twitter_handle AS users_twitter_handle, users.following_count AS users_following_count, users.followers_count AS users_followers_count, users.post_count AS users_post_count, users.is_active AS users_is_active, users.is_verified AS users_is_verified, users.role AS users_role, users.created_at AS users_created_at, users.updated_at AS users_updated_at, users.last_login_at AS users_last_login_at 
FROM users 
WHERE users.id = %(id_1)s::UUID 
 LIMIT %(param_1)s
2026-03-05 22:34:29,572 INFO sqlalchemy.engine.Engine [cached since 19.81s ago] {'id_1': UUID('3f3ee1f3-c4ca-4f0b-87ab-8234cf974028'), 'param_1': 1}
2026-03-05 22:34:29,573 INFO sqlalchemy.engine.Engine SELECT user_connections.follower_id AS user_connections_follower_id, user_connections.following_id AS user_connections_following_id, user_connections.created_at AS user_connections_created_at 
FROM user_connections 
WHERE user_connections.follower_id = %(follower_id_1)s::UUID AND user_connections.following_id = %(following_id_1)s::UUID 
 LIMIT %(param_1)s
2026-03-05 22:34:29,573 INFO sqlalchemy.engine.Engine [cached since 0.04558s ago] {'follower_id_1': UUID('39bc41c3-4c14-4803-9916-1ac891e4a1d1'), 'following_id_1': UUID('3f3ee1f3-c4ca-4f0b-87ab-8234cf974028'), 'param_1': 1}
2026-03-05 22:34:29,573 INFO sqlalchemy.engine.Engine SELECT user_connections.follower_id AS user_connections_follower_id, user_connections.following_id AS user_connections_following_id, user_connections.created_at AS user_connections_created_at 
FROM user_connections 
WHERE user_connections.follower_id = %(follower_id_1)s::UUID AND user_connections.following_id = %(following_id_1)s::UUID 
 LIMIT %(param_1)s
2026-03-05 22:34:29,573 INFO sqlalchemy.engine.Engine [cached since 0.04604s ago] {'follower_id_1': UUID('3f3ee1f3-c4ca-4f0b-87ab-8234cf974028'), 'following_id_1': UUID('39bc41c3-4c14-4803-9916-1ac891e4a1d1'), 'param_1': 1}
INFO:     127.0.0.1:56756 - "GET /api/connections/status/3f3ee1f3-c4ca-4f0b-87ab-8234cf974028 HTTP/1.1" 200 OK
2026-03-05 22:34:29,574 INFO sqlalchemy.engine.Engine SELECT users.id AS users_id, users.email AS users_email, users.username AS users_username, users.name AS users_name, users.password_hash AS users_password_hash, users.graduation_year AS users_graduation_year, users.bio AS users_bio, users.location AS users_location, users."current_role" AS users_current_role, users.profile_image_url AS users_profile_image_url, users.phone AS users_phone, users.linkedin_url AS users_linkedin_url, users.github_url AS users_github_url, users.twitter_handle AS users_twitter_handle, users.following_count AS users_following_count, users.followers_count AS users_followers_count, users.post_count AS users_post_count, users.is_active AS users_is_active, users.is_verified AS users_is_verified, users.role AS users_role, users.created_at AS users_created_at, users.updated_at AS users_updated_at, users.last_login_at AS users_last_login_at 
FROM users 
WHERE users.id = %(id_1)s::UUID 
 LIMIT %(param_1)s
2026-03-05 22:34:29,574 INFO sqlalchemy.engine.Engine [cached since 19.81s ago] {'id_1': UUID('67c3d747-c055-43c6-b140-b531a06f8216'), 'param_1': 1}
2026-03-05 22:34:29,574 INFO sqlalchemy.engine.Engine SELECT user_connections.follower_id AS user_connections_follower_id, user_connections.following_id AS user_connections_following_id, user_connections.created_at AS user_connections_created_at 
FROM user_connections 
WHERE user_connections.follower_id = %(follower_id_1)s::UUID AND user_connections.following_id = %(following_id_1)s::UUID 
 LIMIT %(param_1)s
2026-03-05 22:34:29,574 INFO sqlalchemy.engine.Engine [cached since 0.0471s ago] {'follower_id_1': UUID('39bc41c3-4c14-4803-9916-1ac891e4a1d1'), 'following_id_1': UUID('67c3d747-c055-43c6-b140-b531a06f8216'), 'param_1': 1}
2026-03-05 22:34:29,575 INFO sqlalchemy.engine.Engine SELECT user_connections.follower_id AS user_connections_follower_id, user_connections.following_id AS user_connections_following_id, user_connections.created_at AS user_connections_created_at 
FROM user_connections 
WHERE user_connections.follower_id = %(follower_id_1)s::UUID AND user_connections.following_id = %(following_id_1)s::UUID 
 LIMIT %(param_1)s
2026-03-05 22:34:29,575 INFO sqlalchemy.engine.Engine [cached since 0.04753s ago] {'follower_id_1': UUID('67c3d747-c055-43c6-b140-b531a06f8216'), 'following_id_1': UUID('39bc41c3-4c14-4803-9916-1ac891e4a1d1'), 'param_1': 1}
INFO:     127.0.0.1:56740 - "GET /api/connections/status/67c3d747-c055-43c6-b140-b531a06f8216 HTTP/1.1" 200 OK
2026-03-05 22:34:29,575 INFO sqlalchemy.engine.Engine SELECT users.id AS users_id, users.email AS users_email, users.username AS users_username, users.name AS users_name, users.password_hash AS users_password_hash, users.graduation_year AS users_graduation_year, users.bio AS users_bio, users.location AS users_location, users."current_role" AS users_current_role, users.profile_image_url AS users_profile_image_url, users.phone AS users_phone, users.linkedin_url AS users_linkedin_url, users.github_url AS users_github_url, users.twitter_handle AS users_twitter_handle, users.following_count AS users_following_count, users.followers_count AS users_followers_count, users.post_count AS users_post_count, users.is_active AS users_is_active, users.is_verified AS users_is_verified, users.role AS users_role, users.created_at AS users_created_at, users.updated_at AS users_updated_at, users.last_login_at AS users_last_login_at 
FROM users 
WHERE users.id = %(id_1)s::UUID 
 LIMIT %(param_1)s
2026-03-05 22:34:29,575 INFO sqlalchemy.engine.Engine [cached since 19.81s ago] {'id_1': UUID('7c392ee0-f071-4277-a074-7c8ed282a2b7'), 'param_1': 1}
2026-03-05 22:34:29,576 INFO sqlalchemy.engine.Engine SELECT user_connections.follower_id AS user_connections_follower_id, user_connections.following_id AS user_connections_following_id, user_connections.created_at AS user_connections_created_at 
FROM user_connections 
WHERE user_connections.follower_id = %(follower_id_1)s::UUID AND user_connections.following_id = %(following_id_1)s::UUID 
 LIMIT %(param_1)s
2026-03-05 22:34:29,576 INFO sqlalchemy.engine.Engine [cached since 0.04859s ago] {'follower_id_1': UUID('39bc41c3-4c14-4803-9916-1ac891e4a1d1'), 'following_id_1': UUID('7c392ee0-f071-4277-a074-7c8ed282a2b7'), 'param_1': 1}
2026-03-05 22:34:29,576 INFO sqlalchemy.engine.Engine SELECT user_connections.follower_id AS user_connections_follower_id, user_connections.following_id AS user_connections_following_id, user_connections.created_at AS user_connections_created_at 
FROM user_connections 
WHERE user_connections.follower_id = %(follower_id_1)s::UUID AND user_connections.following_id = %(following_id_1)s::UUID 
 LIMIT %(param_1)s
2026-03-05 22:34:29,576 INFO sqlalchemy.engine.Engine [cached since 0.04893s ago] {'follower_id_1': UUID('7c392ee0-f071-4277-a074-7c8ed282a2b7'), 'following_id_1': UUID('39bc41c3-4c14-4803-9916-1ac891e4a1d1'), 'param_1': 1}
INFO:     127.0.0.1:56749 - "GET /api/connections/status/7c392ee0-f071-4277-a074-7c8ed282a2b7 HTTP/1.1" 200 OK
2026-03-05 22:34:29,577 INFO sqlalchemy.engine.Engine ROLLBACK
2026-03-05 22:34:29,577 INFO sqlalchemy.engine.Engine ROLLBACK
2026-03-05 22:34:29,577 INFO sqlalchemy.engine.Engine ROLLBACK
2026-03-05 22:34:29,577 INFO sqlalchemy.engine.Engine ROLLBACK
2026-03-05 22:34:29,577 INFO sqlalchemy.engine.Engine ROLLBACK
2026-03-05 22:34:29,578 INFO sqlalchemy.engine.Engine BEGIN (implicit)
2026-03-05 22:34:29,579 INFO sqlalchemy.engine.Engine SELECT users.id AS users_id, users.email AS users_email, users.username AS users_username, users.name AS users_name, users.password_hash AS users_password_hash, users.graduation_year AS users_graduation_year, users.bio AS users_bio, users.location AS users_location, users."current_role" AS users_current_role, users.profile_image_url AS users_profile_image_url, users.phone AS users_phone, users.linkedin_url AS users_linkedin_url, users.github_url AS users_github_url, users.twitter_handle AS users_twitter_handle, users.following_count AS users_following_count, users.followers_count AS users_followers_count, users.post_count AS users_post_count, users.is_active AS users_is_active, users.is_verified AS users_is_verified, users.role AS users_role, users.created_at AS users_created_at, users.updated_at AS users_updated_at, users.last_login_at AS users_last_login_at 
FROM users 
WHERE users.id = %(id_1)s::UUID 
 LIMIT %(param_1)s
2026-03-05 22:34:29,579 INFO sqlalchemy.engine.Engine [cached since 19.82s ago] {'id_1': '39bc41c3-4c14-4803-9916-1ac891e4a1d1', 'param_1': 1}
2026-03-05 22:34:29,579 INFO sqlalchemy.engine.Engine SELECT users.id AS users_id, users.email AS users_email, users.username AS users_username, users.name AS users_name, users.password_hash AS users_password_hash, users.graduation_year AS users_graduation_year, users.bio AS users_bio, users.location AS users_location, users."current_role" AS users_current_role, users.profile_image_url AS users_profile_image_url, users.phone AS users_phone, users.linkedin_url AS users_linkedin_url, users.github_url AS users_github_url, users.twitter_handle AS users_twitter_handle, users.following_count AS users_following_count, users.followers_count AS users_followers_count, users.post_count AS users_post_count, users.is_active AS users_is_active, users.is_verified AS users_is_verified, users.role AS users_role, users.created_at AS users_created_at, users.updated_at AS users_updated_at, users.last_login_at AS users_last_login_at 
FROM users 
WHERE users.id = %(id_1)s::UUID 
 LIMIT %(param_1)s
2026-03-05 22:34:29,579 INFO sqlalchemy.engine.Engine [cached since 19.82s ago] {'id_1': UUID('b6254dbe-aae1-49be-8ff3-c89050e36bdd'), 'param_1': 1}
2026-03-05 22:34:29,580 INFO sqlalchemy.engine.Engine SELECT user_connections.follower_id AS user_connections_follower_id, user_connections.following_id AS user_connections_following_id, user_connections.created_at AS user_connections_created_at 
FROM user_connections 
WHERE user_connections.follower_id = %(follower_id_1)s::UUID AND user_connections.following_id = %(following_id_1)s::UUID 
 LIMIT %(param_1)s
2026-03-05 22:34:29,580 INFO sqlalchemy.engine.Engine [cached since 0.05266s ago] {'follower_id_1': UUID('39bc41c3-4c14-4803-9916-1ac891e4a1d1'), 'following_id_1': UUID('b6254dbe-aae1-49be-8ff3-c89050e36bdd'), 'param_1': 1}
2026-03-05 22:34:29,580 INFO sqlalchemy.engine.Engine SELECT user_connections.follower_id AS user_connections_follower_id, user_connections.following_id AS user_connections_following_id, user_connections.created_at AS user_connections_created_at 
FROM user_connections 
WHERE user_connections.follower_id = %(follower_id_1)s::UUID AND user_connections.following_id = %(following_id_1)s::UUID 
 LIMIT %(param_1)s
2026-03-05 22:34:29,580 INFO sqlalchemy.engine.Engine [cached since 0.05304s ago] {'follower_id_1': UUID('b6254dbe-aae1-49be-8ff3-c89050e36bdd'), 'following_id_1': UUID('39bc41c3-4c14-4803-9916-1ac891e4a1d1'), 'param_1': 1}
INFO:     127.0.0.1:56752 - "GET /api/connections/status/b6254dbe-aae1-49be-8ff3-c89050e36bdd HTTP/1.1" 200 OK
2026-03-05 22:34:29,581 INFO sqlalchemy.engine.Engine ROLLBACK
INFO:     127.0.0.1:56937 - "OPTIONS /api/users/?skip=0&limit=100 HTTP/1.1" 200 OK
INFO:     127.0.0.1:56941 - "OPTIONS /api/users/?skip=0&limit=100 HTTP/1.1" 200 OK
INFO:     127.0.0.1:56942 - "OPTIONS /api/users/?skip=0&limit=100 HTTP/1.1" 200 OK
INFO:     127.0.0.1:56943 - "OPTIONS /api/users/?skip=0&limit=100 HTTP/1.1" 200 OK
2026-03-05 23:18:47,319 INFO sqlalchemy.engine.Engine BEGIN (implicit)
2026-03-05 23:18:47,320 INFO sqlalchemy.engine.Engine SELECT users.id AS users_id, users.email AS users_email, users.username AS users_username, users.name AS users_name, users.password_hash AS users_password_hash, users.graduation_year AS users_graduation_year, users.bio AS users_bio, users.location AS users_location, users."current_role" AS users_current_role, users.profile_image_url AS users_profile_image_url, users.phone AS users_phone, users.linkedin_url AS users_linkedin_url, users.github_url AS users_github_url, users.twitter_handle AS users_twitter_handle, users.following_count AS users_following_count, users.followers_count AS users_followers_count, users.post_count AS users_post_count, users.is_active AS users_is_active, users.is_verified AS users_is_verified, users.role AS users_role, users.created_at AS users_created_at, users.updated_at AS users_updated_at, users.last_login_at AS users_last_login_at 
FROM users 
WHERE users.id = %(id_1)s::UUID 
 LIMIT %(param_1)s
2026-03-05 23:18:47,320 INFO sqlalchemy.engine.Engine [cached since 2678s ago] {'id_1': '39bc41c3-4c14-4803-9916-1ac891e4a1d1', 'param_1': 1}
2026-03-05 23:18:47,322 INFO sqlalchemy.engine.Engine SELECT users.id AS users_id, users.email AS users_email, users.username AS users_username, users.name AS users_name, users.password_hash AS users_password_hash, users.graduation_year AS users_graduation_year, users.bio AS users_bio, users.location AS users_location, users."current_role" AS users_current_role, users.profile_image_url AS users_profile_image_url, users.phone AS users_phone, users.linkedin_url AS users_linkedin_url, users.github_url AS users_github_url, users.twitter_handle AS users_twitter_handle, users.following_count AS users_following_count, users.followers_count AS users_followers_count, users.post_count AS users_post_count, users.is_active AS users_is_active, users.is_verified AS users_is_verified, users.role AS users_role, users.created_at AS users_created_at, users.updated_at AS users_updated_at, users.last_login_at AS users_last_login_at 
FROM users 
 LIMIT %(param_1)s OFFSET %(param_2)s
2026-03-05 23:18:47,322 INFO sqlalchemy.engine.Engine [cached since 2658s ago] {'param_1': 100, 'param_2': 0}
INFO:     127.0.0.1:56937 - "GET /api/users/?skip=0&limit=100 HTTP/1.1" 200 OK
2026-03-05 23:18:47,326 INFO sqlalchemy.engine.Engine ROLLBACK
2026-03-05 23:18:47,327 INFO sqlalchemy.engine.Engine BEGIN (implicit)
2026-03-05 23:18:47,327 INFO sqlalchemy.engine.Engine SELECT users.id AS users_id, users.email AS users_email, users.username AS users_username, users.name AS users_name, users.password_hash AS users_password_hash, users.graduation_year AS users_graduation_year, users.bio AS users_bio, users.location AS users_location, users."current_role" AS users_current_role, users.profile_image_url AS users_profile_image_url, users.phone AS users_phone, users.linkedin_url AS users_linkedin_url, users.github_url AS users_github_url, users.twitter_handle AS users_twitter_handle, users.following_count AS users_following_count, users.followers_count AS users_followers_count, users.post_count AS users_post_count, users.is_active AS users_is_active, users.is_verified AS users_is_verified, users.role AS users_role, users.created_at AS users_created_at, users.updated_at AS users_updated_at, users.last_login_at AS users_last_login_at 
FROM users 
WHERE users.id = %(id_1)s::UUID 
 LIMIT %(param_1)s
2026-03-05 23:18:47,327 INFO sqlalchemy.engine.Engine [cached since 2678s ago] {'id_1': '39bc41c3-4c14-4803-9916-1ac891e4a1d1', 'param_1': 1}
2026-03-05 23:18:47,328 INFO sqlalchemy.engine.Engine SELECT users.id AS users_id, users.email AS users_email, users.username AS users_username, users.name AS users_name, users.password_hash AS users_password_hash, users.graduation_year AS users_graduation_year, users.bio AS users_bio, users.location AS users_location, users."current_role" AS users_current_role, users.profile_image_url AS users_profile_image_url, users.phone AS users_phone, users.linkedin_url AS users_linkedin_url, users.github_url AS users_github_url, users.twitter_handle AS users_twitter_handle, users.following_count AS users_following_count, users.followers_count AS users_followers_count, users.post_count AS users_post_count, users.is_active AS users_is_active, users.is_verified AS users_is_verified, users.role AS users_role, users.created_at AS users_created_at, users.updated_at AS users_updated_at, users.last_login_at AS users_last_login_at 
FROM users 
 LIMIT %(param_1)s OFFSET %(param_2)s
2026-03-05 23:18:47,328 INFO sqlalchemy.engine.Engine [cached since 2658s ago] {'param_1': 100, 'param_2': 0}
INFO:     127.0.0.1:56943 - "GET /api/users/?skip=0&limit=100 HTTP/1.1" 200 OK
2026-03-05 23:18:47,329 INFO sqlalchemy.engine.Engine ROLLBACK
2026-03-05 23:18:47,331 INFO sqlalchemy.engine.Engine BEGIN (implicit)
2026-03-05 23:18:47,331 INFO sqlalchemy.engine.Engine SELECT users.id AS users_id, users.email AS users_email, users.username AS users_username, users.name AS users_name, users.password_hash AS users_password_hash, users.graduation_year AS users_graduation_year, users.bio AS users_bio, users.location AS users_location, users."current_role" AS users_current_role, users.profile_image_url AS users_profile_image_url, users.phone AS users_phone, users.linkedin_url AS users_linkedin_url, users.github_url AS users_github_url, users.twitter_handle AS users_twitter_handle, users.following_count AS users_following_count, users.followers_count AS users_followers_count, users.post_count AS users_post_count, users.is_active AS users_is_active, users.is_verified AS users_is_verified, users.role AS users_role, users.created_at AS users_created_at, users.updated_at AS users_updated_at, users.last_login_at AS users_last_login_at 
FROM users 
WHERE users.id = %(id_1)s::UUID 
 LIMIT %(param_1)s
2026-03-05 23:18:47,331 INFO sqlalchemy.engine.Engine [cached since 2678s ago] {'id_1': '39bc41c3-4c14-4803-9916-1ac891e4a1d1', 'param_1': 1}
2026-03-05 23:18:47,332 INFO sqlalchemy.engine.Engine SELECT users.id AS users_id, users.email AS users_email, users.username AS users_username, users.name AS users_name, users.password_hash AS users_password_hash, users.graduation_year AS users_graduation_year, users.bio AS users_bio, users.location AS users_location, users."current_role" AS users_current_role, users.profile_image_url AS users_profile_image_url, users.phone AS users_phone, users.linkedin_url AS users_linkedin_url, users.github_url AS users_github_url, users.twitter_handle AS users_twitter_handle, users.following_count AS users_following_count, users.followers_count AS users_followers_count, users.post_count AS users_post_count, users.is_active AS users_is_active, users.is_verified AS users_is_verified, users.role AS users_role, users.created_at AS users_created_at, users.updated_at AS users_updated_at, users.last_login_at AS users_last_login_at 
FROM users 
 LIMIT %(param_1)s OFFSET %(param_2)s
2026-03-05 23:18:47,332 INFO sqlalchemy.engine.Engine [cached since 2658s ago] {'param_1': 100, 'param_2': 0}
INFO:     127.0.0.1:56937 - "GET /api/users/?skip=0&limit=100 HTTP/1.1" 200 OK
2026-03-05 23:18:47,334 INFO sqlalchemy.engine.Engine ROLLBACK
2026-03-05 23:18:47,335 INFO sqlalchemy.engine.Engine BEGIN (implicit)
2026-03-05 23:18:47,335 INFO sqlalchemy.engine.Engine SELECT users.id AS users_id, users.email AS users_email, users.username AS users_username, users.name AS users_name, users.password_hash AS users_password_hash, users.graduation_year AS users_graduation_year, users.bio AS users_bio, users.location AS users_location, users."current_role" AS users_current_role, users.profile_image_url AS users_profile_image_url, users.phone AS users_phone, users.linkedin_url AS users_linkedin_url, users.github_url AS users_github_url, users.twitter_handle AS users_twitter_handle, users.following_count AS users_following_count, users.followers_count AS users_followers_count, users.post_count AS users_post_count, users.is_active AS users_is_active, users.is_verified AS users_is_verified, users.role AS users_role, users.created_at AS users_created_at, users.updated_at AS users_updated_at, users.last_login_at AS users_last_login_at 
FROM users 
WHERE users.id = %(id_1)s::UUID 
 LIMIT %(param_1)s
2026-03-05 23:18:47,335 INFO sqlalchemy.engine.Engine [cached since 2678s ago] {'id_1': '39bc41c3-4c14-4803-9916-1ac891e4a1d1', 'param_1': 1}
2026-03-05 23:18:47,336 INFO sqlalchemy.engine.Engine SELECT users.id AS users_id, users.email AS users_email, users.username AS users_username, users.name AS users_name, users.password_hash AS users_password_hash, users.graduation_year AS users_graduation_year, users.bio AS users_bio, users.location AS users_location, users."current_role" AS users_current_role, users.profile_image_url AS users_profile_image_url, users.phone AS users_phone, users.linkedin_url AS users_linkedin_url, users.github_url AS users_github_url, users.twitter_handle AS users_twitter_handle, users.following_count AS users_following_count, users.followers_count AS users_followers_count, users.post_count AS users_post_count, users.is_active AS users_is_active, users.is_verified AS users_is_verified, users.role AS users_role, users.created_at AS users_created_at, users.updated_at AS users_updated_at, users.last_login_at AS users_last_login_at 
FROM users 
 LIMIT %(param_1)s OFFSET %(param_2)s
2026-03-05 23:18:47,336 INFO sqlalchemy.engine.Engine [cached since 2658s ago] {'param_1': 100, 'param_2': 0}
INFO:     127.0.0.1:56943 - "GET /api/users/?skip=0&limit=100 HTTP/1.1" 200 OK
2026-03-05 23:18:47,336 INFO sqlalchemy.engine.Engine ROLLBACK
INFO:     127.0.0.1:56943 - "OPTIONS /api/connections/status/de320988-89c2-422e-b678-50641b34c157 HTTP/1.1" 200 OK
INFO:     127.0.0.1:56937 - "OPTIONS /api/connections/status/4c68130b-ef88-4056-abca-743c903a2ee9 HTTP/1.1" 200 OK
INFO:     127.0.0.1:56942 - "OPTIONS /api/connections/status/06622cd2-be07-4627-9a40-40a808ea6675 HTTP/1.1" 200 OK
INFO:     127.0.0.1:56941 - "OPTIONS /api/connections/status/330f89c4-630c-472f-8486-fb2714ce3963 HTTP/1.1" 200 OK
INFO:     127.0.0.1:56945 - "OPTIONS /api/connections/status/fbe1ba09-d6ec-4268-9ff9-8790f2164820 HTTP/1.1" 200 OK
INFO:     127.0.0.1:56943 - "OPTIONS /api/connections/status/3f3ee1f3-c4ca-4f0b-87ab-8234cf974028 HTTP/1.1" 200 OK
INFO:     127.0.0.1:56937 - "OPTIONS /api/connections/status/7c392ee0-f071-4277-a074-7c8ed282a2b7 HTTP/1.1" 200 OK
INFO:     127.0.0.1:56947 - "OPTIONS /api/connections/status/9b5e1b44-fc62-463b-aa97-b27295eab70d HTTP/1.1" 200 OK
INFO:     127.0.0.1:56942 - "OPTIONS /api/connections/status/b6254dbe-aae1-49be-8ff3-c89050e36bdd HTTP/1.1" 200 OK
INFO:     127.0.0.1:56941 - "OPTIONS /api/connections/status/67c3d747-c055-43c6-b140-b531a06f8216 HTTP/1.1" 200 OK
INFO:     127.0.0.1:56945 - "OPTIONS /api/connections/status/de320988-89c2-422e-b678-50641b34c157 HTTP/1.1" 200 OK
INFO:     127.0.0.1:56943 - "OPTIONS /api/connections/status/4c68130b-ef88-4056-abca-743c903a2ee9 HTTP/1.1" 200 OK
INFO:     127.0.0.1:56937 - "OPTIONS /api/connections/status/06622cd2-be07-4627-9a40-40a808ea6675 HTTP/1.1" 200 OK
INFO:     127.0.0.1:56947 - "OPTIONS /api/connections/status/330f89c4-630c-472f-8486-fb2714ce3963 HTTP/1.1" 200 OK
INFO:     127.0.0.1:56942 - "OPTIONS /api/connections/status/fbe1ba09-d6ec-4268-9ff9-8790f2164820 HTTP/1.1" 200 OK
INFO:     127.0.0.1:56941 - "OPTIONS /api/connections/status/9b5e1b44-fc62-463b-aa97-b27295eab70d HTTP/1.1" 200 OK
INFO:     127.0.0.1:56945 - "OPTIONS /api/connections/status/3f3ee1f3-c4ca-4f0b-87ab-8234cf974028 HTTP/1.1" 200 OK
INFO:     127.0.0.1:56947 - "OPTIONS /api/connections/status/7c392ee0-f071-4277-a074-7c8ed282a2b7 HTTP/1.1" 200 OK
INFO:     127.0.0.1:56942 - "OPTIONS /api/connections/status/b6254dbe-aae1-49be-8ff3-c89050e36bdd HTTP/1.1" 200 OK
INFO:     127.0.0.1:56941 - "OPTIONS /api/connections/status/67c3d747-c055-43c6-b140-b531a06f8216 HTTP/1.1" 200 OK
2026-03-05 23:18:47,348 INFO sqlalchemy.engine.Engine BEGIN (implicit)
2026-03-05 23:18:47,349 INFO sqlalchemy.engine.Engine SELECT users.id AS users_id, users.email AS users_email, users.username AS users_username, users.name AS users_name, users.password_hash AS users_password_hash, users.graduation_year AS users_graduation_year, users.bio AS users_bio, users.location AS users_location, users."current_role" AS users_current_role, users.profile_image_url AS users_profile_image_url, users.phone AS users_phone, users.linkedin_url AS users_linkedin_url, users.github_url AS users_github_url, users.twitter_handle AS users_twitter_handle, users.following_count AS users_following_count, users.followers_count AS users_followers_count, users.post_count AS users_post_count, users.is_active AS users_is_active, users.is_verified AS users_is_verified, users.role AS users_role, users.created_at AS users_created_at, users.updated_at AS users_updated_at, users.last_login_at AS users_last_login_at 
FROM users 
WHERE users.id = %(id_1)s::UUID 
 LIMIT %(param_1)s
2026-03-05 23:18:47,349 INFO sqlalchemy.engine.Engine BEGIN (implicit)
2026-03-05 23:18:47,349 INFO sqlalchemy.engine.Engine [cached since 2678s ago] {'id_1': '39bc41c3-4c14-4803-9916-1ac891e4a1d1', 'param_1': 1}
2026-03-05 23:18:47,349 INFO sqlalchemy.engine.Engine SELECT users.id AS users_id, users.email AS users_email, users.username AS users_username, users.name AS users_name, users.password_hash AS users_password_hash, users.graduation_year AS users_graduation_year, users.bio AS users_bio, users.location AS users_location, users."current_role" AS users_current_role, users.profile_image_url AS users_profile_image_url, users.phone AS users_phone, users.linkedin_url AS users_linkedin_url, users.github_url AS users_github_url, users.twitter_handle AS users_twitter_handle, users.following_count AS users_following_count, users.followers_count AS users_followers_count, users.post_count AS users_post_count, users.is_active AS users_is_active, users.is_verified AS users_is_verified, users.role AS users_role, users.created_at AS users_created_at, users.updated_at AS users_updated_at, users.last_login_at AS users_last_login_at 
FROM users 
WHERE users.id = %(id_1)s::UUID 
 LIMIT %(param_1)s
2026-03-05 23:18:47,349 INFO sqlalchemy.engine.Engine BEGIN (implicit)
2026-03-05 23:18:47,349 INFO sqlalchemy.engine.Engine [cached since 2678s ago] {'id_1': '39bc41c3-4c14-4803-9916-1ac891e4a1d1', 'param_1': 1}
2026-03-05 23:18:47,350 INFO sqlalchemy.engine.Engine SELECT users.id AS users_id, users.email AS users_email, users.username AS users_username, users.name AS users_name, users.password_hash AS users_password_hash, users.graduation_year AS users_graduation_year, users.bio AS users_bio, users.location AS users_location, users."current_role" AS users_current_role, users.profile_image_url AS users_profile_image_url, users.phone AS users_phone, users.linkedin_url AS users_linkedin_url, users.github_url AS users_github_url, users.twitter_handle AS users_twitter_handle, users.following_count AS users_following_count, users.followers_count AS users_followers_count, users.post_count AS users_post_count, users.is_active AS users_is_active, users.is_verified AS users_is_verified, users.role AS users_role, users.created_at AS users_created_at, users.updated_at AS users_updated_at, users.last_login_at AS users_last_login_at 
FROM users 
WHERE users.id = %(id_1)s::UUID 
 LIMIT %(param_1)s
2026-03-05 23:18:47,350 INFO sqlalchemy.engine.Engine BEGIN (implicit)
2026-03-05 23:18:47,350 INFO sqlalchemy.engine.Engine BEGIN (implicit)
2026-03-05 23:18:47,350 INFO sqlalchemy.engine.Engine [cached since 2678s ago] {'id_1': '39bc41c3-4c14-4803-9916-1ac891e4a1d1', 'param_1': 1}
2026-03-05 23:18:47,351 INFO sqlalchemy.engine.Engine BEGIN (implicit)
2026-03-05 23:18:47,351 INFO sqlalchemy.engine.Engine SELECT users.id AS users_id, users.email AS users_email, users.username AS users_username, users.name AS users_name, users.password_hash AS users_password_hash, users.graduation_year AS users_graduation_year, users.bio AS users_bio, users.location AS users_location, users."current_role" AS users_current_role, users.profile_image_url AS users_profile_image_url, users.phone AS users_phone, users.linkedin_url AS users_linkedin_url, users.github_url AS users_github_url, users.twitter_handle AS users_twitter_handle, users.following_count AS users_following_count, users.followers_count AS users_followers_count, users.post_count AS users_post_count, users.is_active AS users_is_active, users.is_verified AS users_is_verified, users.role AS users_role, users.created_at AS users_created_at, users.updated_at AS users_updated_at, users.last_login_at AS users_last_login_at 
FROM users 
WHERE users.id = %(id_1)s::UUID 
 LIMIT %(param_1)s
2026-03-05 23:18:47,351 INFO sqlalchemy.engine.Engine SELECT users.id AS users_id, users.email AS users_email, users.username AS users_username, users.name AS users_name, users.password_hash AS users_password_hash, users.graduation_year AS users_graduation_year, users.bio AS users_bio, users.location AS users_location, users."current_role" AS users_current_role, users.profile_image_url AS users_profile_image_url, users.phone AS users_phone, users.linkedin_url AS users_linkedin_url, users.github_url AS users_github_url, users.twitter_handle AS users_twitter_handle, users.following_count AS users_following_count, users.followers_count AS users_followers_count, users.post_count AS users_post_count, users.is_active AS users_is_active, users.is_verified AS users_is_verified, users.role AS users_role, users.created_at AS users_created_at, users.updated_at AS users_updated_at, users.last_login_at AS users_last_login_at 
FROM users 
WHERE users.id = %(id_1)s::UUID 
 LIMIT %(param_1)s
2026-03-05 23:18:47,351 INFO sqlalchemy.engine.Engine SELECT users.id AS users_id, users.email AS users_email, users.username AS users_username, users.name AS users_name, users.password_hash AS users_password_hash, users.graduation_year AS users_graduation_year, users.bio AS users_bio, users.location AS users_location, users."current_role" AS users_current_role, users.profile_image_url AS users_profile_image_url, users.phone AS users_phone, users.linkedin_url AS users_linkedin_url, users.github_url AS users_github_url, users.twitter_handle AS users_twitter_handle, users.following_count AS users_following_count, users.followers_count AS users_followers_count, users.post_count AS users_post_count, users.is_active AS users_is_active, users.is_verified AS users_is_verified, users.role AS users_role, users.created_at AS users_created_at, users.updated_at AS users_updated_at, users.last_login_at AS users_last_login_at 
FROM users 
WHERE users.id = %(id_1)s::UUID 
 LIMIT %(param_1)s
2026-03-05 23:18:47,351 INFO sqlalchemy.engine.Engine SELECT users.id AS users_id, users.email AS users_email, users.username AS users_username, users.name AS users_name, users.password_hash AS users_password_hash, users.graduation_year AS users_graduation_year, users.bio AS users_bio, users.location AS users_location, users."current_role" AS users_current_role, users.profile_image_url AS users_profile_image_url, users.phone AS users_phone, users.linkedin_url AS users_linkedin_url, users.github_url AS users_github_url, users.twitter_handle AS users_twitter_handle, users.following_count AS users_following_count, users.followers_count AS users_followers_count, users.post_count AS users_post_count, users.is_active AS users_is_active, users.is_verified AS users_is_verified, users.role AS users_role, users.created_at AS users_created_at, users.updated_at AS users_updated_at, users.last_login_at AS users_last_login_at 
FROM users 
WHERE users.id = %(id_1)s::UUID 
 LIMIT %(param_1)s
2026-03-05 23:18:47,351 INFO sqlalchemy.engine.Engine [cached since 2678s ago] {'id_1': UUID('de320988-89c2-422e-b678-50641b34c157'), 'param_1': 1}
2026-03-05 23:18:47,351 INFO sqlalchemy.engine.Engine [cached since 2678s ago] {'id_1': '39bc41c3-4c14-4803-9916-1ac891e4a1d1', 'param_1': 1}
2026-03-05 23:18:47,351 INFO sqlalchemy.engine.Engine [cached since 2678s ago] {'id_1': '39bc41c3-4c14-4803-9916-1ac891e4a1d1', 'param_1': 1}
2026-03-05 23:18:47,351 INFO sqlalchemy.engine.Engine [cached since 2678s ago] {'id_1': '39bc41c3-4c14-4803-9916-1ac891e4a1d1', 'param_1': 1}
2026-03-05 23:18:47,352 INFO sqlalchemy.engine.Engine SELECT user_connections.follower_id AS user_connections_follower_id, user_connections.following_id AS user_connections_following_id, user_connections.created_at AS user_connections_created_at 
FROM user_connections 
WHERE user_connections.follower_id = %(follower_id_1)s::UUID AND user_connections.following_id = %(following_id_1)s::UUID 
 LIMIT %(param_1)s
2026-03-05 23:18:47,352 INFO sqlalchemy.engine.Engine [cached since 2658s ago] {'follower_id_1': UUID('39bc41c3-4c14-4803-9916-1ac891e4a1d1'), 'following_id_1': UUID('de320988-89c2-422e-b678-50641b34c157'), 'param_1': 1}
2026-03-05 23:18:47,352 INFO sqlalchemy.engine.Engine SELECT user_connections.follower_id AS user_connections_follower_id, user_connections.following_id AS user_connections_following_id, user_connections.created_at AS user_connections_created_at 
FROM user_connections 
WHERE user_connections.follower_id = %(follower_id_1)s::UUID AND user_connections.following_id = %(following_id_1)s::UUID 
 LIMIT %(param_1)s
2026-03-05 23:18:47,352 INFO sqlalchemy.engine.Engine [cached since 2658s ago] {'follower_id_1': UUID('de320988-89c2-422e-b678-50641b34c157'), 'following_id_1': UUID('39bc41c3-4c14-4803-9916-1ac891e4a1d1'), 'param_1': 1}
INFO:     127.0.0.1:56943 - "GET /api/connections/status/de320988-89c2-422e-b678-50641b34c157 HTTP/1.1" 200 OK
2026-03-05 23:18:47,353 INFO sqlalchemy.engine.Engine ROLLBACK
2026-03-05 23:18:47,354 INFO sqlalchemy.engine.Engine SELECT users.id AS users_id, users.email AS users_email, users.username AS users_username, users.name AS users_name, users.password_hash AS users_password_hash, users.graduation_year AS users_graduation_year, users.bio AS users_bio, users.location AS users_location, users."current_role" AS users_current_role, users.profile_image_url AS users_profile_image_url, users.phone AS users_phone, users.linkedin_url AS users_linkedin_url, users.github_url AS users_github_url, users.twitter_handle AS users_twitter_handle, users.following_count AS users_following_count, users.followers_count AS users_followers_count, users.post_count AS users_post_count, users.is_active AS users_is_active, users.is_verified AS users_is_verified, users.role AS users_role, users.created_at AS users_created_at, users.updated_at AS users_updated_at, users.last_login_at AS users_last_login_at 
FROM users 
WHERE users.id = %(id_1)s::UUID 
 LIMIT %(param_1)s
2026-03-05 23:18:47,354 INFO sqlalchemy.engine.Engine [cached since 2678s ago] {'id_1': UUID('4c68130b-ef88-4056-abca-743c903a2ee9'), 'param_1': 1}
2026-03-05 23:18:47,354 INFO sqlalchemy.engine.Engine SELECT user_connections.follower_id AS user_connections_follower_id, user_connections.following_id AS user_connections_following_id, user_connections.created_at AS user_connections_created_at 
FROM user_connections 
WHERE user_connections.follower_id = %(follower_id_1)s::UUID AND user_connections.following_id = %(following_id_1)s::UUID 
 LIMIT %(param_1)s
2026-03-05 23:18:47,354 INFO sqlalchemy.engine.Engine [cached since 2658s ago] {'follower_id_1': UUID('39bc41c3-4c14-4803-9916-1ac891e4a1d1'), 'following_id_1': UUID('4c68130b-ef88-4056-abca-743c903a2ee9'), 'param_1': 1}
2026-03-05 23:18:47,355 INFO sqlalchemy.engine.Engine SELECT user_connections.follower_id AS user_connections_follower_id, user_connections.following_id AS user_connections_following_id, user_connections.created_at AS user_connections_created_at 
FROM user_connections 
WHERE user_connections.follower_id = %(follower_id_1)s::UUID AND user_connections.following_id = %(following_id_1)s::UUID 
 LIMIT %(param_1)s
2026-03-05 23:18:47,355 INFO sqlalchemy.engine.Engine [cached since 2658s ago] {'follower_id_1': UUID('4c68130b-ef88-4056-abca-743c903a2ee9'), 'following_id_1': UUID('39bc41c3-4c14-4803-9916-1ac891e4a1d1'), 'param_1': 1}
INFO:     127.0.0.1:56937 - "GET /api/connections/status/4c68130b-ef88-4056-abca-743c903a2ee9 HTTP/1.1" 200 OK
2026-03-05 23:18:47,355 INFO sqlalchemy.engine.Engine SELECT users.id AS users_id, users.email AS users_email, users.username AS users_username, users.name AS users_name, users.password_hash AS users_password_hash, users.graduation_year AS users_graduation_year, users.bio AS users_bio, users.location AS users_location, users."current_role" AS users_current_role, users.profile_image_url AS users_profile_image_url, users.phone AS users_phone, users.linkedin_url AS users_linkedin_url, users.github_url AS users_github_url, users.twitter_handle AS users_twitter_handle, users.following_count AS users_following_count, users.followers_count AS users_followers_count, users.post_count AS users_post_count, users.is_active AS users_is_active, users.is_verified AS users_is_verified, users.role AS users_role, users.created_at AS users_created_at, users.updated_at AS users_updated_at, users.last_login_at AS users_last_login_at 
FROM users 
WHERE users.id = %(id_1)s::UUID 
 LIMIT %(param_1)s
2026-03-05 23:18:47,355 INFO sqlalchemy.engine.Engine [cached since 2678s ago] {'id_1': UUID('06622cd2-be07-4627-9a40-40a808ea6675'), 'param_1': 1}
2026-03-05 23:18:47,356 INFO sqlalchemy.engine.Engine SELECT user_connections.follower_id AS user_connections_follower_id, user_connections.following_id AS user_connections_following_id, user_connections.created_at AS user_connections_created_at 
FROM user_connections 
WHERE user_connections.follower_id = %(follower_id_1)s::UUID AND user_connections.following_id = %(following_id_1)s::UUID 
 LIMIT %(param_1)s
2026-03-05 23:18:47,356 INFO sqlalchemy.engine.Engine [cached since 2658s ago] {'follower_id_1': UUID('39bc41c3-4c14-4803-9916-1ac891e4a1d1'), 'following_id_1': UUID('06622cd2-be07-4627-9a40-40a808ea6675'), 'param_1': 1}
2026-03-05 23:18:47,356 INFO sqlalchemy.engine.Engine SELECT user_connections.follower_id AS user_connections_follower_id, user_connections.following_id AS user_connections_following_id, user_connections.created_at AS user_connections_created_at 
FROM user_connections 
WHERE user_connections.follower_id = %(follower_id_1)s::UUID AND user_connections.following_id = %(following_id_1)s::UUID 
 LIMIT %(param_1)s
2026-03-05 23:18:47,356 INFO sqlalchemy.engine.Engine [cached since 2658s ago] {'follower_id_1': UUID('06622cd2-be07-4627-9a40-40a808ea6675'), 'following_id_1': UUID('39bc41c3-4c14-4803-9916-1ac891e4a1d1'), 'param_1': 1}
INFO:     127.0.0.1:56945 - "GET /api/connections/status/06622cd2-be07-4627-9a40-40a808ea6675 HTTP/1.1" 200 OK
2026-03-05 23:18:47,357 INFO sqlalchemy.engine.Engine SELECT users.id AS users_id, users.email AS users_email, users.username AS users_username, users.name AS users_name, users.password_hash AS users_password_hash, users.graduation_year AS users_graduation_year, users.bio AS users_bio, users.location AS users_location, users."current_role" AS users_current_role, users.profile_image_url AS users_profile_image_url, users.phone AS users_phone, users.linkedin_url AS users_linkedin_url, users.github_url AS users_github_url, users.twitter_handle AS users_twitter_handle, users.following_count AS users_following_count, users.followers_count AS users_followers_count, users.post_count AS users_post_count, users.is_active AS users_is_active, users.is_verified AS users_is_verified, users.role AS users_role, users.created_at AS users_created_at, users.updated_at AS users_updated_at, users.last_login_at AS users_last_login_at 
FROM users 
WHERE users.id = %(id_1)s::UUID 
 LIMIT %(param_1)s
2026-03-05 23:18:47,357 INFO sqlalchemy.engine.Engine [cached since 2678s ago] {'id_1': UUID('fbe1ba09-d6ec-4268-9ff9-8790f2164820'), 'param_1': 1}
2026-03-05 23:18:47,357 INFO sqlalchemy.engine.Engine SELECT user_connections.follower_id AS user_connections_follower_id, user_connections.following_id AS user_connections_following_id, user_connections.created_at AS user_connections_created_at 
FROM user_connections 
WHERE user_connections.follower_id = %(follower_id_1)s::UUID AND user_connections.following_id = %(following_id_1)s::UUID 
 LIMIT %(param_1)s
2026-03-05 23:18:47,357 INFO sqlalchemy.engine.Engine [cached since 2658s ago] {'follower_id_1': UUID('39bc41c3-4c14-4803-9916-1ac891e4a1d1'), 'following_id_1': UUID('fbe1ba09-d6ec-4268-9ff9-8790f2164820'), 'param_1': 1}
2026-03-05 23:18:47,358 INFO sqlalchemy.engine.Engine SELECT user_connections.follower_id AS user_connections_follower_id, user_connections.following_id AS user_connections_following_id, user_connections.created_at AS user_connections_created_at 
FROM user_connections 
WHERE user_connections.follower_id = %(follower_id_1)s::UUID AND user_connections.following_id = %(following_id_1)s::UUID 
 LIMIT %(param_1)s
2026-03-05 23:18:47,358 INFO sqlalchemy.engine.Engine [cached since 2658s ago] {'follower_id_1': UUID('fbe1ba09-d6ec-4268-9ff9-8790f2164820'), 'following_id_1': UUID('39bc41c3-4c14-4803-9916-1ac891e4a1d1'), 'param_1': 1}
INFO:     127.0.0.1:56941 - "GET /api/connections/status/fbe1ba09-d6ec-4268-9ff9-8790f2164820 HTTP/1.1" 200 OK
2026-03-05 23:18:47,358 INFO sqlalchemy.engine.Engine SELECT users.id AS users_id, users.email AS users_email, users.username AS users_username, users.name AS users_name, users.password_hash AS users_password_hash, users.graduation_year AS users_graduation_year, users.bio AS users_bio, users.location AS users_location, users."current_role" AS users_current_role, users.profile_image_url AS users_profile_image_url, users.phone AS users_phone, users.linkedin_url AS users_linkedin_url, users.github_url AS users_github_url, users.twitter_handle AS users_twitter_handle, users.following_count AS users_following_count, users.followers_count AS users_followers_count, users.post_count AS users_post_count, users.is_active AS users_is_active, users.is_verified AS users_is_verified, users.role AS users_role, users.created_at AS users_created_at, users.updated_at AS users_updated_at, users.last_login_at AS users_last_login_at 
FROM users 
WHERE users.id = %(id_1)s::UUID 
 LIMIT %(param_1)s
2026-03-05 23:18:47,358 INFO sqlalchemy.engine.Engine [cached since 2678s ago] {'id_1': UUID('330f89c4-630c-472f-8486-fb2714ce3963'), 'param_1': 1}
2026-03-05 23:18:47,359 INFO sqlalchemy.engine.Engine SELECT user_connections.follower_id AS user_connections_follower_id, user_connections.following_id AS user_connections_following_id, user_connections.created_at AS user_connections_created_at 
FROM user_connections 
WHERE user_connections.follower_id = %(follower_id_1)s::UUID AND user_connections.following_id = %(following_id_1)s::UUID 
 LIMIT %(param_1)s
2026-03-05 23:18:47,359 INFO sqlalchemy.engine.Engine [cached since 2658s ago] {'follower_id_1': UUID('39bc41c3-4c14-4803-9916-1ac891e4a1d1'), 'following_id_1': UUID('330f89c4-630c-472f-8486-fb2714ce3963'), 'param_1': 1}
2026-03-05 23:18:47,359 INFO sqlalchemy.engine.Engine SELECT user_connections.follower_id AS user_connections_follower_id, user_connections.following_id AS user_connections_following_id, user_connections.created_at AS user_connections_created_at 
FROM user_connections 
WHERE user_connections.follower_id = %(follower_id_1)s::UUID AND user_connections.following_id = %(following_id_1)s::UUID 
 LIMIT %(param_1)s
2026-03-05 23:18:47,359 INFO sqlalchemy.engine.Engine [cached since 2658s ago] {'follower_id_1': UUID('330f89c4-630c-472f-8486-fb2714ce3963'), 'following_id_1': UUID('39bc41c3-4c14-4803-9916-1ac891e4a1d1'), 'param_1': 1}
INFO:     127.0.0.1:56947 - "GET /api/connections/status/330f89c4-630c-472f-8486-fb2714ce3963 HTTP/1.1" 200 OK
2026-03-05 23:18:47,359 INFO sqlalchemy.engine.Engine SELECT users.id AS users_id, users.email AS users_email, users.username AS users_username, users.name AS users_name, users.password_hash AS users_password_hash, users.graduation_year AS users_graduation_year, users.bio AS users_bio, users.location AS users_location, users."current_role" AS users_current_role, users.profile_image_url AS users_profile_image_url, users.phone AS users_phone, users.linkedin_url AS users_linkedin_url, users.github_url AS users_github_url, users.twitter_handle AS users_twitter_handle, users.following_count AS users_following_count, users.followers_count AS users_followers_count, users.post_count AS users_post_count, users.is_active AS users_is_active, users.is_verified AS users_is_verified, users.role AS users_role, users.created_at AS users_created_at, users.updated_at AS users_updated_at, users.last_login_at AS users_last_login_at 
FROM users 
WHERE users.id = %(id_1)s::UUID 
 LIMIT %(param_1)s
2026-03-05 23:18:47,359 INFO sqlalchemy.engine.Engine [cached since 2678s ago] {'id_1': UUID('3f3ee1f3-c4ca-4f0b-87ab-8234cf974028'), 'param_1': 1}
2026-03-05 23:18:47,360 INFO sqlalchemy.engine.Engine SELECT user_connections.follower_id AS user_connections_follower_id, user_connections.following_id AS user_connections_following_id, user_connections.created_at AS user_connections_created_at 
FROM user_connections 
WHERE user_connections.follower_id = %(follower_id_1)s::UUID AND user_connections.following_id = %(following_id_1)s::UUID 
 LIMIT %(param_1)s
2026-03-05 23:18:47,360 INFO sqlalchemy.engine.Engine [cached since 2658s ago] {'follower_id_1': UUID('39bc41c3-4c14-4803-9916-1ac891e4a1d1'), 'following_id_1': UUID('3f3ee1f3-c4ca-4f0b-87ab-8234cf974028'), 'param_1': 1}
2026-03-05 23:18:47,361 INFO sqlalchemy.engine.Engine SELECT user_connections.follower_id AS user_connections_follower_id, user_connections.following_id AS user_connections_following_id, user_connections.created_at AS user_connections_created_at 
FROM user_connections 
WHERE user_connections.follower_id = %(follower_id_1)s::UUID AND user_connections.following_id = %(following_id_1)s::UUID 
 LIMIT %(param_1)s
2026-03-05 23:18:47,361 INFO sqlalchemy.engine.Engine [cached since 2658s ago] {'follower_id_1': UUID('3f3ee1f3-c4ca-4f0b-87ab-8234cf974028'), 'following_id_1': UUID('39bc41c3-4c14-4803-9916-1ac891e4a1d1'), 'param_1': 1}
INFO:     127.0.0.1:56942 - "GET /api/connections/status/3f3ee1f3-c4ca-4f0b-87ab-8234cf974028 HTTP/1.1" 200 OK
2026-03-05 23:18:47,361 INFO sqlalchemy.engine.Engine ROLLBACK
2026-03-05 23:18:47,361 INFO sqlalchemy.engine.Engine ROLLBACK
2026-03-05 23:18:47,361 INFO sqlalchemy.engine.Engine ROLLBACK
2026-03-05 23:18:47,362 INFO sqlalchemy.engine.Engine ROLLBACK
2026-03-05 23:18:47,362 INFO sqlalchemy.engine.Engine ROLLBACK
2026-03-05 23:18:47,362 INFO sqlalchemy.engine.Engine BEGIN (implicit)
2026-03-05 23:18:47,363 INFO sqlalchemy.engine.Engine SELECT users.id AS users_id, users.email AS users_email, users.username AS users_username, users.name AS users_name, users.password_hash AS users_password_hash, users.graduation_year AS users_graduation_year, users.bio AS users_bio, users.location AS users_location, users."current_role" AS users_current_role, users.profile_image_url AS users_profile_image_url, users.phone AS users_phone, users.linkedin_url AS users_linkedin_url, users.github_url AS users_github_url, users.twitter_handle AS users_twitter_handle, users.following_count AS users_following_count, users.followers_count AS users_followers_count, users.post_count AS users_post_count, users.is_active AS users_is_active, users.is_verified AS users_is_verified, users.role AS users_role, users.created_at AS users_created_at, users.updated_at AS users_updated_at, users.last_login_at AS users_last_login_at 
FROM users 
WHERE users.id = %(id_1)s::UUID 
 LIMIT %(param_1)s
2026-03-05 23:18:47,363 INFO sqlalchemy.engine.Engine [cached since 2678s ago] {'id_1': '39bc41c3-4c14-4803-9916-1ac891e4a1d1', 'param_1': 1}
2026-03-05 23:18:47,365 INFO sqlalchemy.engine.Engine BEGIN (implicit)
2026-03-05 23:18:47,365 INFO sqlalchemy.engine.Engine BEGIN (implicit)
2026-03-05 23:18:47,365 INFO sqlalchemy.engine.Engine BEGIN (implicit)
2026-03-05 23:18:47,366 INFO sqlalchemy.engine.Engine SELECT users.id AS users_id, users.email AS users_email, users.username AS users_username, users.name AS users_name, users.password_hash AS users_password_hash, users.graduation_year AS users_graduation_year, users.bio AS users_bio, users.location AS users_location, users."current_role" AS users_current_role, users.profile_image_url AS users_profile_image_url, users.phone AS users_phone, users.linkedin_url AS users_linkedin_url, users.github_url AS users_github_url, users.twitter_handle AS users_twitter_handle, users.following_count AS users_following_count, users.followers_count AS users_followers_count, users.post_count AS users_post_count, users.is_active AS users_is_active, users.is_verified AS users_is_verified, users.role AS users_role, users.created_at AS users_created_at, users.updated_at AS users_updated_at, users.last_login_at AS users_last_login_at 
FROM users 
WHERE users.id = %(id_1)s::UUID 
 LIMIT %(param_1)s
2026-03-05 23:18:47,366 INFO sqlalchemy.engine.Engine BEGIN (implicit)
2026-03-05 23:18:47,366 INFO sqlalchemy.engine.Engine BEGIN (implicit)
2026-03-05 23:18:47,366 INFO sqlalchemy.engine.Engine SELECT users.id AS users_id, users.email AS users_email, users.username AS users_username, users.name AS users_name, users.password_hash AS users_password_hash, users.graduation_year AS users_graduation_year, users.bio AS users_bio, users.location AS users_location, users."current_role" AS users_current_role, users.profile_image_url AS users_profile_image_url, users.phone AS users_phone, users.linkedin_url AS users_linkedin_url, users.github_url AS users_github_url, users.twitter_handle AS users_twitter_handle, users.following_count AS users_following_count, users.followers_count AS users_followers_count, users.post_count AS users_post_count, users.is_active AS users_is_active, users.is_verified AS users_is_verified, users.role AS users_role, users.created_at AS users_created_at, users.updated_at AS users_updated_at, users.last_login_at AS users_last_login_at 
FROM users 
WHERE users.id = %(id_1)s::UUID 
 LIMIT %(param_1)s
2026-03-05 23:18:47,366 INFO sqlalchemy.engine.Engine SELECT users.id AS users_id, users.email AS users_email, users.username AS users_username, users.name AS users_name, users.password_hash AS users_password_hash, users.graduation_year AS users_graduation_year, users.bio AS users_bio, users.location AS users_location, users."current_role" AS users_current_role, users.profile_image_url AS users_profile_image_url, users.phone AS users_phone, users.linkedin_url AS users_linkedin_url, users.github_url AS users_github_url, users.twitter_handle AS users_twitter_handle, users.following_count AS users_following_count, users.followers_count AS users_followers_count, users.post_count AS users_post_count, users.is_active AS users_is_active, users.is_verified AS users_is_verified, users.role AS users_role, users.created_at AS users_created_at, users.updated_at AS users_updated_at, users.last_login_at AS users_last_login_at 
FROM users 
WHERE users.id = %(id_1)s::UUID 
 LIMIT %(param_1)s
2026-03-05 23:18:47,366 INFO sqlalchemy.engine.Engine SELECT users.id AS users_id, users.email AS users_email, users.username AS users_username, users.name AS users_name, users.password_hash AS users_password_hash, users.graduation_year AS users_graduation_year, users.bio AS users_bio, users.location AS users_location, users."current_role" AS users_current_role, users.profile_image_url AS users_profile_image_url, users.phone AS users_phone, users.linkedin_url AS users_linkedin_url, users.github_url AS users_github_url, users.twitter_handle AS users_twitter_handle, users.following_count AS users_following_count, users.followers_count AS users_followers_count, users.post_count AS users_post_count, users.is_active AS users_is_active, users.is_verified AS users_is_verified, users.role AS users_role, users.created_at AS users_created_at, users.updated_at AS users_updated_at, users.last_login_at AS users_last_login_at 
FROM users 
WHERE users.id = %(id_1)s::UUID 
 LIMIT %(param_1)s
2026-03-05 23:18:47,366 INFO sqlalchemy.engine.Engine [cached since 2678s ago] {'id_1': '39bc41c3-4c14-4803-9916-1ac891e4a1d1', 'param_1': 1}
2026-03-05 23:18:47,366 INFO sqlalchemy.engine.Engine SELECT users.id AS users_id, users.email AS users_email, users.username AS users_username, users.name AS users_name, users.password_hash AS users_password_hash, users.graduation_year AS users_graduation_year, users.bio AS users_bio, users.location AS users_location, users."current_role" AS users_current_role, users.profile_image_url AS users_profile_image_url, users.phone AS users_phone, users.linkedin_url AS users_linkedin_url, users.github_url AS users_github_url, users.twitter_handle AS users_twitter_handle, users.following_count AS users_following_count, users.followers_count AS users_followers_count, users.post_count AS users_post_count, users.is_active AS users_is_active, users.is_verified AS users_is_verified, users.role AS users_role, users.created_at AS users_created_at, users.updated_at AS users_updated_at, users.last_login_at AS users_last_login_at 
FROM users 
WHERE users.id = %(id_1)s::UUID 
 LIMIT %(param_1)s
2026-03-05 23:18:47,366 INFO sqlalchemy.engine.Engine SELECT users.id AS users_id, users.email AS users_email, users.username AS users_username, users.name AS users_name, users.password_hash AS users_password_hash, users.graduation_year AS users_graduation_year, users.bio AS users_bio, users.location AS users_location, users."current_role" AS users_current_role, users.profile_image_url AS users_profile_image_url, users.phone AS users_phone, users.linkedin_url AS users_linkedin_url, users.github_url AS users_github_url, users.twitter_handle AS users_twitter_handle, users.following_count AS users_following_count, users.followers_count AS users_followers_count, users.post_count AS users_post_count, users.is_active AS users_is_active, users.is_verified AS users_is_verified, users.role AS users_role, users.created_at AS users_created_at, users.updated_at AS users_updated_at, users.last_login_at AS users_last_login_at 
FROM users 
WHERE users.id = %(id_1)s::UUID 
 LIMIT %(param_1)s
2026-03-05 23:18:47,366 INFO sqlalchemy.engine.Engine [cached since 2678s ago] {'id_1': '39bc41c3-4c14-4803-9916-1ac891e4a1d1', 'param_1': 1}
2026-03-05 23:18:47,366 INFO sqlalchemy.engine.Engine [cached since 2678s ago] {'id_1': UUID('7c392ee0-f071-4277-a074-7c8ed282a2b7'), 'param_1': 1}
2026-03-05 23:18:47,366 INFO sqlalchemy.engine.Engine [cached since 2678s ago] {'id_1': '39bc41c3-4c14-4803-9916-1ac891e4a1d1', 'param_1': 1}
2026-03-05 23:18:47,366 INFO sqlalchemy.engine.Engine [cached since 2678s ago] {'id_1': '39bc41c3-4c14-4803-9916-1ac891e4a1d1', 'param_1': 1}
2026-03-05 23:18:47,366 INFO sqlalchemy.engine.Engine [cached since 2678s ago] {'id_1': '39bc41c3-4c14-4803-9916-1ac891e4a1d1', 'param_1': 1}
2026-03-05 23:18:47,367 INFO sqlalchemy.engine.Engine SELECT user_connections.follower_id AS user_connections_follower_id, user_connections.following_id AS user_connections_following_id, user_connections.created_at AS user_connections_created_at 
FROM user_connections 
WHERE user_connections.follower_id = %(follower_id_1)s::UUID AND user_connections.following_id = %(following_id_1)s::UUID 
 LIMIT %(param_1)s
2026-03-05 23:18:47,367 INFO sqlalchemy.engine.Engine [cached since 2658s ago] {'follower_id_1': UUID('39bc41c3-4c14-4803-9916-1ac891e4a1d1'), 'following_id_1': UUID('7c392ee0-f071-4277-a074-7c8ed282a2b7'), 'param_1': 1}
2026-03-05 23:18:47,368 INFO sqlalchemy.engine.Engine SELECT user_connections.follower_id AS user_connections_follower_id, user_connections.following_id AS user_connections_following_id, user_connections.created_at AS user_connections_created_at 
FROM user_connections 
WHERE user_connections.follower_id = %(follower_id_1)s::UUID AND user_connections.following_id = %(following_id_1)s::UUID 
 LIMIT %(param_1)s
2026-03-05 23:18:47,368 INFO sqlalchemy.engine.Engine [cached since 2658s ago] {'follower_id_1': UUID('7c392ee0-f071-4277-a074-7c8ed282a2b7'), 'following_id_1': UUID('39bc41c3-4c14-4803-9916-1ac891e4a1d1'), 'param_1': 1}
INFO:     127.0.0.1:56943 - "GET /api/connections/status/7c392ee0-f071-4277-a074-7c8ed282a2b7 HTTP/1.1" 200 OK
2026-03-05 23:18:47,368 INFO sqlalchemy.engine.Engine ROLLBACK
2026-03-05 23:18:47,369 INFO sqlalchemy.engine.Engine SELECT users.id AS users_id, users.email AS users_email, users.username AS users_username, users.name AS users_name, users.password_hash AS users_password_hash, users.graduation_year AS users_graduation_year, users.bio AS users_bio, users.location AS users_location, users."current_role" AS users_current_role, users.profile_image_url AS users_profile_image_url, users.phone AS users_phone, users.linkedin_url AS users_linkedin_url, users.github_url AS users_github_url, users.twitter_handle AS users_twitter_handle, users.following_count AS users_following_count, users.followers_count AS users_followers_count, users.post_count AS users_post_count, users.is_active AS users_is_active, users.is_verified AS users_is_verified, users.role AS users_role, users.created_at AS users_created_at, users.updated_at AS users_updated_at, users.last_login_at AS users_last_login_at 
FROM users 
WHERE users.id = %(id_1)s::UUID 
 LIMIT %(param_1)s
2026-03-05 23:18:47,369 INFO sqlalchemy.engine.Engine [cached since 2678s ago] {'id_1': UUID('4c68130b-ef88-4056-abca-743c903a2ee9'), 'param_1': 1}
2026-03-05 23:18:47,369 INFO sqlalchemy.engine.Engine SELECT user_connections.follower_id AS user_connections_follower_id, user_connections.following_id AS user_connections_following_id, user_connections.created_at AS user_connections_created_at 
FROM user_connections 
WHERE user_connections.follower_id = %(follower_id_1)s::UUID AND user_connections.following_id = %(following_id_1)s::UUID 
 LIMIT %(param_1)s
2026-03-05 23:18:47,369 INFO sqlalchemy.engine.Engine [cached since 2658s ago] {'follower_id_1': UUID('39bc41c3-4c14-4803-9916-1ac891e4a1d1'), 'following_id_1': UUID('4c68130b-ef88-4056-abca-743c903a2ee9'), 'param_1': 1}
2026-03-05 23:18:47,370 INFO sqlalchemy.engine.Engine SELECT user_connections.follower_id AS user_connections_follower_id, user_connections.following_id AS user_connections_following_id, user_connections.created_at AS user_connections_created_at 
FROM user_connections 
WHERE user_connections.follower_id = %(follower_id_1)s::UUID AND user_connections.following_id = %(following_id_1)s::UUID 
 LIMIT %(param_1)s
2026-03-05 23:18:47,370 INFO sqlalchemy.engine.Engine [cached since 2658s ago] {'follower_id_1': UUID('4c68130b-ef88-4056-abca-743c903a2ee9'), 'following_id_1': UUID('39bc41c3-4c14-4803-9916-1ac891e4a1d1'), 'param_1': 1}
INFO:     127.0.0.1:56941 - "GET /api/connections/status/4c68130b-ef88-4056-abca-743c903a2ee9 HTTP/1.1" 200 OK
2026-03-05 23:18:47,371 INFO sqlalchemy.engine.Engine SELECT users.id AS users_id, users.email AS users_email, users.username AS users_username, users.name AS users_name, users.password_hash AS users_password_hash, users.graduation_year AS users_graduation_year, users.bio AS users_bio, users.location AS users_location, users."current_role" AS users_current_role, users.profile_image_url AS users_profile_image_url, users.phone AS users_phone, users.linkedin_url AS users_linkedin_url, users.github_url AS users_github_url, users.twitter_handle AS users_twitter_handle, users.following_count AS users_following_count, users.followers_count AS users_followers_count, users.post_count AS users_post_count, users.is_active AS users_is_active, users.is_verified AS users_is_verified, users.role AS users_role, users.created_at AS users_created_at, users.updated_at AS users_updated_at, users.last_login_at AS users_last_login_at 
FROM users 
WHERE users.id = %(id_1)s::UUID 
 LIMIT %(param_1)s
2026-03-05 23:18:47,371 INFO sqlalchemy.engine.Engine [cached since 2678s ago] {'id_1': UUID('de320988-89c2-422e-b678-50641b34c157'), 'param_1': 1}
2026-03-05 23:18:47,371 INFO sqlalchemy.engine.Engine SELECT user_connections.follower_id AS user_connections_follower_id, user_connections.following_id AS user_connections_following_id, user_connections.created_at AS user_connections_created_at 
FROM user_connections 
WHERE user_connections.follower_id = %(follower_id_1)s::UUID AND user_connections.following_id = %(following_id_1)s::UUID 
 LIMIT %(param_1)s
2026-03-05 23:18:47,371 INFO sqlalchemy.engine.Engine [cached since 2658s ago] {'follower_id_1': UUID('39bc41c3-4c14-4803-9916-1ac891e4a1d1'), 'following_id_1': UUID('de320988-89c2-422e-b678-50641b34c157'), 'param_1': 1}
2026-03-05 23:18:47,372 INFO sqlalchemy.engine.Engine SELECT user_connections.follower_id AS user_connections_follower_id, user_connections.following_id AS user_connections_following_id, user_connections.created_at AS user_connections_created_at 
FROM user_connections 
WHERE user_connections.follower_id = %(follower_id_1)s::UUID AND user_connections.following_id = %(following_id_1)s::UUID 
 LIMIT %(param_1)s
2026-03-05 23:18:47,372 INFO sqlalchemy.engine.Engine [cached since 2658s ago] {'follower_id_1': UUID('de320988-89c2-422e-b678-50641b34c157'), 'following_id_1': UUID('39bc41c3-4c14-4803-9916-1ac891e4a1d1'), 'param_1': 1}
INFO:     127.0.0.1:56945 - "GET /api/connections/status/de320988-89c2-422e-b678-50641b34c157 HTTP/1.1" 200 OK
2026-03-05 23:18:47,372 INFO sqlalchemy.engine.Engine SELECT users.id AS users_id, users.email AS users_email, users.username AS users_username, users.name AS users_name, users.password_hash AS users_password_hash, users.graduation_year AS users_graduation_year, users.bio AS users_bio, users.location AS users_location, users."current_role" AS users_current_role, users.profile_image_url AS users_profile_image_url, users.phone AS users_phone, users.linkedin_url AS users_linkedin_url, users.github_url AS users_github_url, users.twitter_handle AS users_twitter_handle, users.following_count AS users_following_count, users.followers_count AS users_followers_count, users.post_count AS users_post_count, users.is_active AS users_is_active, users.is_verified AS users_is_verified, users.role AS users_role, users.created_at AS users_created_at, users.updated_at AS users_updated_at, users.last_login_at AS users_last_login_at 
FROM users 
WHERE users.id = %(id_1)s::UUID 
 LIMIT %(param_1)s
2026-03-05 23:18:47,372 INFO sqlalchemy.engine.Engine [cached since 2678s ago] {'id_1': UUID('b6254dbe-aae1-49be-8ff3-c89050e36bdd'), 'param_1': 1}
2026-03-05 23:18:47,373 INFO sqlalchemy.engine.Engine SELECT user_connections.follower_id AS user_connections_follower_id, user_connections.following_id AS user_connections_following_id, user_connections.created_at AS user_connections_created_at 
FROM user_connections 
WHERE user_connections.follower_id = %(follower_id_1)s::UUID AND user_connections.following_id = %(following_id_1)s::UUID 
 LIMIT %(param_1)s
2026-03-05 23:18:47,373 INFO sqlalchemy.engine.Engine [cached since 2658s ago] {'follower_id_1': UUID('39bc41c3-4c14-4803-9916-1ac891e4a1d1'), 'following_id_1': UUID('b6254dbe-aae1-49be-8ff3-c89050e36bdd'), 'param_1': 1}
2026-03-05 23:18:47,373 INFO sqlalchemy.engine.Engine SELECT user_connections.follower_id AS user_connections_follower_id, user_connections.following_id AS user_connections_following_id, user_connections.created_at AS user_connections_created_at 
FROM user_connections 
WHERE user_connections.follower_id = %(follower_id_1)s::UUID AND user_connections.following_id = %(following_id_1)s::UUID 
 LIMIT %(param_1)s
2026-03-05 23:18:47,373 INFO sqlalchemy.engine.Engine [cached since 2658s ago] {'follower_id_1': UUID('b6254dbe-aae1-49be-8ff3-c89050e36bdd'), 'following_id_1': UUID('39bc41c3-4c14-4803-9916-1ac891e4a1d1'), 'param_1': 1}
INFO:     127.0.0.1:56942 - "GET /api/connections/status/b6254dbe-aae1-49be-8ff3-c89050e36bdd HTTP/1.1" 200 OK
2026-03-05 23:18:47,374 INFO sqlalchemy.engine.Engine SELECT users.id AS users_id, users.email AS users_email, users.username AS users_username, users.name AS users_name, users.password_hash AS users_password_hash, users.graduation_year AS users_graduation_year, users.bio AS users_bio, users.location AS users_location, users."current_role" AS users_current_role, users.profile_image_url AS users_profile_image_url, users.phone AS users_phone, users.linkedin_url AS users_linkedin_url, users.github_url AS users_github_url, users.twitter_handle AS users_twitter_handle, users.following_count AS users_following_count, users.followers_count AS users_followers_count, users.post_count AS users_post_count, users.is_active AS users_is_active, users.is_verified AS users_is_verified, users.role AS users_role, users.created_at AS users_created_at, users.updated_at AS users_updated_at, users.last_login_at AS users_last_login_at 
FROM users 
WHERE users.id = %(id_1)s::UUID 
 LIMIT %(param_1)s
2026-03-05 23:18:47,374 INFO sqlalchemy.engine.Engine [cached since 2678s ago] {'id_1': UUID('9b5e1b44-fc62-463b-aa97-b27295eab70d'), 'param_1': 1}
2026-03-05 23:18:47,374 INFO sqlalchemy.engine.Engine SELECT user_connections.follower_id AS user_connections_follower_id, user_connections.following_id AS user_connections_following_id, user_connections.created_at AS user_connections_created_at 
FROM user_connections 
WHERE user_connections.follower_id = %(follower_id_1)s::UUID AND user_connections.following_id = %(following_id_1)s::UUID 
 LIMIT %(param_1)s
2026-03-05 23:18:47,374 INFO sqlalchemy.engine.Engine [cached since 2658s ago] {'follower_id_1': UUID('39bc41c3-4c14-4803-9916-1ac891e4a1d1'), 'following_id_1': UUID('9b5e1b44-fc62-463b-aa97-b27295eab70d'), 'param_1': 1}
2026-03-05 23:18:47,375 INFO sqlalchemy.engine.Engine SELECT user_connections.follower_id AS user_connections_follower_id, user_connections.following_id AS user_connections_following_id, user_connections.created_at AS user_connections_created_at 
FROM user_connections 
WHERE user_connections.follower_id = %(follower_id_1)s::UUID AND user_connections.following_id = %(following_id_1)s::UUID 
 LIMIT %(param_1)s
2026-03-05 23:18:47,375 INFO sqlalchemy.engine.Engine [cached since 2658s ago] {'follower_id_1': UUID('9b5e1b44-fc62-463b-aa97-b27295eab70d'), 'following_id_1': UUID('39bc41c3-4c14-4803-9916-1ac891e4a1d1'), 'param_1': 1}
INFO:     127.0.0.1:56937 - "GET /api/connections/status/9b5e1b44-fc62-463b-aa97-b27295eab70d HTTP/1.1" 200 OK
2026-03-05 23:18:47,375 INFO sqlalchemy.engine.Engine SELECT users.id AS users_id, users.email AS users_email, users.username AS users_username, users.name AS users_name, users.password_hash AS users_password_hash, users.graduation_year AS users_graduation_year, users.bio AS users_bio, users.location AS users_location, users."current_role" AS users_current_role, users.profile_image_url AS users_profile_image_url, users.phone AS users_phone, users.linkedin_url AS users_linkedin_url, users.github_url AS users_github_url, users.twitter_handle AS users_twitter_handle, users.following_count AS users_following_count, users.followers_count AS users_followers_count, users.post_count AS users_post_count, users.is_active AS users_is_active, users.is_verified AS users_is_verified, users.role AS users_role, users.created_at AS users_created_at, users.updated_at AS users_updated_at, users.last_login_at AS users_last_login_at 
FROM users 
WHERE users.id = %(id_1)s::UUID 
 LIMIT %(param_1)s
2026-03-05 23:18:47,375 INFO sqlalchemy.engine.Engine [cached since 2678s ago] {'id_1': UUID('67c3d747-c055-43c6-b140-b531a06f8216'), 'param_1': 1}
2026-03-05 23:18:47,376 INFO sqlalchemy.engine.Engine SELECT user_connections.follower_id AS user_connections_follower_id, user_connections.following_id AS user_connections_following_id, user_connections.created_at AS user_connections_created_at 
FROM user_connections 
WHERE user_connections.follower_id = %(follower_id_1)s::UUID AND user_connections.following_id = %(following_id_1)s::UUID 
 LIMIT %(param_1)s
2026-03-05 23:18:47,376 INFO sqlalchemy.engine.Engine [cached since 2658s ago] {'follower_id_1': UUID('39bc41c3-4c14-4803-9916-1ac891e4a1d1'), 'following_id_1': UUID('67c3d747-c055-43c6-b140-b531a06f8216'), 'param_1': 1}
2026-03-05 23:18:47,376 INFO sqlalchemy.engine.Engine SELECT user_connections.follower_id AS user_connections_follower_id, user_connections.following_id AS user_connections_following_id, user_connections.created_at AS user_connections_created_at 
FROM user_connections 
WHERE user_connections.follower_id = %(follower_id_1)s::UUID AND user_connections.following_id = %(following_id_1)s::UUID 
 LIMIT %(param_1)s
2026-03-05 23:18:47,376 INFO sqlalchemy.engine.Engine [cached since 2658s ago] {'follower_id_1': UUID('67c3d747-c055-43c6-b140-b531a06f8216'), 'following_id_1': UUID('39bc41c3-4c14-4803-9916-1ac891e4a1d1'), 'param_1': 1}
INFO:     127.0.0.1:56947 - "GET /api/connections/status/67c3d747-c055-43c6-b140-b531a06f8216 HTTP/1.1" 200 OK
2026-03-05 23:18:47,377 INFO sqlalchemy.engine.Engine ROLLBACK
2026-03-05 23:18:47,377 INFO sqlalchemy.engine.Engine ROLLBACK
2026-03-05 23:18:47,377 INFO sqlalchemy.engine.Engine ROLLBACK
2026-03-05 23:18:47,377 INFO sqlalchemy.engine.Engine ROLLBACK
2026-03-05 23:18:47,377 INFO sqlalchemy.engine.Engine ROLLBACK
2026-03-05 23:18:47,378 INFO sqlalchemy.engine.Engine BEGIN (implicit)
2026-03-05 23:18:47,380 INFO sqlalchemy.engine.Engine SELECT users.id AS users_id, users.email AS users_email, users.username AS users_username, users.name AS users_name, users.password_hash AS users_password_hash, users.graduation_year AS users_graduation_year, users.bio AS users_bio, users.location AS users_location, users."current_role" AS users_current_role, users.profile_image_url AS users_profile_image_url, users.phone AS users_phone, users.linkedin_url AS users_linkedin_url, users.github_url AS users_github_url, users.twitter_handle AS users_twitter_handle, users.following_count AS users_following_count, users.followers_count AS users_followers_count, users.post_count AS users_post_count, users.is_active AS users_is_active, users.is_verified AS users_is_verified, users.role AS users_role, users.created_at AS users_created_at, users.updated_at AS users_updated_at, users.last_login_at AS users_last_login_at 
FROM users 
WHERE users.id = %(id_1)s::UUID 
 LIMIT %(param_1)s
2026-03-05 23:18:47,380 INFO sqlalchemy.engine.Engine BEGIN (implicit)
2026-03-05 23:18:47,380 INFO sqlalchemy.engine.Engine BEGIN (implicit)
2026-03-05 23:18:47,381 INFO sqlalchemy.engine.Engine BEGIN (implicit)
2026-03-05 23:18:47,381 INFO sqlalchemy.engine.Engine [cached since 2678s ago] {'id_1': '39bc41c3-4c14-4803-9916-1ac891e4a1d1', 'param_1': 1}
2026-03-05 23:18:47,381 INFO sqlalchemy.engine.Engine BEGIN (implicit)
2026-03-05 23:18:47,381 INFO sqlalchemy.engine.Engine SELECT users.id AS users_id, users.email AS users_email, users.username AS users_username, users.name AS users_name, users.password_hash AS users_password_hash, users.graduation_year AS users_graduation_year, users.bio AS users_bio, users.location AS users_location, users."current_role" AS users_current_role, users.profile_image_url AS users_profile_image_url, users.phone AS users_phone, users.linkedin_url AS users_linkedin_url, users.github_url AS users_github_url, users.twitter_handle AS users_twitter_handle, users.following_count AS users_following_count, users.followers_count AS users_followers_count, users.post_count AS users_post_count, users.is_active AS users_is_active, users.is_verified AS users_is_verified, users.role AS users_role, users.created_at AS users_created_at, users.updated_at AS users_updated_at, users.last_login_at AS users_last_login_at 
FROM users 
WHERE users.id = %(id_1)s::UUID 
 LIMIT %(param_1)s
2026-03-05 23:18:47,381 INFO sqlalchemy.engine.Engine SELECT users.id AS users_id, users.email AS users_email, users.username AS users_username, users.name AS users_name, users.password_hash AS users_password_hash, users.graduation_year AS users_graduation_year, users.bio AS users_bio, users.location AS users_location, users."current_role" AS users_current_role, users.profile_image_url AS users_profile_image_url, users.phone AS users_phone, users.linkedin_url AS users_linkedin_url, users.github_url AS users_github_url, users.twitter_handle AS users_twitter_handle, users.following_count AS users_following_count, users.followers_count AS users_followers_count, users.post_count AS users_post_count, users.is_active AS users_is_active, users.is_verified AS users_is_verified, users.role AS users_role, users.created_at AS users_created_at, users.updated_at AS users_updated_at, users.last_login_at AS users_last_login_at 
FROM users 
WHERE users.id = %(id_1)s::UUID 
 LIMIT %(param_1)s
2026-03-05 23:18:47,381 INFO sqlalchemy.engine.Engine SELECT users.id AS users_id, users.email AS users_email, users.username AS users_username, users.name AS users_name, users.password_hash AS users_password_hash, users.graduation_year AS users_graduation_year, users.bio AS users_bio, users.location AS users_location, users."current_role" AS users_current_role, users.profile_image_url AS users_profile_image_url, users.phone AS users_phone, users.linkedin_url AS users_linkedin_url, users.github_url AS users_github_url, users.twitter_handle AS users_twitter_handle, users.following_count AS users_following_count, users.followers_count AS users_followers_count, users.post_count AS users_post_count, users.is_active AS users_is_active, users.is_verified AS users_is_verified, users.role AS users_role, users.created_at AS users_created_at, users.updated_at AS users_updated_at, users.last_login_at AS users_last_login_at 
FROM users 
WHERE users.id = %(id_1)s::UUID 
 LIMIT %(param_1)s
2026-03-05 23:18:47,381 INFO sqlalchemy.engine.Engine SELECT users.id AS users_id, users.email AS users_email, users.username AS users_username, users.name AS users_name, users.password_hash AS users_password_hash, users.graduation_year AS users_graduation_year, users.bio AS users_bio, users.location AS users_location, users."current_role" AS users_current_role, users.profile_image_url AS users_profile_image_url, users.phone AS users_phone, users.linkedin_url AS users_linkedin_url, users.github_url AS users_github_url, users.twitter_handle AS users_twitter_handle, users.following_count AS users_following_count, users.followers_count AS users_followers_count, users.post_count AS users_post_count, users.is_active AS users_is_active, users.is_verified AS users_is_verified, users.role AS users_role, users.created_at AS users_created_at, users.updated_at AS users_updated_at, users.last_login_at AS users_last_login_at 
FROM users 
WHERE users.id = %(id_1)s::UUID 
 LIMIT %(param_1)s
2026-03-05 23:18:47,381 INFO sqlalchemy.engine.Engine [cached since 2678s ago] {'id_1': '39bc41c3-4c14-4803-9916-1ac891e4a1d1', 'param_1': 1}
2026-03-05 23:18:47,381 INFO sqlalchemy.engine.Engine [cached since 2678s ago] {'id_1': '39bc41c3-4c14-4803-9916-1ac891e4a1d1', 'param_1': 1}
2026-03-05 23:18:47,381 INFO sqlalchemy.engine.Engine [cached since 2678s ago] {'id_1': '39bc41c3-4c14-4803-9916-1ac891e4a1d1', 'param_1': 1}
2026-03-05 23:18:47,381 INFO sqlalchemy.engine.Engine [cached since 2678s ago] {'id_1': '39bc41c3-4c14-4803-9916-1ac891e4a1d1', 'param_1': 1}
2026-03-05 23:18:47,383 INFO sqlalchemy.engine.Engine SELECT users.id AS users_id, users.email AS users_email, users.username AS users_username, users.name AS users_name, users.password_hash AS users_password_hash, users.graduation_year AS users_graduation_year, users.bio AS users_bio, users.location AS users_location, users."current_role" AS users_current_role, users.profile_image_url AS users_profile_image_url, users.phone AS users_phone, users.linkedin_url AS users_linkedin_url, users.github_url AS users_github_url, users.twitter_handle AS users_twitter_handle, users.following_count AS users_following_count, users.followers_count AS users_followers_count, users.post_count AS users_post_count, users.is_active AS users_is_active, users.is_verified AS users_is_verified, users.role AS users_role, users.created_at AS users_created_at, users.updated_at AS users_updated_at, users.last_login_at AS users_last_login_at 
FROM users 
WHERE users.id = %(id_1)s::UUID 
 LIMIT %(param_1)s
2026-03-05 23:18:47,383 INFO sqlalchemy.engine.Engine [cached since 2678s ago] {'id_1': UUID('06622cd2-be07-4627-9a40-40a808ea6675'), 'param_1': 1}
2026-03-05 23:18:47,383 INFO sqlalchemy.engine.Engine SELECT user_connections.follower_id AS user_connections_follower_id, user_connections.following_id AS user_connections_following_id, user_connections.created_at AS user_connections_created_at 
FROM user_connections 
WHERE user_connections.follower_id = %(follower_id_1)s::UUID AND user_connections.following_id = %(following_id_1)s::UUID 
 LIMIT %(param_1)s
2026-03-05 23:18:47,383 INFO sqlalchemy.engine.Engine [cached since 2658s ago] {'follower_id_1': UUID('39bc41c3-4c14-4803-9916-1ac891e4a1d1'), 'following_id_1': UUID('06622cd2-be07-4627-9a40-40a808ea6675'), 'param_1': 1}
2026-03-05 23:18:47,384 INFO sqlalchemy.engine.Engine SELECT user_connections.follower_id AS user_connections_follower_id, user_connections.following_id AS user_connections_following_id, user_connections.created_at AS user_connections_created_at 
FROM user_connections 
WHERE user_connections.follower_id = %(follower_id_1)s::UUID AND user_connections.following_id = %(following_id_1)s::UUID 
 LIMIT %(param_1)s
2026-03-05 23:18:47,384 INFO sqlalchemy.engine.Engine [cached since 2658s ago] {'follower_id_1': UUID('06622cd2-be07-4627-9a40-40a808ea6675'), 'following_id_1': UUID('39bc41c3-4c14-4803-9916-1ac891e4a1d1'), 'param_1': 1}
INFO:     127.0.0.1:56943 - "GET /api/connections/status/06622cd2-be07-4627-9a40-40a808ea6675 HTTP/1.1" 200 OK
2026-03-05 23:18:47,384 INFO sqlalchemy.engine.Engine SELECT users.id AS users_id, users.email AS users_email, users.username AS users_username, users.name AS users_name, users.password_hash AS users_password_hash, users.graduation_year AS users_graduation_year, users.bio AS users_bio, users.location AS users_location, users."current_role" AS users_current_role, users.profile_image_url AS users_profile_image_url, users.phone AS users_phone, users.linkedin_url AS users_linkedin_url, users.github_url AS users_github_url, users.twitter_handle AS users_twitter_handle, users.following_count AS users_following_count, users.followers_count AS users_followers_count, users.post_count AS users_post_count, users.is_active AS users_is_active, users.is_verified AS users_is_verified, users.role AS users_role, users.created_at AS users_created_at, users.updated_at AS users_updated_at, users.last_login_at AS users_last_login_at 
FROM users 
WHERE users.id = %(id_1)s::UUID 
 LIMIT %(param_1)s
2026-03-05 23:18:47,384 INFO sqlalchemy.engine.Engine [cached since 2678s ago] {'id_1': UUID('fbe1ba09-d6ec-4268-9ff9-8790f2164820'), 'param_1': 1}
2026-03-05 23:18:47,385 INFO sqlalchemy.engine.Engine SELECT user_connections.follower_id AS user_connections_follower_id, user_connections.following_id AS user_connections_following_id, user_connections.created_at AS user_connections_created_at 
FROM user_connections 
WHERE user_connections.follower_id = %(follower_id_1)s::UUID AND user_connections.following_id = %(following_id_1)s::UUID 
 LIMIT %(param_1)s
2026-03-05 23:18:47,385 INFO sqlalchemy.engine.Engine [cached since 2658s ago] {'follower_id_1': UUID('39bc41c3-4c14-4803-9916-1ac891e4a1d1'), 'following_id_1': UUID('fbe1ba09-d6ec-4268-9ff9-8790f2164820'), 'param_1': 1}
2026-03-05 23:18:47,385 INFO sqlalchemy.engine.Engine SELECT user_connections.follower_id AS user_connections_follower_id, user_connections.following_id AS user_connections_following_id, user_connections.created_at AS user_connections_created_at 
FROM user_connections 
WHERE user_connections.follower_id = %(follower_id_1)s::UUID AND user_connections.following_id = %(following_id_1)s::UUID 
 LIMIT %(param_1)s
2026-03-05 23:18:47,385 INFO sqlalchemy.engine.Engine BEGIN (implicit)
2026-03-05 23:18:47,385 INFO sqlalchemy.engine.Engine [cached since 2658s ago] {'follower_id_1': UUID('fbe1ba09-d6ec-4268-9ff9-8790f2164820'), 'following_id_1': UUID('39bc41c3-4c14-4803-9916-1ac891e4a1d1'), 'param_1': 1}
2026-03-05 23:18:47,385 INFO sqlalchemy.engine.Engine SELECT users.id AS users_id, users.email AS users_email, users.username AS users_username, users.name AS users_name, users.password_hash AS users_password_hash, users.graduation_year AS users_graduation_year, users.bio AS users_bio, users.location AS users_location, users."current_role" AS users_current_role, users.profile_image_url AS users_profile_image_url, users.phone AS users_phone, users.linkedin_url AS users_linkedin_url, users.github_url AS users_github_url, users.twitter_handle AS users_twitter_handle, users.following_count AS users_following_count, users.followers_count AS users_followers_count, users.post_count AS users_post_count, users.is_active AS users_is_active, users.is_verified AS users_is_verified, users.role AS users_role, users.created_at AS users_created_at, users.updated_at AS users_updated_at, users.last_login_at AS users_last_login_at 
FROM users 
WHERE users.id = %(id_1)s::UUID 
 LIMIT %(param_1)s
2026-03-05 23:18:47,386 INFO sqlalchemy.engine.Engine [cached since 2678s ago] {'id_1': '39bc41c3-4c14-4803-9916-1ac891e4a1d1', 'param_1': 1}
INFO:     127.0.0.1:56942 - "GET /api/connections/status/fbe1ba09-d6ec-4268-9ff9-8790f2164820 HTTP/1.1" 200 OK
2026-03-05 23:18:47,386 INFO sqlalchemy.engine.Engine SELECT users.id AS users_id, users.email AS users_email, users.username AS users_username, users.name AS users_name, users.password_hash AS users_password_hash, users.graduation_year AS users_graduation_year, users.bio AS users_bio, users.location AS users_location, users."current_role" AS users_current_role, users.profile_image_url AS users_profile_image_url, users.phone AS users_phone, users.linkedin_url AS users_linkedin_url, users.github_url AS users_github_url, users.twitter_handle AS users_twitter_handle, users.following_count AS users_following_count, users.followers_count AS users_followers_count, users.post_count AS users_post_count, users.is_active AS users_is_active, users.is_verified AS users_is_verified, users.role AS users_role, users.created_at AS users_created_at, users.updated_at AS users_updated_at, users.last_login_at AS users_last_login_at 
FROM users 
WHERE users.id = %(id_1)s::UUID 
 LIMIT %(param_1)s
2026-03-05 23:18:47,386 INFO sqlalchemy.engine.Engine [cached since 2678s ago] {'id_1': UUID('9b5e1b44-fc62-463b-aa97-b27295eab70d'), 'param_1': 1}
2026-03-05 23:18:47,387 INFO sqlalchemy.engine.Engine SELECT user_connections.follower_id AS user_connections_follower_id, user_connections.following_id AS user_connections_following_id, user_connections.created_at AS user_connections_created_at 
FROM user_connections 
WHERE user_connections.follower_id = %(follower_id_1)s::UUID AND user_connections.following_id = %(following_id_1)s::UUID 
 LIMIT %(param_1)s
2026-03-05 23:18:47,387 INFO sqlalchemy.engine.Engine [cached since 2658s ago] {'follower_id_1': UUID('39bc41c3-4c14-4803-9916-1ac891e4a1d1'), 'following_id_1': UUID('9b5e1b44-fc62-463b-aa97-b27295eab70d'), 'param_1': 1}
2026-03-05 23:18:47,387 INFO sqlalchemy.engine.Engine SELECT user_connections.follower_id AS user_connections_follower_id, user_connections.following_id AS user_connections_following_id, user_connections.created_at AS user_connections_created_at 
FROM user_connections 
WHERE user_connections.follower_id = %(follower_id_1)s::UUID AND user_connections.following_id = %(following_id_1)s::UUID 
 LIMIT %(param_1)s
2026-03-05 23:18:47,387 INFO sqlalchemy.engine.Engine [cached since 2658s ago] {'follower_id_1': UUID('9b5e1b44-fc62-463b-aa97-b27295eab70d'), 'following_id_1': UUID('39bc41c3-4c14-4803-9916-1ac891e4a1d1'), 'param_1': 1}
INFO:     127.0.0.1:56941 - "GET /api/connections/status/9b5e1b44-fc62-463b-aa97-b27295eab70d HTTP/1.1" 200 OK
2026-03-05 23:18:47,387 INFO sqlalchemy.engine.Engine SELECT users.id AS users_id, users.email AS users_email, users.username AS users_username, users.name AS users_name, users.password_hash AS users_password_hash, users.graduation_year AS users_graduation_year, users.bio AS users_bio, users.location AS users_location, users."current_role" AS users_current_role, users.profile_image_url AS users_profile_image_url, users.phone AS users_phone, users.linkedin_url AS users_linkedin_url, users.github_url AS users_github_url, users.twitter_handle AS users_twitter_handle, users.following_count AS users_following_count, users.followers_count AS users_followers_count, users.post_count AS users_post_count, users.is_active AS users_is_active, users.is_verified AS users_is_verified, users.role AS users_role, users.created_at AS users_created_at, users.updated_at AS users_updated_at, users.last_login_at AS users_last_login_at 
FROM users 
WHERE users.id = %(id_1)s::UUID 
 LIMIT %(param_1)s
2026-03-05 23:18:47,388 INFO sqlalchemy.engine.Engine [cached since 2678s ago] {'id_1': UUID('3f3ee1f3-c4ca-4f0b-87ab-8234cf974028'), 'param_1': 1}
2026-03-05 23:18:47,388 INFO sqlalchemy.engine.Engine SELECT user_connections.follower_id AS user_connections_follower_id, user_connections.following_id AS user_connections_following_id, user_connections.created_at AS user_connections_created_at 
FROM user_connections 
WHERE user_connections.follower_id = %(follower_id_1)s::UUID AND user_connections.following_id = %(following_id_1)s::UUID 
 LIMIT %(param_1)s
2026-03-05 23:18:47,388 INFO sqlalchemy.engine.Engine [cached since 2658s ago] {'follower_id_1': UUID('39bc41c3-4c14-4803-9916-1ac891e4a1d1'), 'following_id_1': UUID('3f3ee1f3-c4ca-4f0b-87ab-8234cf974028'), 'param_1': 1}
2026-03-05 23:18:47,388 INFO sqlalchemy.engine.Engine SELECT user_connections.follower_id AS user_connections_follower_id, user_connections.following_id AS user_connections_following_id, user_connections.created_at AS user_connections_created_at 
FROM user_connections 
WHERE user_connections.follower_id = %(follower_id_1)s::UUID AND user_connections.following_id = %(following_id_1)s::UUID 
 LIMIT %(param_1)s
2026-03-05 23:18:47,388 INFO sqlalchemy.engine.Engine [cached since 2658s ago] {'follower_id_1': UUID('3f3ee1f3-c4ca-4f0b-87ab-8234cf974028'), 'following_id_1': UUID('39bc41c3-4c14-4803-9916-1ac891e4a1d1'), 'param_1': 1}
INFO:     127.0.0.1:56937 - "GET /api/connections/status/3f3ee1f3-c4ca-4f0b-87ab-8234cf974028 HTTP/1.1" 200 OK
2026-03-05 23:18:47,389 INFO sqlalchemy.engine.Engine SELECT users.id AS users_id, users.email AS users_email, users.username AS users_username, users.name AS users_name, users.password_hash AS users_password_hash, users.graduation_year AS users_graduation_year, users.bio AS users_bio, users.location AS users_location, users."current_role" AS users_current_role, users.profile_image_url AS users_profile_image_url, users.phone AS users_phone, users.linkedin_url AS users_linkedin_url, users.github_url AS users_github_url, users.twitter_handle AS users_twitter_handle, users.following_count AS users_following_count, users.followers_count AS users_followers_count, users.post_count AS users_post_count, users.is_active AS users_is_active, users.is_verified AS users_is_verified, users.role AS users_role, users.created_at AS users_created_at, users.updated_at AS users_updated_at, users.last_login_at AS users_last_login_at 
FROM users 
WHERE users.id = %(id_1)s::UUID 
 LIMIT %(param_1)s
2026-03-05 23:18:47,389 INFO sqlalchemy.engine.Engine [cached since 2678s ago] {'id_1': UUID('330f89c4-630c-472f-8486-fb2714ce3963'), 'param_1': 1}
2026-03-05 23:18:47,390 INFO sqlalchemy.engine.Engine SELECT user_connections.follower_id AS user_connections_follower_id, user_connections.following_id AS user_connections_following_id, user_connections.created_at AS user_connections_created_at 
FROM user_connections 
WHERE user_connections.follower_id = %(follower_id_1)s::UUID AND user_connections.following_id = %(following_id_1)s::UUID 
 LIMIT %(param_1)s
2026-03-05 23:18:47,390 INFO sqlalchemy.engine.Engine [cached since 2658s ago] {'follower_id_1': UUID('39bc41c3-4c14-4803-9916-1ac891e4a1d1'), 'following_id_1': UUID('330f89c4-630c-472f-8486-fb2714ce3963'), 'param_1': 1}
2026-03-05 23:18:47,390 INFO sqlalchemy.engine.Engine SELECT user_connections.follower_id AS user_connections_follower_id, user_connections.following_id AS user_connections_following_id, user_connections.created_at AS user_connections_created_at 
FROM user_connections 
WHERE user_connections.follower_id = %(follower_id_1)s::UUID AND user_connections.following_id = %(following_id_1)s::UUID 
 LIMIT %(param_1)s
2026-03-05 23:18:47,390 INFO sqlalchemy.engine.Engine [cached since 2658s ago] {'follower_id_1': UUID('330f89c4-630c-472f-8486-fb2714ce3963'), 'following_id_1': UUID('39bc41c3-4c14-4803-9916-1ac891e4a1d1'), 'param_1': 1}
INFO:     127.0.0.1:56947 - "GET /api/connections/status/330f89c4-630c-472f-8486-fb2714ce3963 HTTP/1.1" 200 OK
2026-03-05 23:18:47,390 INFO sqlalchemy.engine.Engine ROLLBACK
2026-03-05 23:18:47,391 INFO sqlalchemy.engine.Engine ROLLBACK
2026-03-05 23:18:47,392 INFO sqlalchemy.engine.Engine ROLLBACK
2026-03-05 23:18:47,392 INFO sqlalchemy.engine.Engine ROLLBACK
2026-03-05 23:18:47,392 INFO sqlalchemy.engine.Engine ROLLBACK
2026-03-05 23:18:47,393 INFO sqlalchemy.engine.Engine SELECT users.id AS users_id, users.email AS users_email, users.username AS users_username, users.name AS users_name, users.password_hash AS users_password_hash, users.graduation_year AS users_graduation_year, users.bio AS users_bio, users.location AS users_location, users."current_role" AS users_current_role, users.profile_image_url AS users_profile_image_url, users.phone AS users_phone, users.linkedin_url AS users_linkedin_url, users.github_url AS users_github_url, users.twitter_handle AS users_twitter_handle, users.following_count AS users_following_count, users.followers_count AS users_followers_count, users.post_count AS users_post_count, users.is_active AS users_is_active, users.is_verified AS users_is_verified, users.role AS users_role, users.created_at AS users_created_at, users.updated_at AS users_updated_at, users.last_login_at AS users_last_login_at 
FROM users 
WHERE users.id = %(id_1)s::UUID 
 LIMIT %(param_1)s
2026-03-05 23:18:47,393 INFO sqlalchemy.engine.Engine [cached since 2678s ago] {'id_1': UUID('7c392ee0-f071-4277-a074-7c8ed282a2b7'), 'param_1': 1}
2026-03-05 23:18:47,393 INFO sqlalchemy.engine.Engine BEGIN (implicit)
2026-03-05 23:18:47,393 INFO sqlalchemy.engine.Engine SELECT users.id AS users_id, users.email AS users_email, users.username AS users_username, users.name AS users_name, users.password_hash AS users_password_hash, users.graduation_year AS users_graduation_year, users.bio AS users_bio, users.location AS users_location, users."current_role" AS users_current_role, users.profile_image_url AS users_profile_image_url, users.phone AS users_phone, users.linkedin_url AS users_linkedin_url, users.github_url AS users_github_url, users.twitter_handle AS users_twitter_handle, users.following_count AS users_following_count, users.followers_count AS users_followers_count, users.post_count AS users_post_count, users.is_active AS users_is_active, users.is_verified AS users_is_verified, users.role AS users_role, users.created_at AS users_created_at, users.updated_at AS users_updated_at, users.last_login_at AS users_last_login_at 
FROM users 
WHERE users.id = %(id_1)s::UUID 
 LIMIT %(param_1)s
2026-03-05 23:18:47,393 INFO sqlalchemy.engine.Engine [cached since 2678s ago] {'id_1': '39bc41c3-4c14-4803-9916-1ac891e4a1d1', 'param_1': 1}
2026-03-05 23:18:47,394 INFO sqlalchemy.engine.Engine SELECT user_connections.follower_id AS user_connections_follower_id, user_connections.following_id AS user_connections_following_id, user_connections.created_at AS user_connections_created_at 
FROM user_connections 
WHERE user_connections.follower_id = %(follower_id_1)s::UUID AND user_connections.following_id = %(following_id_1)s::UUID 
 LIMIT %(param_1)s
2026-03-05 23:18:47,394 INFO sqlalchemy.engine.Engine [cached since 2658s ago] {'follower_id_1': UUID('39bc41c3-4c14-4803-9916-1ac891e4a1d1'), 'following_id_1': UUID('7c392ee0-f071-4277-a074-7c8ed282a2b7'), 'param_1': 1}
2026-03-05 23:18:47,395 INFO sqlalchemy.engine.Engine SELECT user_connections.follower_id AS user_connections_follower_id, user_connections.following_id AS user_connections_following_id, user_connections.created_at AS user_connections_created_at 
FROM user_connections 
WHERE user_connections.follower_id = %(follower_id_1)s::UUID AND user_connections.following_id = %(following_id_1)s::UUID 
 LIMIT %(param_1)s
2026-03-05 23:18:47,395 INFO sqlalchemy.engine.Engine [cached since 2658s ago] {'follower_id_1': UUID('7c392ee0-f071-4277-a074-7c8ed282a2b7'), 'following_id_1': UUID('39bc41c3-4c14-4803-9916-1ac891e4a1d1'), 'param_1': 1}
INFO:     127.0.0.1:56945 - "GET /api/connections/status/7c392ee0-f071-4277-a074-7c8ed282a2b7 HTTP/1.1" 200 OK
2026-03-05 23:18:47,395 INFO sqlalchemy.engine.Engine ROLLBACK
2026-03-05 23:18:47,396 INFO sqlalchemy.engine.Engine SELECT users.id AS users_id, users.email AS users_email, users.username AS users_username, users.name AS users_name, users.password_hash AS users_password_hash, users.graduation_year AS users_graduation_year, users.bio AS users_bio, users.location AS users_location, users."current_role" AS users_current_role, users.profile_image_url AS users_profile_image_url, users.phone AS users_phone, users.linkedin_url AS users_linkedin_url, users.github_url AS users_github_url, users.twitter_handle AS users_twitter_handle, users.following_count AS users_following_count, users.followers_count AS users_followers_count, users.post_count AS users_post_count, users.is_active AS users_is_active, users.is_verified AS users_is_verified, users.role AS users_role, users.created_at AS users_created_at, users.updated_at AS users_updated_at, users.last_login_at AS users_last_login_at 
FROM users 
WHERE users.id = %(id_1)s::UUID 
 LIMIT %(param_1)s
2026-03-05 23:18:47,396 INFO sqlalchemy.engine.Engine BEGIN (implicit)
2026-03-05 23:18:47,396 INFO sqlalchemy.engine.Engine [cached since 2678s ago] {'id_1': UUID('b6254dbe-aae1-49be-8ff3-c89050e36bdd'), 'param_1': 1}
2026-03-05 23:18:47,396 INFO sqlalchemy.engine.Engine SELECT users.id AS users_id, users.email AS users_email, users.username AS users_username, users.name AS users_name, users.password_hash AS users_password_hash, users.graduation_year AS users_graduation_year, users.bio AS users_bio, users.location AS users_location, users."current_role" AS users_current_role, users.profile_image_url AS users_profile_image_url, users.phone AS users_phone, users.linkedin_url AS users_linkedin_url, users.github_url AS users_github_url, users.twitter_handle AS users_twitter_handle, users.following_count AS users_following_count, users.followers_count AS users_followers_count, users.post_count AS users_post_count, users.is_active AS users_is_active, users.is_verified AS users_is_verified, users.role AS users_role, users.created_at AS users_created_at, users.updated_at AS users_updated_at, users.last_login_at AS users_last_login_at 
FROM users 
WHERE users.id = %(id_1)s::UUID 
 LIMIT %(param_1)s
2026-03-05 23:18:47,396 INFO sqlalchemy.engine.Engine [cached since 2678s ago] {'id_1': '39bc41c3-4c14-4803-9916-1ac891e4a1d1', 'param_1': 1}
2026-03-05 23:18:47,396 INFO sqlalchemy.engine.Engine SELECT user_connections.follower_id AS user_connections_follower_id, user_connections.following_id AS user_connections_following_id, user_connections.created_at AS user_connections_created_at 
FROM user_connections 
WHERE user_connections.follower_id = %(follower_id_1)s::UUID AND user_connections.following_id = %(following_id_1)s::UUID 
 LIMIT %(param_1)s
2026-03-05 23:18:47,396 INFO sqlalchemy.engine.Engine [cached since 2658s ago] {'follower_id_1': UUID('39bc41c3-4c14-4803-9916-1ac891e4a1d1'), 'following_id_1': UUID('b6254dbe-aae1-49be-8ff3-c89050e36bdd'), 'param_1': 1}
2026-03-05 23:18:47,397 INFO sqlalchemy.engine.Engine SELECT user_connections.follower_id AS user_connections_follower_id, user_connections.following_id AS user_connections_following_id, user_connections.created_at AS user_connections_created_at 
FROM user_connections 
WHERE user_connections.follower_id = %(follower_id_1)s::UUID AND user_connections.following_id = %(following_id_1)s::UUID 
 LIMIT %(param_1)s
2026-03-05 23:18:47,397 INFO sqlalchemy.engine.Engine [cached since 2658s ago] {'follower_id_1': UUID('b6254dbe-aae1-49be-8ff3-c89050e36bdd'), 'following_id_1': UUID('39bc41c3-4c14-4803-9916-1ac891e4a1d1'), 'param_1': 1}
INFO:     127.0.0.1:56943 - "GET /api/connections/status/b6254dbe-aae1-49be-8ff3-c89050e36bdd HTTP/1.1" 200 OK
2026-03-05 23:18:47,397 INFO sqlalchemy.engine.Engine ROLLBACK
2026-03-05 23:18:47,398 INFO sqlalchemy.engine.Engine SELECT users.id AS users_id, users.email AS users_email, users.username AS users_username, users.name AS users_name, users.password_hash AS users_password_hash, users.graduation_year AS users_graduation_year, users.bio AS users_bio, users.location AS users_location, users."current_role" AS users_current_role, users.profile_image_url AS users_profile_image_url, users.phone AS users_phone, users.linkedin_url AS users_linkedin_url, users.github_url AS users_github_url, users.twitter_handle AS users_twitter_handle, users.following_count AS users_following_count, users.followers_count AS users_followers_count, users.post_count AS users_post_count, users.is_active AS users_is_active, users.is_verified AS users_is_verified, users.role AS users_role, users.created_at AS users_created_at, users.updated_at AS users_updated_at, users.last_login_at AS users_last_login_at 
FROM users 
WHERE users.id = %(id_1)s::UUID 
 LIMIT %(param_1)s
2026-03-05 23:18:47,398 INFO sqlalchemy.engine.Engine [cached since 2678s ago] {'id_1': UUID('67c3d747-c055-43c6-b140-b531a06f8216'), 'param_1': 1}
2026-03-05 23:18:47,398 INFO sqlalchemy.engine.Engine SELECT user_connections.follower_id AS user_connections_follower_id, user_connections.following_id AS user_connections_following_id, user_connections.created_at AS user_connections_created_at 
FROM user_connections 
WHERE user_connections.follower_id = %(follower_id_1)s::UUID AND user_connections.following_id = %(following_id_1)s::UUID 
 LIMIT %(param_1)s
2026-03-05 23:18:47,398 INFO sqlalchemy.engine.Engine [cached since 2658s ago] {'follower_id_1': UUID('39bc41c3-4c14-4803-9916-1ac891e4a1d1'), 'following_id_1': UUID('67c3d747-c055-43c6-b140-b531a06f8216'), 'param_1': 1}
2026-03-05 23:18:47,399 INFO sqlalchemy.engine.Engine SELECT user_connections.follower_id AS user_connections_follower_id, user_connections.following_id AS user_connections_following_id, user_connections.created_at AS user_connections_created_at 
FROM user_connections 
WHERE user_connections.follower_id = %(follower_id_1)s::UUID AND user_connections.following_id = %(following_id_1)s::UUID 
 LIMIT %(param_1)s
2026-03-05 23:18:47,399 INFO sqlalchemy.engine.Engine [cached since 2658s ago] {'follower_id_1': UUID('67c3d747-c055-43c6-b140-b531a06f8216'), 'following_id_1': UUID('39bc41c3-4c14-4803-9916-1ac891e4a1d1'), 'param_1': 1}
INFO:     127.0.0.1:56942 - "GET /api/connections/status/67c3d747-c055-43c6-b140-b531a06f8216 HTTP/1.1" 200 OK
2026-03-05 23:18:47,399 INFO sqlalchemy.engine.Engine ROLLBACK
INFO:     192.168.1.1:44138 - "GET / HTTP/1.1" 200 OK
INFO:     192.168.1.1:60982 - "GET / HTTP/1.1" 200 OK
INFO:     127.0.0.1:60752 - "GET /39bc41c3-4c14-4803-9916-1ac891e4a1d1/avatar_9e0d537f7ca64bfa89d808b50431e7cc.jpg HTTP/1.1" 200 OK
INFO:     127.0.0.1:60754 - "OPTIONS /api/posts/?skip=0&limit=100 HTTP/1.1" 200 OK
INFO:     127.0.0.1:60756 - "OPTIONS /api/posts/?skip=0&limit=100 HTTP/1.1" 200 OK
2026-03-06 23:45:02,758 INFO sqlalchemy.engine.Engine BEGIN (implicit)
2026-03-06 23:45:02,758 INFO sqlalchemy.engine.Engine SELECT users.id AS users_id, users.email AS users_email, users.username AS users_username, users.name AS users_name, users.password_hash AS users_password_hash, users.graduation_year AS users_graduation_year, users.bio AS users_bio, users.location AS users_location, users."current_role" AS users_current_role, users.profile_image_url AS users_profile_image_url, users.phone AS users_phone, users.linkedin_url AS users_linkedin_url, users.github_url AS users_github_url, users.twitter_handle AS users_twitter_handle, users.following_count AS users_following_count, users.followers_count AS users_followers_count, users.post_count AS users_post_count, users.is_active AS users_is_active, users.is_verified AS users_is_verified, users.role AS users_role, users.created_at AS users_created_at, users.updated_at AS users_updated_at, users.last_login_at AS users_last_login_at 
FROM users 
WHERE users.id = %(id_1)s::UUID 
 LIMIT %(param_1)s
2026-03-06 23:45:02,758 INFO sqlalchemy.engine.Engine [cached since 3.772e+04s ago] {'id_1': '39bc41c3-4c14-4803-9916-1ac891e4a1d1', 'param_1': 1}
2026-03-06 23:45:02,761 INFO sqlalchemy.engine.Engine SELECT posts.id AS posts_id, posts.user_id AS posts_user_id, posts.content AS posts_content, posts.media_urls AS posts_media_urls, posts.tag AS posts_tag, posts.likes_count AS posts_likes_count, posts.comments_count AS posts_comments_count, posts.reposts_count AS posts_reposts_count, posts.is_public AS posts_is_public, posts.is_anonymous AS posts_is_anonymous, posts.created_at AS posts_created_at, posts.updated_at AS posts_updated_at 
FROM posts 
WHERE posts.is_public = true ORDER BY posts.created_at DESC 
 LIMIT %(param_1)s OFFSET %(param_2)s
2026-03-06 23:45:02,761 INFO sqlalchemy.engine.Engine [cached since 3.772e+04s ago] {'param_1': 100, 'param_2': 0}
2026-03-06 23:45:02,763 INFO sqlalchemy.engine.Engine SELECT post_likes.id AS post_likes_id, post_likes.post_id AS post_likes_post_id, post_likes.user_id AS post_likes_user_id, post_likes.created_at AS post_likes_created_at 
FROM post_likes 
WHERE %(param_1)s::UUID = post_likes.post_id
2026-03-06 23:45:02,763 INFO sqlalchemy.engine.Engine [cached since 3.772e+04s ago] {'param_1': UUID('8f9eb428-d564-48bf-b4d9-6b6b261541df')}
2026-03-06 23:45:02,765 INFO sqlalchemy.engine.Engine SELECT post_likes.id AS post_likes_id, post_likes.post_id AS post_likes_post_id, post_likes.user_id AS post_likes_user_id, post_likes.created_at AS post_likes_created_at 
FROM post_likes 
WHERE %(param_1)s::UUID = post_likes.post_id
2026-03-06 23:45:02,765 INFO sqlalchemy.engine.Engine [cached since 3.772e+04s ago] {'param_1': UUID('04471309-cb15-47f0-971d-76bb5af0f165')}
2026-03-06 23:45:02,765 INFO sqlalchemy.engine.Engine SELECT post_likes.id AS post_likes_id, post_likes.post_id AS post_likes_post_id, post_likes.user_id AS post_likes_user_id, post_likes.created_at AS post_likes_created_at 
FROM post_likes 
WHERE %(param_1)s::UUID = post_likes.post_id
2026-03-06 23:45:02,765 INFO sqlalchemy.engine.Engine [cached since 3.772e+04s ago] {'param_1': UUID('73f268f4-6baf-41c2-a7be-dc7129ae9aea')}
2026-03-06 23:45:02,766 INFO sqlalchemy.engine.Engine SELECT post_likes.id AS post_likes_id, post_likes.post_id AS post_likes_post_id, post_likes.user_id AS post_likes_user_id, post_likes.created_at AS post_likes_created_at 
FROM post_likes 
WHERE %(param_1)s::UUID = post_likes.post_id
2026-03-06 23:45:02,766 INFO sqlalchemy.engine.Engine [cached since 3.772e+04s ago] {'param_1': UUID('1cb9890a-3bf2-41f6-b61d-346569f9edc8')}
2026-03-06 23:45:02,766 INFO sqlalchemy.engine.Engine SELECT post_likes.id AS post_likes_id, post_likes.post_id AS post_likes_post_id, post_likes.user_id AS post_likes_user_id, post_likes.created_at AS post_likes_created_at 
FROM post_likes 
WHERE %(param_1)s::UUID = post_likes.post_id
2026-03-06 23:45:02,766 INFO sqlalchemy.engine.Engine [cached since 3.772e+04s ago] {'param_1': UUID('8ea4f56d-4ff6-467d-94b9-d0b4476c6fce')}
2026-03-06 23:45:02,766 INFO sqlalchemy.engine.Engine SELECT post_likes.id AS post_likes_id, post_likes.post_id AS post_likes_post_id, post_likes.user_id AS post_likes_user_id, post_likes.created_at AS post_likes_created_at 
FROM post_likes 
WHERE %(param_1)s::UUID = post_likes.post_id
2026-03-06 23:45:02,766 INFO sqlalchemy.engine.Engine [cached since 3.772e+04s ago] {'param_1': UUID('f2ff4b63-8444-4f12-a102-60938c3fa067')}
2026-03-06 23:45:02,766 INFO sqlalchemy.engine.Engine SELECT post_likes.id AS post_likes_id, post_likes.post_id AS post_likes_post_id, post_likes.user_id AS post_likes_user_id, post_likes.created_at AS post_likes_created_at 
FROM post_likes 
WHERE %(param_1)s::UUID = post_likes.post_id
2026-03-06 23:45:02,767 INFO sqlalchemy.engine.Engine [cached since 3.772e+04s ago] {'param_1': UUID('afcdbf47-93c9-499b-b287-fc9e8db0ee38')}
2026-03-06 23:45:02,767 INFO sqlalchemy.engine.Engine SELECT post_likes.id AS post_likes_id, post_likes.post_id AS post_likes_post_id, post_likes.user_id AS post_likes_user_id, post_likes.created_at AS post_likes_created_at 
FROM post_likes 
WHERE %(param_1)s::UUID = post_likes.post_id
2026-03-06 23:45:02,767 INFO sqlalchemy.engine.Engine [cached since 3.772e+04s ago] {'param_1': UUID('a14f4a96-55cc-49fc-9323-22fb9e27f218')}
2026-03-06 23:45:02,767 INFO sqlalchemy.engine.Engine SELECT post_likes.id AS post_likes_id, post_likes.post_id AS post_likes_post_id, post_likes.user_id AS post_likes_user_id, post_likes.created_at AS post_likes_created_at 
FROM post_likes 
WHERE %(param_1)s::UUID = post_likes.post_id
2026-03-06 23:45:02,767 INFO sqlalchemy.engine.Engine [cached since 3.772e+04s ago] {'param_1': UUID('58abbaa1-4680-4f63-92e3-bc3b0d0552d4')}
2026-03-06 23:45:02,767 INFO sqlalchemy.engine.Engine SELECT post_likes.id AS post_likes_id, post_likes.post_id AS post_likes_post_id, post_likes.user_id AS post_likes_user_id, post_likes.created_at AS post_likes_created_at 
FROM post_likes 
WHERE %(param_1)s::UUID = post_likes.post_id
2026-03-06 23:45:02,767 INFO sqlalchemy.engine.Engine [cached since 3.772e+04s ago] {'param_1': UUID('a54ea154-5211-452e-a551-d3aea68c1259')}
2026-03-06 23:45:02,768 INFO sqlalchemy.engine.Engine SELECT post_likes.id AS post_likes_id, post_likes.post_id AS post_likes_post_id, post_likes.user_id AS post_likes_user_id, post_likes.created_at AS post_likes_created_at 
FROM post_likes 
WHERE %(param_1)s::UUID = post_likes.post_id
2026-03-06 23:45:02,768 INFO sqlalchemy.engine.Engine [cached since 3.772e+04s ago] {'param_1': UUID('d7bdd0e6-56cc-4a82-a80b-a1db7c7b511f')}
2026-03-06 23:45:02,768 INFO sqlalchemy.engine.Engine SELECT post_likes.id AS post_likes_id, post_likes.post_id AS post_likes_post_id, post_likes.user_id AS post_likes_user_id, post_likes.created_at AS post_likes_created_at 
FROM post_likes 
WHERE %(param_1)s::UUID = post_likes.post_id
2026-03-06 23:45:02,768 INFO sqlalchemy.engine.Engine [cached since 3.772e+04s ago] {'param_1': UUID('c272fdcc-f35b-4337-8e6d-9383aaeec194')}
2026-03-06 23:45:02,768 INFO sqlalchemy.engine.Engine SELECT post_likes.id AS post_likes_id, post_likes.post_id AS post_likes_post_id, post_likes.user_id AS post_likes_user_id, post_likes.created_at AS post_likes_created_at 
FROM post_likes 
WHERE %(param_1)s::UUID = post_likes.post_id
2026-03-06 23:45:02,768 INFO sqlalchemy.engine.Engine [cached since 3.772e+04s ago] {'param_1': UUID('00a8f5ff-e5c9-40c4-9d3d-a83681fbf0e4')}
2026-03-06 23:45:02,768 INFO sqlalchemy.engine.Engine SELECT post_likes.id AS post_likes_id, post_likes.post_id AS post_likes_post_id, post_likes.user_id AS post_likes_user_id, post_likes.created_at AS post_likes_created_at 
FROM post_likes 
WHERE %(param_1)s::UUID = post_likes.post_id
2026-03-06 23:45:02,768 INFO sqlalchemy.engine.Engine [cached since 3.772e+04s ago] {'param_1': UUID('276e39a3-4ee1-4bbc-85f9-637e5cb9751b')}
2026-03-06 23:45:02,769 INFO sqlalchemy.engine.Engine SELECT post_likes.id AS post_likes_id, post_likes.post_id AS post_likes_post_id, post_likes.user_id AS post_likes_user_id, post_likes.created_at AS post_likes_created_at 
FROM post_likes 
WHERE %(param_1)s::UUID = post_likes.post_id
2026-03-06 23:45:02,769 INFO sqlalchemy.engine.Engine [cached since 3.772e+04s ago] {'param_1': UUID('bed4d1a3-18b0-4d38-bc7a-189819a649eb')}
2026-03-06 23:45:02,769 INFO sqlalchemy.engine.Engine SELECT post_likes.id AS post_likes_id, post_likes.post_id AS post_likes_post_id, post_likes.user_id AS post_likes_user_id, post_likes.created_at AS post_likes_created_at 
FROM post_likes 
WHERE %(param_1)s::UUID = post_likes.post_id
2026-03-06 23:45:02,769 INFO sqlalchemy.engine.Engine [cached since 3.772e+04s ago] {'param_1': UUID('2bcfef98-4ccf-4440-ab85-7484c368283f')}
2026-03-06 23:45:02,770 INFO sqlalchemy.engine.Engine SELECT post_likes.id AS post_likes_id, post_likes.post_id AS post_likes_post_id, post_likes.user_id AS post_likes_user_id, post_likes.created_at AS post_likes_created_at 
FROM post_likes 
WHERE %(param_1)s::UUID = post_likes.post_id
2026-03-06 23:45:02,770 INFO sqlalchemy.engine.Engine [cached since 3.772e+04s ago] {'param_1': UUID('55a44323-55eb-4df1-aef5-43798d3a0893')}
2026-03-06 23:45:02,770 INFO sqlalchemy.engine.Engine SELECT post_likes.id AS post_likes_id, post_likes.post_id AS post_likes_post_id, post_likes.user_id AS post_likes_user_id, post_likes.created_at AS post_likes_created_at 
FROM post_likes 
WHERE %(param_1)s::UUID = post_likes.post_id
2026-03-06 23:45:02,770 INFO sqlalchemy.engine.Engine [cached since 3.772e+04s ago] {'param_1': UUID('caa77e1b-50ba-4395-b180-744c84b21209')}
2026-03-06 23:45:02,770 INFO sqlalchemy.engine.Engine SELECT post_likes.id AS post_likes_id, post_likes.post_id AS post_likes_post_id, post_likes.user_id AS post_likes_user_id, post_likes.created_at AS post_likes_created_at 
FROM post_likes 
WHERE %(param_1)s::UUID = post_likes.post_id
2026-03-06 23:45:02,770 INFO sqlalchemy.engine.Engine [cached since 3.772e+04s ago] {'param_1': UUID('ed0bae39-84ae-4f2e-a55f-565b8e8507f0')}
2026-03-06 23:45:02,771 INFO sqlalchemy.engine.Engine SELECT post_likes.id AS post_likes_id, post_likes.post_id AS post_likes_post_id, post_likes.user_id AS post_likes_user_id, post_likes.created_at AS post_likes_created_at 
FROM post_likes 
WHERE %(param_1)s::UUID = post_likes.post_id
2026-03-06 23:45:02,771 INFO sqlalchemy.engine.Engine [cached since 3.772e+04s ago] {'param_1': UUID('36e96cd5-9ff3-48f8-9912-3e682e261dbe')}
2026-03-06 23:45:02,771 INFO sqlalchemy.engine.Engine SELECT post_likes.id AS post_likes_id, post_likes.post_id AS post_likes_post_id, post_likes.user_id AS post_likes_user_id, post_likes.created_at AS post_likes_created_at 
FROM post_likes 
WHERE %(param_1)s::UUID = post_likes.post_id
2026-03-06 23:45:02,771 INFO sqlalchemy.engine.Engine [cached since 3.772e+04s ago] {'param_1': UUID('4661eb8b-561f-4682-8a46-fbf2e17a38d4')}
2026-03-06 23:45:02,771 INFO sqlalchemy.engine.Engine SELECT post_likes.id AS post_likes_id, post_likes.post_id AS post_likes_post_id, post_likes.user_id AS post_likes_user_id, post_likes.created_at AS post_likes_created_at 
FROM post_likes 
WHERE %(param_1)s::UUID = post_likes.post_id
2026-03-06 23:45:02,772 INFO sqlalchemy.engine.Engine [cached since 3.772e+04s ago] {'param_1': UUID('65de6fb3-bf0e-436a-99c0-42463c3a837a')}
2026-03-06 23:45:02,772 INFO sqlalchemy.engine.Engine SELECT post_likes.id AS post_likes_id, post_likes.post_id AS post_likes_post_id, post_likes.user_id AS post_likes_user_id, post_likes.created_at AS post_likes_created_at 
FROM post_likes 
WHERE %(param_1)s::UUID = post_likes.post_id
2026-03-06 23:45:02,772 INFO sqlalchemy.engine.Engine [cached since 3.772e+04s ago] {'param_1': UUID('f556cfdd-3750-4509-af62-e5ff4eca61e4')}
2026-03-06 23:45:02,772 INFO sqlalchemy.engine.Engine SELECT post_likes.id AS post_likes_id, post_likes.post_id AS post_likes_post_id, post_likes.user_id AS post_likes_user_id, post_likes.created_at AS post_likes_created_at 
FROM post_likes 
WHERE %(param_1)s::UUID = post_likes.post_id
2026-03-06 23:45:02,772 INFO sqlalchemy.engine.Engine [cached since 3.772e+04s ago] {'param_1': UUID('f66e5b73-9b08-4342-9be3-bf1229aa3ce4')}
2026-03-06 23:45:02,773 INFO sqlalchemy.engine.Engine SELECT post_likes.id AS post_likes_id, post_likes.post_id AS post_likes_post_id, post_likes.user_id AS post_likes_user_id, post_likes.created_at AS post_likes_created_at 
FROM post_likes 
WHERE %(param_1)s::UUID = post_likes.post_id
2026-03-06 23:45:02,773 INFO sqlalchemy.engine.Engine [cached since 3.772e+04s ago] {'param_1': UUID('13cbdcf9-c8d7-43a6-8b7c-fd830ae38cf0')}
2026-03-06 23:45:02,773 INFO sqlalchemy.engine.Engine SELECT post_likes.id AS post_likes_id, post_likes.post_id AS post_likes_post_id, post_likes.user_id AS post_likes_user_id, post_likes.created_at AS post_likes_created_at 
FROM post_likes 
WHERE %(param_1)s::UUID = post_likes.post_id
2026-03-06 23:45:02,773 INFO sqlalchemy.engine.Engine [cached since 3.772e+04s ago] {'param_1': UUID('bbe9581a-7d83-4eed-a8b7-a9a9264cc6eb')}
2026-03-06 23:45:02,773 INFO sqlalchemy.engine.Engine SELECT post_likes.id AS post_likes_id, post_likes.post_id AS post_likes_post_id, post_likes.user_id AS post_likes_user_id, post_likes.created_at AS post_likes_created_at 
FROM post_likes 
WHERE %(param_1)s::UUID = post_likes.post_id
2026-03-06 23:45:02,773 INFO sqlalchemy.engine.Engine [cached since 3.772e+04s ago] {'param_1': UUID('dfb1c314-9d7e-4167-83b0-efb7eca6a666')}
2026-03-06 23:45:02,774 INFO sqlalchemy.engine.Engine SELECT post_likes.id AS post_likes_id, post_likes.post_id AS post_likes_post_id, post_likes.user_id AS post_likes_user_id, post_likes.created_at AS post_likes_created_at 
FROM post_likes 
WHERE %(param_1)s::UUID = post_likes.post_id
2026-03-06 23:45:02,774 INFO sqlalchemy.engine.Engine [cached since 3.772e+04s ago] {'param_1': UUID('215fd7e5-4819-4f08-978d-cc8cf24f54fd')}
2026-03-06 23:45:02,774 INFO sqlalchemy.engine.Engine SELECT post_likes.id AS post_likes_id, post_likes.post_id AS post_likes_post_id, post_likes.user_id AS post_likes_user_id, post_likes.created_at AS post_likes_created_at 
FROM post_likes 
WHERE %(param_1)s::UUID = post_likes.post_id
2026-03-06 23:45:02,774 INFO sqlalchemy.engine.Engine [cached since 3.772e+04s ago] {'param_1': UUID('4e55cb12-ec46-4704-aef8-691785eb6593')}
2026-03-06 23:45:02,774 INFO sqlalchemy.engine.Engine SELECT post_likes.id AS post_likes_id, post_likes.post_id AS post_likes_post_id, post_likes.user_id AS post_likes_user_id, post_likes.created_at AS post_likes_created_at 
FROM post_likes 
WHERE %(param_1)s::UUID = post_likes.post_id
2026-03-06 23:45:02,774 INFO sqlalchemy.engine.Engine [cached since 3.772e+04s ago] {'param_1': UUID('0bd41a46-1e84-4003-9ae5-fabef8352886')}
2026-03-06 23:45:02,775 INFO sqlalchemy.engine.Engine SELECT post_likes.id AS post_likes_id, post_likes.post_id AS post_likes_post_id, post_likes.user_id AS post_likes_user_id, post_likes.created_at AS post_likes_created_at 
FROM post_likes 
WHERE %(param_1)s::UUID = post_likes.post_id
2026-03-06 23:45:02,775 INFO sqlalchemy.engine.Engine [cached since 3.772e+04s ago] {'param_1': UUID('ba4439a3-b4e8-48a7-9959-5d2d7a18e01f')}
2026-03-06 23:45:02,775 INFO sqlalchemy.engine.Engine SELECT users.id AS users_id, users.email AS users_email, users.username AS users_username, users.name AS users_name, users.password_hash AS users_password_hash, users.graduation_year AS users_graduation_year, users.bio AS users_bio, users.location AS users_location, users."current_role" AS users_current_role, users.profile_image_url AS users_profile_image_url, users.phone AS users_phone, users.linkedin_url AS users_linkedin_url, users.github_url AS users_github_url, users.twitter_handle AS users_twitter_handle, users.following_count AS users_following_count, users.followers_count AS users_followers_count, users.post_count AS users_post_count, users.is_active AS users_is_active, users.is_verified AS users_is_verified, users.role AS users_role, users.created_at AS users_created_at, users.updated_at AS users_updated_at, users.last_login_at AS users_last_login_at 
FROM users 
WHERE users.id = %(pk_1)s::UUID
2026-03-06 23:45:02,775 INFO sqlalchemy.engine.Engine [cached since 3.772e+04s ago] {'pk_1': UUID('de320988-89c2-422e-b678-50641b34c157')}
2026-03-06 23:45:02,775 INFO sqlalchemy.engine.Engine SELECT users.id AS users_id, users.email AS users_email, users.username AS users_username, users.name AS users_name, users.password_hash AS users_password_hash, users.graduation_year AS users_graduation_year, users.bio AS users_bio, users.location AS users_location, users."current_role" AS users_current_role, users.profile_image_url AS users_profile_image_url, users.phone AS users_phone, users.linkedin_url AS users_linkedin_url, users.github_url AS users_github_url, users.twitter_handle AS users_twitter_handle, users.following_count AS users_following_count, users.followers_count AS users_followers_count, users.post_count AS users_post_count, users.is_active AS users_is_active, users.is_verified AS users_is_verified, users.role AS users_role, users.created_at AS users_created_at, users.updated_at AS users_updated_at, users.last_login_at AS users_last_login_at 
FROM users 
WHERE users.id = %(pk_1)s::UUID
2026-03-06 23:45:02,775 INFO sqlalchemy.engine.Engine [cached since 3.772e+04s ago] {'pk_1': UUID('b6254dbe-aae1-49be-8ff3-c89050e36bdd')}
2026-03-06 23:45:02,776 INFO sqlalchemy.engine.Engine SELECT users.id AS users_id, users.email AS users_email, users.username AS users_username, users.name AS users_name, users.password_hash AS users_password_hash, users.graduation_year AS users_graduation_year, users.bio AS users_bio, users.location AS users_location, users."current_role" AS users_current_role, users.profile_image_url AS users_profile_image_url, users.phone AS users_phone, users.linkedin_url AS users_linkedin_url, users.github_url AS users_github_url, users.twitter_handle AS users_twitter_handle, users.following_count AS users_following_count, users.followers_count AS users_followers_count, users.post_count AS users_post_count, users.is_active AS users_is_active, users.is_verified AS users_is_verified, users.role AS users_role, users.created_at AS users_created_at, users.updated_at AS users_updated_at, users.last_login_at AS users_last_login_at 
FROM users 
WHERE users.id = %(pk_1)s::UUID
2026-03-06 23:45:02,776 INFO sqlalchemy.engine.Engine [cached since 3.772e+04s ago] {'pk_1': UUID('67c3d747-c055-43c6-b140-b531a06f8216')}
2026-03-06 23:45:02,776 INFO sqlalchemy.engine.Engine SELECT users.id AS users_id, users.email AS users_email, users.username AS users_username, users.name AS users_name, users.password_hash AS users_password_hash, users.graduation_year AS users_graduation_year, users.bio AS users_bio, users.location AS users_location, users."current_role" AS users_current_role, users.profile_image_url AS users_profile_image_url, users.phone AS users_phone, users.linkedin_url AS users_linkedin_url, users.github_url AS users_github_url, users.twitter_handle AS users_twitter_handle, users.following_count AS users_following_count, users.followers_count AS users_followers_count, users.post_count AS users_post_count, users.is_active AS users_is_active, users.is_verified AS users_is_verified, users.role AS users_role, users.created_at AS users_created_at, users.updated_at AS users_updated_at, users.last_login_at AS users_last_login_at 
FROM users 
WHERE users.id = %(pk_1)s::UUID
2026-03-06 23:45:02,776 INFO sqlalchemy.engine.Engine [cached since 3.772e+04s ago] {'pk_1': UUID('3f3ee1f3-c4ca-4f0b-87ab-8234cf974028')}
2026-03-06 23:45:02,777 INFO sqlalchemy.engine.Engine SELECT users.id AS users_id, users.email AS users_email, users.username AS users_username, users.name AS users_name, users.password_hash AS users_password_hash, users.graduation_year AS users_graduation_year, users.bio AS users_bio, users.location AS users_location, users."current_role" AS users_current_role, users.profile_image_url AS users_profile_image_url, users.phone AS users_phone, users.linkedin_url AS users_linkedin_url, users.github_url AS users_github_url, users.twitter_handle AS users_twitter_handle, users.following_count AS users_following_count, users.followers_count AS users_followers_count, users.post_count AS users_post_count, users.is_active AS users_is_active, users.is_verified AS users_is_verified, users.role AS users_role, users.created_at AS users_created_at, users.updated_at AS users_updated_at, users.last_login_at AS users_last_login_at 
FROM users 
WHERE users.id = %(pk_1)s::UUID
2026-03-06 23:45:02,777 INFO sqlalchemy.engine.Engine [cached since 3.772e+04s ago] {'pk_1': UUID('7c392ee0-f071-4277-a074-7c8ed282a2b7')}
2026-03-06 23:45:02,777 INFO sqlalchemy.engine.Engine SELECT users.id AS users_id, users.email AS users_email, users.username AS users_username, users.name AS users_name, users.password_hash AS users_password_hash, users.graduation_year AS users_graduation_year, users.bio AS users_bio, users.location AS users_location, users."current_role" AS users_current_role, users.profile_image_url AS users_profile_image_url, users.phone AS users_phone, users.linkedin_url AS users_linkedin_url, users.github_url AS users_github_url, users.twitter_handle AS users_twitter_handle, users.following_count AS users_following_count, users.followers_count AS users_followers_count, users.post_count AS users_post_count, users.is_active AS users_is_active, users.is_verified AS users_is_verified, users.role AS users_role, users.created_at AS users_created_at, users.updated_at AS users_updated_at, users.last_login_at AS users_last_login_at 
FROM users 
WHERE users.id = %(pk_1)s::UUID
2026-03-06 23:45:02,777 INFO sqlalchemy.engine.Engine [cached since 3.772e+04s ago] {'pk_1': UUID('4c68130b-ef88-4056-abca-743c903a2ee9')}
2026-03-06 23:45:02,778 INFO sqlalchemy.engine.Engine SELECT users.id AS users_id, users.email AS users_email, users.username AS users_username, users.name AS users_name, users.password_hash AS users_password_hash, users.graduation_year AS users_graduation_year, users.bio AS users_bio, users.location AS users_location, users."current_role" AS users_current_role, users.profile_image_url AS users_profile_image_url, users.phone AS users_phone, users.linkedin_url AS users_linkedin_url, users.github_url AS users_github_url, users.twitter_handle AS users_twitter_handle, users.following_count AS users_following_count, users.followers_count AS users_followers_count, users.post_count AS users_post_count, users.is_active AS users_is_active, users.is_verified AS users_is_verified, users.role AS users_role, users.created_at AS users_created_at, users.updated_at AS users_updated_at, users.last_login_at AS users_last_login_at 
FROM users 
WHERE users.id = %(pk_1)s::UUID
2026-03-06 23:45:02,778 INFO sqlalchemy.engine.Engine [cached since 3.772e+04s ago] {'pk_1': UUID('06622cd2-be07-4627-9a40-40a808ea6675')}
2026-03-06 23:45:02,779 INFO sqlalchemy.engine.Engine SELECT users.id AS users_id, users.email AS users_email, users.username AS users_username, users.name AS users_name, users.password_hash AS users_password_hash, users.graduation_year AS users_graduation_year, users.bio AS users_bio, users.location AS users_location, users."current_role" AS users_current_role, users.profile_image_url AS users_profile_image_url, users.phone AS users_phone, users.linkedin_url AS users_linkedin_url, users.github_url AS users_github_url, users.twitter_handle AS users_twitter_handle, users.following_count AS users_following_count, users.followers_count AS users_followers_count, users.post_count AS users_post_count, users.is_active AS users_is_active, users.is_verified AS users_is_verified, users.role AS users_role, users.created_at AS users_created_at, users.updated_at AS users_updated_at, users.last_login_at AS users_last_login_at 
FROM users 
WHERE users.id = %(pk_1)s::UUID
2026-03-06 23:45:02,779 INFO sqlalchemy.engine.Engine [cached since 3.772e+04s ago] {'pk_1': UUID('9b5e1b44-fc62-463b-aa97-b27295eab70d')}
INFO:     127.0.0.1:60754 - "GET /api/posts/?skip=0&limit=100 HTTP/1.1" 200 OK
2026-03-06 23:45:02,780 INFO sqlalchemy.engine.Engine ROLLBACK
2026-03-06 23:45:02,785 INFO sqlalchemy.engine.Engine BEGIN (implicit)
2026-03-06 23:45:02,785 INFO sqlalchemy.engine.Engine SELECT users.id AS users_id, users.email AS users_email, users.username AS users_username, users.name AS users_name, users.password_hash AS users_password_hash, users.graduation_year AS users_graduation_year, users.bio AS users_bio, users.location AS users_location, users."current_role" AS users_current_role, users.profile_image_url AS users_profile_image_url, users.phone AS users_phone, users.linkedin_url AS users_linkedin_url, users.github_url AS users_github_url, users.twitter_handle AS users_twitter_handle, users.following_count AS users_following_count, users.followers_count AS users_followers_count, users.post_count AS users_post_count, users.is_active AS users_is_active, users.is_verified AS users_is_verified, users.role AS users_role, users.created_at AS users_created_at, users.updated_at AS users_updated_at, users.last_login_at AS users_last_login_at 
FROM users 
WHERE users.id = %(id_1)s::UUID 
 LIMIT %(param_1)s
2026-03-06 23:45:02,786 INFO sqlalchemy.engine.Engine [cached since 3.772e+04s ago] {'id_1': '39bc41c3-4c14-4803-9916-1ac891e4a1d1', 'param_1': 1}
2026-03-06 23:45:02,787 INFO sqlalchemy.engine.Engine SELECT posts.id AS posts_id, posts.user_id AS posts_user_id, posts.content AS posts_content, posts.media_urls AS posts_media_urls, posts.tag AS posts_tag, posts.likes_count AS posts_likes_count, posts.comments_count AS posts_comments_count, posts.reposts_count AS posts_reposts_count, posts.is_public AS posts_is_public, posts.is_anonymous AS posts_is_anonymous, posts.created_at AS posts_created_at, posts.updated_at AS posts_updated_at 
FROM posts 
WHERE posts.is_public = true ORDER BY posts.created_at DESC 
 LIMIT %(param_1)s OFFSET %(param_2)s
2026-03-06 23:45:02,787 INFO sqlalchemy.engine.Engine [cached since 3.772e+04s ago] {'param_1': 100, 'param_2': 0}
2026-03-06 23:45:02,789 INFO sqlalchemy.engine.Engine SELECT post_likes.id AS post_likes_id, post_likes.post_id AS post_likes_post_id, post_likes.user_id AS post_likes_user_id, post_likes.created_at AS post_likes_created_at 
FROM post_likes 
WHERE %(param_1)s::UUID = post_likes.post_id
2026-03-06 23:45:02,789 INFO sqlalchemy.engine.Engine [cached since 3.772e+04s ago] {'param_1': UUID('8f9eb428-d564-48bf-b4d9-6b6b261541df')}
2026-03-06 23:45:02,789 INFO sqlalchemy.engine.Engine SELECT post_likes.id AS post_likes_id, post_likes.post_id AS post_likes_post_id, post_likes.user_id AS post_likes_user_id, post_likes.created_at AS post_likes_created_at 
FROM post_likes 
WHERE %(param_1)s::UUID = post_likes.post_id
2026-03-06 23:45:02,789 INFO sqlalchemy.engine.Engine [cached since 3.772e+04s ago] {'param_1': UUID('04471309-cb15-47f0-971d-76bb5af0f165')}
2026-03-06 23:45:02,790 INFO sqlalchemy.engine.Engine SELECT post_likes.id AS post_likes_id, post_likes.post_id AS post_likes_post_id, post_likes.user_id AS post_likes_user_id, post_likes.created_at AS post_likes_created_at 
FROM post_likes 
WHERE %(param_1)s::UUID = post_likes.post_id
2026-03-06 23:45:02,790 INFO sqlalchemy.engine.Engine [cached since 3.772e+04s ago] {'param_1': UUID('73f268f4-6baf-41c2-a7be-dc7129ae9aea')}
2026-03-06 23:45:02,790 INFO sqlalchemy.engine.Engine SELECT post_likes.id AS post_likes_id, post_likes.post_id AS post_likes_post_id, post_likes.user_id AS post_likes_user_id, post_likes.created_at AS post_likes_created_at 
FROM post_likes 
WHERE %(param_1)s::UUID = post_likes.post_id
2026-03-06 23:45:02,790 INFO sqlalchemy.engine.Engine [cached since 3.772e+04s ago] {'param_1': UUID('1cb9890a-3bf2-41f6-b61d-346569f9edc8')}
2026-03-06 23:45:02,790 INFO sqlalchemy.engine.Engine SELECT post_likes.id AS post_likes_id, post_likes.post_id AS post_likes_post_id, post_likes.user_id AS post_likes_user_id, post_likes.created_at AS post_likes_created_at 
FROM post_likes 
WHERE %(param_1)s::UUID = post_likes.post_id
2026-03-06 23:45:02,790 INFO sqlalchemy.engine.Engine [cached since 3.772e+04s ago] {'param_1': UUID('8ea4f56d-4ff6-467d-94b9-d0b4476c6fce')}
2026-03-06 23:45:02,791 INFO sqlalchemy.engine.Engine SELECT post_likes.id AS post_likes_id, post_likes.post_id AS post_likes_post_id, post_likes.user_id AS post_likes_user_id, post_likes.created_at AS post_likes_created_at 
FROM post_likes 
WHERE %(param_1)s::UUID = post_likes.post_id
2026-03-06 23:45:02,791 INFO sqlalchemy.engine.Engine [cached since 3.772e+04s ago] {'param_1': UUID('f2ff4b63-8444-4f12-a102-60938c3fa067')}
2026-03-06 23:45:02,791 INFO sqlalchemy.engine.Engine SELECT post_likes.id AS post_likes_id, post_likes.post_id AS post_likes_post_id, post_likes.user_id AS post_likes_user_id, post_likes.created_at AS post_likes_created_at 
FROM post_likes 
WHERE %(param_1)s::UUID = post_likes.post_id
2026-03-06 23:45:02,791 INFO sqlalchemy.engine.Engine [cached since 3.772e+04s ago] {'param_1': UUID('afcdbf47-93c9-499b-b287-fc9e8db0ee38')}
2026-03-06 23:45:02,791 INFO sqlalchemy.engine.Engine SELECT post_likes.id AS post_likes_id, post_likes.post_id AS post_likes_post_id, post_likes.user_id AS post_likes_user_id, post_likes.created_at AS post_likes_created_at 
FROM post_likes 
WHERE %(param_1)s::UUID = post_likes.post_id
2026-03-06 23:45:02,791 INFO sqlalchemy.engine.Engine [cached since 3.772e+04s ago] {'param_1': UUID('a14f4a96-55cc-49fc-9323-22fb9e27f218')}
2026-03-06 23:45:02,791 INFO sqlalchemy.engine.Engine SELECT post_likes.id AS post_likes_id, post_likes.post_id AS post_likes_post_id, post_likes.user_id AS post_likes_user_id, post_likes.created_at AS post_likes_created_at 
FROM post_likes 
WHERE %(param_1)s::UUID = post_likes.post_id
2026-03-06 23:45:02,791 INFO sqlalchemy.engine.Engine [cached since 3.772e+04s ago] {'param_1': UUID('58abbaa1-4680-4f63-92e3-bc3b0d0552d4')}
2026-03-06 23:45:02,792 INFO sqlalchemy.engine.Engine SELECT post_likes.id AS post_likes_id, post_likes.post_id AS post_likes_post_id, post_likes.user_id AS post_likes_user_id, post_likes.created_at AS post_likes_created_at 
FROM post_likes 
WHERE %(param_1)s::UUID = post_likes.post_id
2026-03-06 23:45:02,792 INFO sqlalchemy.engine.Engine [cached since 3.772e+04s ago] {'param_1': UUID('a54ea154-5211-452e-a551-d3aea68c1259')}
2026-03-06 23:45:02,792 INFO sqlalchemy.engine.Engine SELECT post_likes.id AS post_likes_id, post_likes.post_id AS post_likes_post_id, post_likes.user_id AS post_likes_user_id, post_likes.created_at AS post_likes_created_at 
FROM post_likes 
WHERE %(param_1)s::UUID = post_likes.post_id
2026-03-06 23:45:02,792 INFO sqlalchemy.engine.Engine [cached since 3.772e+04s ago] {'param_1': UUID('d7bdd0e6-56cc-4a82-a80b-a1db7c7b511f')}
2026-03-06 23:45:02,792 INFO sqlalchemy.engine.Engine SELECT post_likes.id AS post_likes_id, post_likes.post_id AS post_likes_post_id, post_likes.user_id AS post_likes_user_id, post_likes.created_at AS post_likes_created_at 
FROM post_likes 
WHERE %(param_1)s::UUID = post_likes.post_id
2026-03-06 23:45:02,792 INFO sqlalchemy.engine.Engine [cached since 3.772e+04s ago] {'param_1': UUID('c272fdcc-f35b-4337-8e6d-9383aaeec194')}
2026-03-06 23:45:02,792 INFO sqlalchemy.engine.Engine SELECT post_likes.id AS post_likes_id, post_likes.post_id AS post_likes_post_id, post_likes.user_id AS post_likes_user_id, post_likes.created_at AS post_likes_created_at 
FROM post_likes 
WHERE %(param_1)s::UUID = post_likes.post_id
2026-03-06 23:45:02,792 INFO sqlalchemy.engine.Engine [cached since 3.772e+04s ago] {'param_1': UUID('00a8f5ff-e5c9-40c4-9d3d-a83681fbf0e4')}
2026-03-06 23:45:02,793 INFO sqlalchemy.engine.Engine SELECT post_likes.id AS post_likes_id, post_likes.post_id AS post_likes_post_id, post_likes.user_id AS post_likes_user_id, post_likes.created_at AS post_likes_created_at 
FROM post_likes 
WHERE %(param_1)s::UUID = post_likes.post_id
2026-03-06 23:45:02,793 INFO sqlalchemy.engine.Engine [cached since 3.772e+04s ago] {'param_1': UUID('276e39a3-4ee1-4bbc-85f9-637e5cb9751b')}
2026-03-06 23:45:02,793 INFO sqlalchemy.engine.Engine SELECT post_likes.id AS post_likes_id, post_likes.post_id AS post_likes_post_id, post_likes.user_id AS post_likes_user_id, post_likes.created_at AS post_likes_created_at 
FROM post_likes 
WHERE %(param_1)s::UUID = post_likes.post_id
2026-03-06 23:45:02,793 INFO sqlalchemy.engine.Engine [cached since 3.772e+04s ago] {'param_1': UUID('bed4d1a3-18b0-4d38-bc7a-189819a649eb')}
2026-03-06 23:45:02,793 INFO sqlalchemy.engine.Engine SELECT post_likes.id AS post_likes_id, post_likes.post_id AS post_likes_post_id, post_likes.user_id AS post_likes_user_id, post_likes.created_at AS post_likes_created_at 
FROM post_likes 
WHERE %(param_1)s::UUID = post_likes.post_id
2026-03-06 23:45:02,793 INFO sqlalchemy.engine.Engine [cached since 3.772e+04s ago] {'param_1': UUID('2bcfef98-4ccf-4440-ab85-7484c368283f')}
2026-03-06 23:45:02,793 INFO sqlalchemy.engine.Engine SELECT post_likes.id AS post_likes_id, post_likes.post_id AS post_likes_post_id, post_likes.user_id AS post_likes_user_id, post_likes.created_at AS post_likes_created_at 
FROM post_likes 
WHERE %(param_1)s::UUID = post_likes.post_id
2026-03-06 23:45:02,793 INFO sqlalchemy.engine.Engine [cached since 3.772e+04s ago] {'param_1': UUID('55a44323-55eb-4df1-aef5-43798d3a0893')}
2026-03-06 23:45:02,794 INFO sqlalchemy.engine.Engine SELECT post_likes.id AS post_likes_id, post_likes.post_id AS post_likes_post_id, post_likes.user_id AS post_likes_user_id, post_likes.created_at AS post_likes_created_at 
FROM post_likes 
WHERE %(param_1)s::UUID = post_likes.post_id
2026-03-06 23:45:02,794 INFO sqlalchemy.engine.Engine [cached since 3.772e+04s ago] {'param_1': UUID('caa77e1b-50ba-4395-b180-744c84b21209')}
2026-03-06 23:45:02,794 INFO sqlalchemy.engine.Engine SELECT post_likes.id AS post_likes_id, post_likes.post_id AS post_likes_post_id, post_likes.user_id AS post_likes_user_id, post_likes.created_at AS post_likes_created_at 
FROM post_likes 
WHERE %(param_1)s::UUID = post_likes.post_id
2026-03-06 23:45:02,794 INFO sqlalchemy.engine.Engine [cached since 3.772e+04s ago] {'param_1': UUID('ed0bae39-84ae-4f2e-a55f-565b8e8507f0')}
2026-03-06 23:45:02,794 INFO sqlalchemy.engine.Engine SELECT post_likes.id AS post_likes_id, post_likes.post_id AS post_likes_post_id, post_likes.user_id AS post_likes_user_id, post_likes.created_at AS post_likes_created_at 
FROM post_likes 
WHERE %(param_1)s::UUID = post_likes.post_id
2026-03-06 23:45:02,794 INFO sqlalchemy.engine.Engine [cached since 3.772e+04s ago] {'param_1': UUID('36e96cd5-9ff3-48f8-9912-3e682e261dbe')}
2026-03-06 23:45:02,794 INFO sqlalchemy.engine.Engine SELECT post_likes.id AS post_likes_id, post_likes.post_id AS post_likes_post_id, post_likes.user_id AS post_likes_user_id, post_likes.created_at AS post_likes_created_at 
FROM post_likes 
WHERE %(param_1)s::UUID = post_likes.post_id
2026-03-06 23:45:02,794 INFO sqlalchemy.engine.Engine [cached since 3.772e+04s ago] {'param_1': UUID('4661eb8b-561f-4682-8a46-fbf2e17a38d4')}
2026-03-06 23:45:02,795 INFO sqlalchemy.engine.Engine SELECT post_likes.id AS post_likes_id, post_likes.post_id AS post_likes_post_id, post_likes.user_id AS post_likes_user_id, post_likes.created_at AS post_likes_created_at 
FROM post_likes 
WHERE %(param_1)s::UUID = post_likes.post_id
2026-03-06 23:45:02,795 INFO sqlalchemy.engine.Engine [cached since 3.772e+04s ago] {'param_1': UUID('65de6fb3-bf0e-436a-99c0-42463c3a837a')}
2026-03-06 23:45:02,795 INFO sqlalchemy.engine.Engine SELECT post_likes.id AS post_likes_id, post_likes.post_id AS post_likes_post_id, post_likes.user_id AS post_likes_user_id, post_likes.created_at AS post_likes_created_at 
FROM post_likes 
WHERE %(param_1)s::UUID = post_likes.post_id
2026-03-06 23:45:02,795 INFO sqlalchemy.engine.Engine [cached since 3.772e+04s ago] {'param_1': UUID('f556cfdd-3750-4509-af62-e5ff4eca61e4')}
2026-03-06 23:45:02,795 INFO sqlalchemy.engine.Engine SELECT post_likes.id AS post_likes_id, post_likes.post_id AS post_likes_post_id, post_likes.user_id AS post_likes_user_id, post_likes.created_at AS post_likes_created_at 
FROM post_likes 
WHERE %(param_1)s::UUID = post_likes.post_id
2026-03-06 23:45:02,795 INFO sqlalchemy.engine.Engine [cached since 3.772e+04s ago] {'param_1': UUID('f66e5b73-9b08-4342-9be3-bf1229aa3ce4')}
2026-03-06 23:45:02,795 INFO sqlalchemy.engine.Engine SELECT post_likes.id AS post_likes_id, post_likes.post_id AS post_likes_post_id, post_likes.user_id AS post_likes_user_id, post_likes.created_at AS post_likes_created_at 
FROM post_likes 
WHERE %(param_1)s::UUID = post_likes.post_id
2026-03-06 23:45:02,795 INFO sqlalchemy.engine.Engine [cached since 3.772e+04s ago] {'param_1': UUID('13cbdcf9-c8d7-43a6-8b7c-fd830ae38cf0')}
2026-03-06 23:45:02,796 INFO sqlalchemy.engine.Engine SELECT post_likes.id AS post_likes_id, post_likes.post_id AS post_likes_post_id, post_likes.user_id AS post_likes_user_id, post_likes.created_at AS post_likes_created_at 
FROM post_likes 
WHERE %(param_1)s::UUID = post_likes.post_id
2026-03-06 23:45:02,796 INFO sqlalchemy.engine.Engine [cached since 3.772e+04s ago] {'param_1': UUID('bbe9581a-7d83-4eed-a8b7-a9a9264cc6eb')}
2026-03-06 23:45:02,796 INFO sqlalchemy.engine.Engine SELECT post_likes.id AS post_likes_id, post_likes.post_id AS post_likes_post_id, post_likes.user_id AS post_likes_user_id, post_likes.created_at AS post_likes_created_at 
FROM post_likes 
WHERE %(param_1)s::UUID = post_likes.post_id
2026-03-06 23:45:02,796 INFO sqlalchemy.engine.Engine [cached since 3.772e+04s ago] {'param_1': UUID('dfb1c314-9d7e-4167-83b0-efb7eca6a666')}
2026-03-06 23:45:02,796 INFO sqlalchemy.engine.Engine SELECT post_likes.id AS post_likes_id, post_likes.post_id AS post_likes_post_id, post_likes.user_id AS post_likes_user_id, post_likes.created_at AS post_likes_created_at 
FROM post_likes 
WHERE %(param_1)s::UUID = post_likes.post_id
2026-03-06 23:45:02,796 INFO sqlalchemy.engine.Engine [cached since 3.772e+04s ago] {'param_1': UUID('215fd7e5-4819-4f08-978d-cc8cf24f54fd')}
2026-03-06 23:45:02,797 INFO sqlalchemy.engine.Engine SELECT post_likes.id AS post_likes_id, post_likes.post_id AS post_likes_post_id, post_likes.user_id AS post_likes_user_id, post_likes.created_at AS post_likes_created_at 
FROM post_likes 
WHERE %(param_1)s::UUID = post_likes.post_id
2026-03-06 23:45:02,797 INFO sqlalchemy.engine.Engine [cached since 3.772e+04s ago] {'param_1': UUID('4e55cb12-ec46-4704-aef8-691785eb6593')}
2026-03-06 23:45:02,797 INFO sqlalchemy.engine.Engine SELECT post_likes.id AS post_likes_id, post_likes.post_id AS post_likes_post_id, post_likes.user_id AS post_likes_user_id, post_likes.created_at AS post_likes_created_at 
FROM post_likes 
WHERE %(param_1)s::UUID = post_likes.post_id
2026-03-06 23:45:02,797 INFO sqlalchemy.engine.Engine [cached since 3.772e+04s ago] {'param_1': UUID('0bd41a46-1e84-4003-9ae5-fabef8352886')}
2026-03-06 23:45:02,797 INFO sqlalchemy.engine.Engine SELECT post_likes.id AS post_likes_id, post_likes.post_id AS post_likes_post_id, post_likes.user_id AS post_likes_user_id, post_likes.created_at AS post_likes_created_at 
FROM post_likes 
WHERE %(param_1)s::UUID = post_likes.post_id
2026-03-06 23:45:02,797 INFO sqlalchemy.engine.Engine [cached since 3.772e+04s ago] {'param_1': UUID('ba4439a3-b4e8-48a7-9959-5d2d7a18e01f')}
2026-03-06 23:45:02,798 INFO sqlalchemy.engine.Engine SELECT users.id AS users_id, users.email AS users_email, users.username AS users_username, users.name AS users_name, users.password_hash AS users_password_hash, users.graduation_year AS users_graduation_year, users.bio AS users_bio, users.location AS users_location, users."current_role" AS users_current_role, users.profile_image_url AS users_profile_image_url, users.phone AS users_phone, users.linkedin_url AS users_linkedin_url, users.github_url AS users_github_url, users.twitter_handle AS users_twitter_handle, users.following_count AS users_following_count, users.followers_count AS users_followers_count, users.post_count AS users_post_count, users.is_active AS users_is_active, users.is_verified AS users_is_verified, users.role AS users_role, users.created_at AS users_created_at, users.updated_at AS users_updated_at, users.last_login_at AS users_last_login_at 
FROM users 
WHERE users.id = %(pk_1)s::UUID
2026-03-06 23:45:02,798 INFO sqlalchemy.engine.Engine [cached since 3.772e+04s ago] {'pk_1': UUID('de320988-89c2-422e-b678-50641b34c157')}
2026-03-06 23:45:02,798 INFO sqlalchemy.engine.Engine SELECT users.id AS users_id, users.email AS users_email, users.username AS users_username, users.name AS users_name, users.password_hash AS users_password_hash, users.graduation_year AS users_graduation_year, users.bio AS users_bio, users.location AS users_location, users."current_role" AS users_current_role, users.profile_image_url AS users_profile_image_url, users.phone AS users_phone, users.linkedin_url AS users_linkedin_url, users.github_url AS users_github_url, users.twitter_handle AS users_twitter_handle, users.following_count AS users_following_count, users.followers_count AS users_followers_count, users.post_count AS users_post_count, users.is_active AS users_is_active, users.is_verified AS users_is_verified, users.role AS users_role, users.created_at AS users_created_at, users.updated_at AS users_updated_at, users.last_login_at AS users_last_login_at 
FROM users 
WHERE users.id = %(pk_1)s::UUID
2026-03-06 23:45:02,798 INFO sqlalchemy.engine.Engine [cached since 3.772e+04s ago] {'pk_1': UUID('b6254dbe-aae1-49be-8ff3-c89050e36bdd')}
2026-03-06 23:45:02,798 INFO sqlalchemy.engine.Engine SELECT users.id AS users_id, users.email AS users_email, users.username AS users_username, users.name AS users_name, users.password_hash AS users_password_hash, users.graduation_year AS users_graduation_year, users.bio AS users_bio, users.location AS users_location, users."current_role" AS users_current_role, users.profile_image_url AS users_profile_image_url, users.phone AS users_phone, users.linkedin_url AS users_linkedin_url, users.github_url AS users_github_url, users.twitter_handle AS users_twitter_handle, users.following_count AS users_following_count, users.followers_count AS users_followers_count, users.post_count AS users_post_count, users.is_active AS users_is_active, users.is_verified AS users_is_verified, users.role AS users_role, users.created_at AS users_created_at, users.updated_at AS users_updated_at, users.last_login_at AS users_last_login_at 
FROM users 
WHERE users.id = %(pk_1)s::UUID
2026-03-06 23:45:02,798 INFO sqlalchemy.engine.Engine [cached since 3.772e+04s ago] {'pk_1': UUID('67c3d747-c055-43c6-b140-b531a06f8216')}
2026-03-06 23:45:02,799 INFO sqlalchemy.engine.Engine SELECT users.id AS users_id, users.email AS users_email, users.username AS users_username, users.name AS users_name, users.password_hash AS users_password_hash, users.graduation_year AS users_graduation_year, users.bio AS users_bio, users.location AS users_location, users."current_role" AS users_current_role, users.profile_image_url AS users_profile_image_url, users.phone AS users_phone, users.linkedin_url AS users_linkedin_url, users.github_url AS users_github_url, users.twitter_handle AS users_twitter_handle, users.following_count AS users_following_count, users.followers_count AS users_followers_count, users.post_count AS users_post_count, users.is_active AS users_is_active, users.is_verified AS users_is_verified, users.role AS users_role, users.created_at AS users_created_at, users.updated_at AS users_updated_at, users.last_login_at AS users_last_login_at 
FROM users 
WHERE users.id = %(pk_1)s::UUID
2026-03-06 23:45:02,799 INFO sqlalchemy.engine.Engine [cached since 3.772e+04s ago] {'pk_1': UUID('3f3ee1f3-c4ca-4f0b-87ab-8234cf974028')}
2026-03-06 23:45:02,799 INFO sqlalchemy.engine.Engine SELECT users.id AS users_id, users.email AS users_email, users.username AS users_username, users.name AS users_name, users.password_hash AS users_password_hash, users.graduation_year AS users_graduation_year, users.bio AS users_bio, users.location AS users_location, users."current_role" AS users_current_role, users.profile_image_url AS users_profile_image_url, users.phone AS users_phone, users.linkedin_url AS users_linkedin_url, users.github_url AS users_github_url, users.twitter_handle AS users_twitter_handle, users.following_count AS users_following_count, users.followers_count AS users_followers_count, users.post_count AS users_post_count, users.is_active AS users_is_active, users.is_verified AS users_is_verified, users.role AS users_role, users.created_at AS users_created_at, users.updated_at AS users_updated_at, users.last_login_at AS users_last_login_at 
FROM users 
WHERE users.id = %(pk_1)s::UUID
2026-03-06 23:45:02,799 INFO sqlalchemy.engine.Engine [cached since 3.772e+04s ago] {'pk_1': UUID('7c392ee0-f071-4277-a074-7c8ed282a2b7')}
2026-03-06 23:45:02,799 INFO sqlalchemy.engine.Engine SELECT users.id AS users_id, users.email AS users_email, users.username AS users_username, users.name AS users_name, users.password_hash AS users_password_hash, users.graduation_year AS users_graduation_year, users.bio AS users_bio, users.location AS users_location, users."current_role" AS users_current_role, users.profile_image_url AS users_profile_image_url, users.phone AS users_phone, users.linkedin_url AS users_linkedin_url, users.github_url AS users_github_url, users.twitter_handle AS users_twitter_handle, users.following_count AS users_following_count, users.followers_count AS users_followers_count, users.post_count AS users_post_count, users.is_active AS users_is_active, users.is_verified AS users_is_verified, users.role AS users_role, users.created_at AS users_created_at, users.updated_at AS users_updated_at, users.last_login_at AS users_last_login_at 
FROM users 
WHERE users.id = %(pk_1)s::UUID
2026-03-06 23:45:02,799 INFO sqlalchemy.engine.Engine [cached since 3.772e+04s ago] {'pk_1': UUID('4c68130b-ef88-4056-abca-743c903a2ee9')}
2026-03-06 23:45:02,800 INFO sqlalchemy.engine.Engine SELECT users.id AS users_id, users.email AS users_email, users.username AS users_username, users.name AS users_name, users.password_hash AS users_password_hash, users.graduation_year AS users_graduation_year, users.bio AS users_bio, users.location AS users_location, users."current_role" AS users_current_role, users.profile_image_url AS users_profile_image_url, users.phone AS users_phone, users.linkedin_url AS users_linkedin_url, users.github_url AS users_github_url, users.twitter_handle AS users_twitter_handle, users.following_count AS users_following_count, users.followers_count AS users_followers_count, users.post_count AS users_post_count, users.is_active AS users_is_active, users.is_verified AS users_is_verified, users.role AS users_role, users.created_at AS users_created_at, users.updated_at AS users_updated_at, users.last_login_at AS users_last_login_at 
FROM users 
WHERE users.id = %(pk_1)s::UUID
2026-03-06 23:45:02,800 INFO sqlalchemy.engine.Engine [cached since 3.772e+04s ago] {'pk_1': UUID('06622cd2-be07-4627-9a40-40a808ea6675')}
2026-03-06 23:45:02,800 INFO sqlalchemy.engine.Engine SELECT users.id AS users_id, users.email AS users_email, users.username AS users_username, users.name AS users_name, users.password_hash AS users_password_hash, users.graduation_year AS users_graduation_year, users.bio AS users_bio, users.location AS users_location, users."current_role" AS users_current_role, users.profile_image_url AS users_profile_image_url, users.phone AS users_phone, users.linkedin_url AS users_linkedin_url, users.github_url AS users_github_url, users.twitter_handle AS users_twitter_handle, users.following_count AS users_following_count, users.followers_count AS users_followers_count, users.post_count AS users_post_count, users.is_active AS users_is_active, users.is_verified AS users_is_verified, users.role AS users_role, users.created_at AS users_created_at, users.updated_at AS users_updated_at, users.last_login_at AS users_last_login_at 
FROM users 
WHERE users.id = %(pk_1)s::UUID
2026-03-06 23:45:02,800 INFO sqlalchemy.engine.Engine [cached since 3.772e+04s ago] {'pk_1': UUID('9b5e1b44-fc62-463b-aa97-b27295eab70d')}
INFO:     127.0.0.1:60756 - "GET /api/posts/?skip=0&limit=100 HTTP/1.1" 200 OK
2026-03-06 23:45:02,801 INFO sqlalchemy.engine.Engine ROLLBACK
